outcome	clase	prueba	inicio	duracion
Passed	Sillar.Api.Tests.ArranqueConModuloActivoAusenteTests	Sillar.Api.Tests.ArranqueConModuloActivoAusenteTests.Un_modulo_activo_que_el_binario_no_trae_impide_arrancar_al_host	2026-10-06T18:34:16.4087088-05:00	00:01:13.1501858
Passed	Sillar.Api.Tests.CierreM04SeguridadYCorreoTests	Sillar.Api.Tests.CierreM04SeguridadYCorreoTests.Criterio13_password_de_registro_no_aparece_en_respuesta_logs_ni_auditoria	2026-10-06T18:34:16.4087631-05:00	00:01:13.3924636
Passed	Sillar.Api.Tests.CierreM04SeguridadYCorreoTests	Sillar.Api.Tests.CierreM04SeguridadYCorreoTests.Criterio17_fallo_de_correo_de_un_registro_concreto_es_visible_para_admin	2026-10-06T18:35:29.9046636-05:00	00:00:41.3336987
Passed	Sillar.Api.Tests.ModulosEnElDespliegueTests	Sillar.Api.Tests.ModulosEnElDespliegueTests.Cada_modulo_del_repositorio_tiene_su_ensamblado_junto_al_host	2026-10-06T18:34:16.4078704-05:00	00:00:00.1973298
Passed	Sillar.Core.Tests.ActivacionConSchemaTests	Sillar.Core.Tests.ActivacionConSchemaTests.Al_negarse_el_estado_previo_queda_intacto	2026-10-06T18:35:19.9261241-05:00	00:00:09.9682943
Passed	Sillar.Core.Tests.ActivacionConSchemaTests	Sillar.Core.Tests.ActivacionConSchemaTests.Con_su_schema_presente_el_modulo_se_activa	2026-10-06T18:35:49.7510253-05:00	00:00:09.5237919
Passed	Sillar.Core.Tests.ActivacionConSchemaTests	Sillar.Core.Tests.ActivacionConSchemaTests.El_error_nombra_el_modulo_el_schema_la_base_y_que_hacer	2026-10-06T18:34:54.1621070-05:00	00:00:13.8002402
Passed	Sillar.Core.Tests.ActivacionConSchemaTests	Sillar.Core.Tests.ActivacionConSchemaTests.Los_modulos_de_demostracion_sin_schema_se_siguen_activando	2026-10-06T18:35:29.8954357-05:00	00:00:10.1322901
Passed	Sillar.Core.Tests.ActivacionConSchemaTests	Sillar.Core.Tests.ActivacionConSchemaTests.Sin_su_schema_el_modulo_no_se_activa	2026-10-06T18:35:40.0544427-05:00	00:00:09.6951654
Passed	Sillar.Core.Tests.ActivacionConSchemaTests	Sillar.Core.Tests.ActivacionConSchemaTests.Tras_una_instalacion_correcta_los_modulos_reales_tienen_su_schema_y_se_activan	2026-10-06T18:35:07.9659726-05:00	00:00:11.9526854
Passed	Sillar.Core.Tests.ActivacionConSchemaTests	Sillar.Core.Tests.ActivacionConSchemaTests.Un_modulo_real_sin_su_schema_no_se_activa_aunque_otros_si_lo_tengan	2026-10-06T18:34:18.5067624-05:00	00:00:35.6412323
Passed	Sillar.Core.Tests.ActivacionConSchemaTests	Sillar.Core.Tests.ActivacionConSchemaTests.Una_averia_distinta_no_se_convierte_en_falta_el_schema	2026-10-06T18:35:40.0297039-05:00	00:00:00.0233728
Passed	Sillar.Core.Tests.AdminClaimIsolationTests	Sillar.Core.Tests.AdminClaimIsolationTests.Claim_csrf_administrativo_si_se_resuelve	2026-10-06T18:34:19.5473926-05:00	00:00:00.0165503
Passed	Sillar.Core.Tests.AdminClaimIsolationTests	Sillar.Core.Tests.AdminClaimIsolationTests.Claim_csrf_generico_anterior_no_es_claim_administrativo	2026-10-06T18:34:19.5692064-05:00	00:00:00.0083568
Passed	Sillar.Core.Tests.AdminClaimIsolationTests	Sillar.Core.Tests.AdminClaimIsolationTests.Claims_administrativos_tienen_namespace_propio	2026-10-06T18:34:19.6553925-05:00	00:00:00.0004967
Passed	Sillar.Core.Tests.AdminClaimIsolationTests	Sillar.Core.Tests.AdminClaimIsolationTests.CurrentAdmin_ignora_claims_de_cliente	2026-10-06T18:34:19.5832014-05:00	00:00:00.0560118
Passed	Sillar.Core.Tests.AdminClaimIsolationTests	Sillar.Core.Tests.AdminClaimIsolationTests.CurrentAdmin_ignora_session_id_generico_anterior	2026-10-06T18:34:19.8247438-05:00	00:00:00.0008681
Passed	Sillar.Core.Tests.AdminClaimIsolationTests	Sillar.Core.Tests.AdminClaimIsolationTests.CurrentAdmin_lee_session_id_administrativo	2026-10-06T18:34:19.6661144-05:00	00:00:00.1297871
Passed	Sillar.Core.Tests.ArranqueContraBaseVaciaTests	Sillar.Core.Tests.ArranqueContraBaseVaciaTests.El_modo_instalacion_monta_las_dos_rutas_de_setup_y_ninguna_mas	2026-10-06T18:34:56.4147908-05:00	00:00:00.2203181
Passed	Sillar.Core.Tests.ArranqueContraBaseVaciaTests	Sillar.Core.Tests.ArranqueContraBaseVaciaTests.GET_setup_status_contra_base_vacia_responde_200_y_no_un_500	2026-10-06T18:34:56.6365472-05:00	00:00:11.3277736
Passed	Sillar.Core.Tests.ArranqueContraBaseVaciaTests	Sillar.Core.Tests.ArranqueContraBaseVaciaTests.La_misma_base_cambia_de_estado_al_aplicarle_las_migraciones	2026-10-06T18:34:44.6093721-05:00	00:00:11.7958073
Passed	Sillar.Core.Tests.ArranqueContraBaseVaciaTests	Sillar.Core.Tests.ArranqueContraBaseVaciaTests.Sin_migraciones_el_estado_es_faltan_migraciones_y_no_una_excepcion	2026-10-06T18:34:17.1822050-05:00	00:00:27.3184493
Passed	Sillar.Core.Tests.ArranqueContraBaseVaciaTests	Sillar.Core.Tests.ArranqueContraBaseVaciaTests.Un_error_de_PostgreSQL_que_NO_es_42P01_no_se_traga	2026-10-06T18:35:07.9654804-05:00	00:00:11.2497773
Passed	Sillar.Core.Tests.AutenticacionSinAlmacenDeSesionesTests	Sillar.Core.Tests.AutenticacionSinAlmacenDeSesionesTests.Base_pristina_y_cookie_vieja_el_instalador_termina_y_la_cookie_nunca_autentica	2026-10-06T18:34:56.4082596-05:00	00:00:23.5147682
Passed	Sillar.Core.Tests.AutenticacionSinAlmacenDeSesionesTests	Sillar.Core.Tests.AutenticacionSinAlmacenDeSesionesTests.Con_cookie_vieja_y_sin_core_setup_status_responde_y_una_ruta_protegida_da_401	2026-10-06T18:34:47.8078177-05:00	00:00:08.5956461
Passed	Sillar.Core.Tests.AutenticacionSinAlmacenDeSesionesTests	Sillar.Core.Tests.AutenticacionSinAlmacenDeSesionesTests.Con_cookie_y_sin_tabla_de_sesiones_no_hay_resultado_y_no_hay_identidad	2026-10-06T18:34:33.7261318-05:00	00:00:13.9700042
Passed	Sillar.Core.Tests.AutenticacionSinAlmacenDeSesionesTests	Sillar.Core.Tests.AutenticacionSinAlmacenDeSesionesTests.Con_la_tabla_presente_y_una_sesion_valida_autentica_con_normalidad	2026-10-06T18:35:29.8933308-05:00	00:00:10.1444483
Passed	Sillar.Core.Tests.AutenticacionSinAlmacenDeSesionesTests	Sillar.Core.Tests.AutenticacionSinAlmacenDeSesionesTests.Cuando_aparecen_las_tablas_el_handler_vuelve_a_consultar_con_normalidad	2026-10-06T18:35:48.4359473-05:00	00:00:11.1512827
Passed	Sillar.Core.Tests.AutenticacionSinAlmacenDeSesionesTests	Sillar.Core.Tests.AutenticacionSinAlmacenDeSesionesTests.Sin_cookie_no_hay_resultado_como_siempre	2026-10-06T18:35:19.9242143-05:00	00:00:09.9681843
Passed	Sillar.Core.Tests.AutenticacionSinAlmacenDeSesionesTests	Sillar.Core.Tests.AutenticacionSinAlmacenDeSesionesTests.Un_42P01_de_otra_relacion_no_se_traga	2026-10-06T18:35:40.0439910-05:00	00:00:08.3895713
Passed	Sillar.Core.Tests.AutenticacionSinAlmacenDeSesionesTests	Sillar.Core.Tests.AutenticacionSinAlmacenDeSesionesTests.Un_UndefinedColumn_no_se_traga	2026-10-06T18:35:59.5884044-05:00	00:00:05.7776420
Passed	Sillar.Core.Tests.AutenticacionSinAlmacenDeSesionesTests	Sillar.Core.Tests.AutenticacionSinAlmacenDeSesionesTests.Una_base_inexistente_no_se_convierte_en_ausencia	2026-10-06T18:34:17.1822617-05:00	00:00:16.2958548
Passed	Sillar.Core.Tests.AutenticacionSinAlmacenDeSesionesTests	Sillar.Core.Tests.AutenticacionSinAlmacenDeSesionesTests.Una_conexion_caida_no_se_convierte_en_ausencia	2026-10-06T18:34:47.7042624-05:00	00:00:00.0983690
Passed	Sillar.Core.Tests.ContentSnifferTests	Sillar.Core.Tests.ContentSnifferTests.Otros_formatos_conocidos_se_rechazan(firma: "%PDF-1.7")	2026-10-06T18:34:17.8625896-05:00	00:00:00.0001981
Passed	Sillar.Core.Tests.ContentSnifferTests	Sillar.Core.Tests.ContentSnifferTests.Otros_formatos_conocidos_se_rechazan(firma: "GIF89a")	2026-10-06T18:34:17.1821315-05:00	00:00:00.3364291
Passed	Sillar.Core.Tests.ContentSnifferTests	Sillar.Core.Tests.ContentSnifferTests.Otros_formatos_conocidos_se_rechazan(firma: "PK\x03\x04")	2026-10-06T18:34:17.8597405-05:00	00:00:00.0001127
Passed	Sillar.Core.Tests.ContentSnifferTests	Sillar.Core.Tests.ContentSnifferTests.Otros_formatos_conocidos_se_rechazan(firma: "\x1f")	2026-10-06T18:34:17.8319865-05:00	00:00:00.0142966
Passed	Sillar.Core.Tests.ContentSnifferTests	Sillar.Core.Tests.ContentSnifferTests.Un_archivo_con_extension_png_pero_otro_contenido_se_rechaza	2026-10-06T18:34:17.9655118-05:00	00:00:00.0205185
Passed	Sillar.Core.Tests.ContentSnifferTests	Sillar.Core.Tests.ContentSnifferTests.Un_archivo_vacio_o_truncado_se_rechaza	2026-10-06T18:34:17.9872641-05:00	00:00:00.0161769
Passed	Sillar.Core.Tests.ContentSnifferTests	Sillar.Core.Tests.ContentSnifferTests.Un_jpeg_se_reconoce_por_su_firma	2026-10-06T18:34:18.2555233-05:00	00:00:00.0638625
Passed	Sillar.Core.Tests.ContentSnifferTests	Sillar.Core.Tests.ContentSnifferTests.Un_png_se_reconoce_por_su_firma	2026-10-06T18:34:18.4453908-05:00	00:00:00.0372795
Passed	Sillar.Core.Tests.ContentSnifferTests	Sillar.Core.Tests.ContentSnifferTests.Un_riff_que_no_es_webp_se_rechaza	2026-10-06T18:34:18.3342862-05:00	00:00:00.0154049
Passed	Sillar.Core.Tests.ContentSnifferTests	Sillar.Core.Tests.ContentSnifferTests.Un_svg_sin_declaracion_xml_tambien_se_rechaza	2026-10-06T18:34:17.9489639-05:00	00:00:00.0009961
Passed	Sillar.Core.Tests.ContentSnifferTests	Sillar.Core.Tests.ContentSnifferTests.Un_svg_valido_se_rechaza	2026-10-06T18:34:18.3622745-05:00	00:00:00.0554078
Passed	Sillar.Core.Tests.ContentSnifferTests	Sillar.Core.Tests.ContentSnifferTests.Un_webp_se_reconoce_en_sus_tres_variantes(variante: "VP8 ")	2026-10-06T18:34:18.0210643-05:00	00:00:00.1870596
Passed	Sillar.Core.Tests.ContentSnifferTests	Sillar.Core.Tests.ContentSnifferTests.Un_webp_se_reconoce_en_sus_tres_variantes(variante: "VP8L")	2026-10-06T18:34:18.2337198-05:00	00:00:00.0001017
Passed	Sillar.Core.Tests.ContentSnifferTests	Sillar.Core.Tests.ContentSnifferTests.Un_webp_se_reconoce_en_sus_tres_variantes(variante: "VP8X")	2026-10-06T18:34:18.2095870-05:00	00:00:00.0229402
Passed	Sillar.Core.Tests.CsrfTokenFactoryTests	Sillar.Core.Tests.CsrfTokenFactoryTests.Dos_instalaciones_distintas_dan_tokens_distintos_para_la_misma_sesion	2026-10-06T18:34:18.7177328-05:00	00:00:00.0007621
Passed	Sillar.Core.Tests.CsrfTokenFactoryTests	Sillar.Core.Tests.CsrfTokenFactoryTests.Dos_sesiones_distintas_dan_tokens_distintos	2026-10-06T18:34:18.6865713-05:00	00:00:00.0192828
Passed	Sillar.Core.Tests.CsrfTokenFactoryTests	Sillar.Core.Tests.CsrfTokenFactoryTests.El_hash_que_se_guarda_no_contiene_el_token	2026-10-06T18:34:18.3654357-05:00	00:00:00.0305158
Passed	Sillar.Core.Tests.CsrfTokenFactoryTests	Sillar.Core.Tests.CsrfTokenFactoryTests.El_token_no_revela_la_sesion_ni_la_clave_de_instalacion	2026-10-06T18:34:18.2195230-05:00	00:00:00.0284425
Passed	Sillar.Core.Tests.CsrfTokenFactoryTests	Sillar.Core.Tests.CsrfTokenFactoryTests.El_token_viaja_en_una_cabecera_sin_escapar_nada	2026-10-06T18:34:18.6372516-05:00	00:00:00.0344531
Passed	Sillar.Core.Tests.CsrfTokenFactoryTests	Sillar.Core.Tests.CsrfTokenFactoryTests.La_etiqueta_de_derivacion_esta_versionada	2026-10-06T18:34:18.3458047-05:00	00:00:00.0004201
Passed	Sillar.Core.Tests.CsrfTokenFactoryTests	Sillar.Core.Tests.CsrfTokenFactoryTests.La_misma_sesion_da_siempre_el_mismo_token	2026-10-06T18:34:18.7152761-05:00	00:00:00.0006730
Passed	Sillar.Core.Tests.CsrfTokenFactoryTests	Sillar.Core.Tests.CsrfTokenFactoryTests.Reiniciar_el_proceso_no_cambia_el_token_de_una_sesion_viva	2026-10-06T18:34:18.2598752-05:00	00:00:00.0628184
Passed	Sillar.Core.Tests.CsrfTokenFactoryTests	Sillar.Core.Tests.CsrfTokenFactoryTests.Una_clave_de_instalacion_que_solo_difiere_en_un_bit_da_otro_token	2026-10-06T18:34:18.7202166-05:00	00:00:00.0008688
Passed	Sillar.Core.Tests.CsrfTokenFactoryTests	Sillar.Core.Tests.CsrfTokenFactoryTests.Una_clave_de_instalacion_vacia_se_rechaza	2026-10-06T18:34:18.3974955-05:00	00:00:00.0994647
Passed	Sillar.Core.Tests.EmailTestStatusContractTests	Sillar.Core.Tests.EmailTestStatusContractTests.Estado_smtp_no_expone_secretos	2026-10-06T18:34:18.8939140-05:00	00:00:00.0573139
Passed	Sillar.Core.Tests.EmailTestStatusContractTests	Sillar.Core.Tests.EmailTestStatusContractTests.Estado_smtp_representa_nunca_probado_sin_inventar_fecha	2026-10-06T18:34:18.9525391-05:00	00:00:00.0196347
Passed	Sillar.Core.Tests.HostRestarterTests	Sillar.Core.Tests.HostRestarterTests.Con_la_bandera_en_false_el_host_no_se_detiene	2026-10-06T18:34:19.3250833-05:00	00:00:00.0790986
Passed	Sillar.Core.Tests.HostRestarterTests	Sillar.Core.Tests.HostRestarterTests.Con_la_bandera_en_true_la_parada_se_programa_para_despues_de_la_respuesta	2026-10-06T18:34:19.4170758-05:00	00:00:00.0061101
Passed	Sillar.Core.Tests.HostRestarterTests	Sillar.Core.Tests.HostRestarterTests.La_parada_incondicional_tampoco_ocurre_antes_de_la_respuesta	2026-10-06T18:34:19.2313085-05:00	00:00:00.0877595
Passed	Sillar.Core.Tests.HostRestarterTests	Sillar.Core.Tests.HostRestarterTests.Sin_configuracion_el_host_no_se_detiene	2026-10-06T18:34:19.4104188-05:00	00:00:00.0006206
Passed	Sillar.Core.Tests.ImageDimensionsTests	Sillar.Core.Tests.ImageDimensionsTests.En_jpeg_el_alto_va_antes_que_el_ancho	2026-10-06T18:34:19.5190405-05:00	00:00:00.0087151
Passed	Sillar.Core.Tests.ImageDimensionsTests	Sillar.Core.Tests.ImageDimensionsTests.En_jpeg_se_saltan_los_marcadores_previos	2026-10-06T18:34:19.4899571-05:00	00:00:00.0027332
Passed	Sillar.Core.Tests.ImageDimensionsTests	Sillar.Core.Tests.ImageDimensionsTests.Las_dimensiones_de_un_jpeg_se_leen_del_inicio_de_fotograma(ancho: 1920, alto: 1080)	2026-10-06T18:34:19.4945750-05:00	00:00:00.0006749
Passed	Sillar.Core.Tests.ImageDimensionsTests	Sillar.Core.Tests.ImageDimensionsTests.Las_dimensiones_de_un_jpeg_se_leen_del_inicio_de_fotograma(ancho: 800, alto: 600)	2026-10-06T18:34:19.4964652-05:00	00:00:00.0008933
Passed	Sillar.Core.Tests.ImageDimensionsTests	Sillar.Core.Tests.ImageDimensionsTests.Las_dimensiones_de_un_png_se_leen_del_IHDR(ancho: 1, alto: 1)	2026-10-06T18:34:19.4859699-05:00	00:00:00.0009408
Passed	Sillar.Core.Tests.ImageDimensionsTests	Sillar.Core.Tests.ImageDimensionsTests.Las_dimensiones_de_un_png_se_leen_del_IHDR(ancho: 4096, alto: 2160)	2026-10-06T18:34:19.4881163-05:00	00:00:00.0001027
Passed	Sillar.Core.Tests.ImageDimensionsTests	Sillar.Core.Tests.ImageDimensionsTests.Las_dimensiones_de_un_png_se_leen_del_IHDR(ancho: 800, alto: 600)	2026-10-06T18:34:19.4830236-05:00	00:00:00.0016968
Passed	Sillar.Core.Tests.ImageDimensionsTests	Sillar.Core.Tests.ImageDimensionsTests.Las_dimensiones_de_un_webp_se_leen_en_sus_tres_variantes(variante: "VP8 ", ancho: 640, alto: 480)	2026-10-06T18:34:19.4811471-05:00	00:00:00.0001136
Passed	Sillar.Core.Tests.ImageDimensionsTests	Sillar.Core.Tests.ImageDimensionsTests.Las_dimensiones_de_un_webp_se_leen_en_sus_tres_variantes(variante: "VP8L", ancho: 1, alto: 1)	2026-10-06T18:34:19.4377895-05:00	00:00:00.0353725
Passed	Sillar.Core.Tests.ImageDimensionsTests	Sillar.Core.Tests.ImageDimensionsTests.Las_dimensiones_de_un_webp_se_leen_en_sus_tres_variantes(variante: "VP8L", ancho: 640, alto: 480)	2026-10-06T18:34:19.4787929-05:00	00:00:00.0001028
Passed	Sillar.Core.Tests.ImageDimensionsTests	Sillar.Core.Tests.ImageDimensionsTests.Las_dimensiones_de_un_webp_se_leen_en_sus_tres_variantes(variante: "VP8X", ancho: 16383, alto: 16383)	2026-10-06T18:34:19.4752388-05:00	00:00:00.0022099
Passed	Sillar.Core.Tests.ImageDimensionsTests	Sillar.Core.Tests.ImageDimensionsTests.Las_dimensiones_de_un_webp_se_leen_en_sus_tres_variantes(variante: "VP8X", ancho: 640, alto: 480)	2026-10-06T18:34:19.4799809-05:00	00:00:00.0000950
Passed	Sillar.Core.Tests.ImageDimensionsTests	Sillar.Core.Tests.ImageDimensionsTests.Un_jpeg_sin_inicio_de_fotograma_devuelve_nulo_y_no_se_queda_dando_vueltas	2026-10-06T18:34:19.5392327-05:00	00:00:00.0009692
Passed	Sillar.Core.Tests.ImageDimensionsTests	Sillar.Core.Tests.ImageDimensionsTests.Un_webp_de_variante_desconocida_devuelve_nulo	2026-10-06T18:34:19.5344293-05:00	00:00:00.0018266
Passed	Sillar.Core.Tests.ImageDimensionsTests	Sillar.Core.Tests.ImageDimensionsTests.Una_cabecera_truncada_devuelve_nulo_sin_reventar	2026-10-06T18:34:19.4990301-05:00	00:00:00.0015320
Passed	Sillar.Core.Tests.InstalacionDeModulosTests	Sillar.Core.Tests.InstalacionDeModulosTests.Base_pristina_la_instalacion_deja_todos_los_schemas_desplegados_y_termina_operativa	2026-10-06T18:36:11.3441368-05:00	00:00:04.3763652
Passed	Sillar.Core.Tests.InstalacionDeModulosTests	Sillar.Core.Tests.InstalacionDeModulosTests.CORE_se_instala_el_primero_y_no_por_casualidad	2026-10-06T18:35:38.2810621-05:00	00:00:00.0022440
Passed	Sillar.Core.Tests.InstalacionDeModulosTests	Sillar.Core.Tests.InstalacionDeModulosTests.Clasificar_con_algo_ajeno_no_es_seguro	2026-10-06T18:36:11.3425215-05:00	00:00:00.0007167
Passed	Sillar.Core.Tests.InstalacionDeModulosTests	Sillar.Core.Tests.InstalacionDeModulosTests.Clasificar_con_solo_lo_nuestro_es_reanudable	2026-10-06T18:34:56.4250416-05:00	00:00:00.0104460
Passed	Sillar.Core.Tests.InstalacionDeModulosTests	Sillar.Core.Tests.InstalacionDeModulosTests.Clasificar_sin_nada_es_pristina	2026-10-06T18:35:38.2794871-05:00	00:00:00.0006059
Passed	Sillar.Core.Tests.InstalacionDeModulosTests	Sillar.Core.Tests.InstalacionDeModulosTests.El_503_nombra_base_servidor_puerto_y_la_evidencia_y_manda_comprobar_la_conexion	2026-10-06T18:35:58.5376971-05:00	00:00:02.1365413
Passed	Sillar.Core.Tests.InstalacionDeModulosTests	Sillar.Core.Tests.InstalacionDeModulosTests.El_orden_es_el_mismo_llegue_como_llegue_el_catalogo_de_modulos	2026-10-06T18:35:29.9007507-05:00	00:00:00.0055954
Passed	Sillar.Core.Tests.InstalacionDeModulosTests	Sillar.Core.Tests.InstalacionDeModulosTests.Las_extensiones_en_public_no_convierten_la_base_en_ajena	2026-10-06T18:36:00.6749821-05:00	00:00:04.9269378
Passed	Sillar.Core.Tests.InstalacionDeModulosTests	Sillar.Core.Tests.InstalacionDeModulosTests.POST_setup_sobre_base_pristina_responde_201	2026-10-06T18:34:56.4367900-05:00	00:00:11.5270931
Passed	Sillar.Core.Tests.InstalacionDeModulosTests	Sillar.Core.Tests.InstalacionDeModulosTests.Repetir_la_instalacion_no_reaplica_nada_y_sigue_operativa	2026-10-06T18:35:38.2843719-05:00	00:00:11.4771876
Passed	Sillar.Core.Tests.InstalacionDeModulosTests	Sillar.Core.Tests.InstalacionDeModulosTests.Un_historial_con_migraciones_que_este_binario_no_conoce_no_se_toca	2026-10-06T18:35:07.9664773-05:00	00:00:11.9592194
Passed	Sillar.Core.Tests.InstalacionDeModulosTests	Sillar.Core.Tests.InstalacionDeModulosTests.Un_schema_ajeno_hace_que_se_niegue_antes_de_migrar_nada	2026-10-06T18:35:29.9080761-05:00	00:00:08.3696571
Passed	Sillar.Core.Tests.InstalacionDeModulosTests	Sillar.Core.Tests.InstalacionDeModulosTests.Un_schema_con_nuestro_nombre_pero_sin_nuestro_historial_no_se_toca	2026-10-06T18:36:05.6074131-05:00	00:00:05.7338193
Passed	Sillar.Core.Tests.InstalacionDeModulosTests	Sillar.Core.Tests.InstalacionDeModulosTests.Un_schema_de_SILLAR_cuya_primera_migracion_fallo_sigue_siendo_reanudable	2026-10-06T18:35:49.7622896-05:00	00:00:08.7691579
Passed	Sillar.Core.Tests.InstalacionDeModulosTests	Sillar.Core.Tests.InstalacionDeModulosTests.Una_instalacion_a_medias_se_reanuda_y_se_completa	2026-10-06T18:34:18.9900009-05:00	00:00:37.4298537
Passed	Sillar.Core.Tests.InstalacionDeModulosTests	Sillar.Core.Tests.InstalacionDeModulosTests.Una_tabla_ajena_en_public_hace_que_se_niegue	2026-10-06T18:35:19.9265278-05:00	00:00:09.9732588
Passed	Sillar.Core.Tests.LockoutPolicyTests	Sillar.Core.Tests.LockoutPolicyTests.El_bloqueo_termina_solo_al_pasar_el_plazo	2026-10-06T18:34:18.3323841-05:00	00:00:00.0188058
Passed	Sillar.Core.Tests.LockoutPolicyTests	Sillar.Core.Tests.LockoutPolicyTests.El_quinto_fallo_bloquea_quince_minutos	2026-10-06T18:34:18.3667494-05:00	00:00:00.0369674
Passed	Sillar.Core.Tests.LockoutPolicyTests	Sillar.Core.Tests.LockoutPolicyTests.Los_fallos_siguientes_reinician_los_quince_minutos	2026-10-06T18:34:18.4992513-05:00	00:00:00.0140162
Passed	Sillar.Core.Tests.LockoutPolicyTests	Sillar.Core.Tests.LockoutPolicyTests.Menos_de_cinco_fallos_no_bloquean(fallos: 1)	2026-10-06T18:34:18.4766691-05:00	00:00:00.0209877
Passed	Sillar.Core.Tests.LockoutPolicyTests	Sillar.Core.Tests.LockoutPolicyTests.Menos_de_cinco_fallos_no_bloquean(fallos: 4)	2026-10-06T18:34:18.4393449-05:00	00:00:00.0036696
Passed	Sillar.Core.Tests.LockoutPolicyTests	Sillar.Core.Tests.LockoutPolicyTests.Una_cuenta_sin_bloqueo_no_esta_bloqueada	2026-10-06T18:34:18.2968183-05:00	00:00:00.0175505
Passed	Sillar.Core.Tests.LoginEvaluatorTests	Sillar.Core.Tests.LoginEvaluatorTests.Con_la_contrasena_correcta_y_la_cuenta_bloqueada_devuelve_423	2026-10-06T18:34:17.1809032-05:00	00:00:00.4254054
Passed	Sillar.Core.Tests.LoginEvaluatorTests	Sillar.Core.Tests.LoginEvaluatorTests.Con_la_contrasena_incorrecta_y_la_cuenta_bloqueada_devuelve_401_y_no_423	2026-10-06T18:34:18.2254537-05:00	00:00:00.0007414
Passed	Sillar.Core.Tests.LoginEvaluatorTests	Sillar.Core.Tests.LoginEvaluatorTests.Con_todo_en_orden_concede_el_acceso	2026-10-06T18:34:18.1272648-05:00	00:00:00.0056461
Passed	Sillar.Core.Tests.LoginEvaluatorTests	Sillar.Core.Tests.LoginEvaluatorTests.El_senuelo_no_se_calcula_cuando_la_cuenta_existe	2026-10-06T18:34:18.1432571-05:00	00:00:00.0088655
Passed	Sillar.Core.Tests.LoginEvaluatorTests	Sillar.Core.Tests.LoginEvaluatorTests.Un_bloqueo_ya_vencido_no_impide_entrar	2026-10-06T18:34:18.1017749-05:00	00:00:00.0239896
Passed	Sillar.Core.Tests.LoginEvaluatorTests	Sillar.Core.Tests.LoginEvaluatorTests.Un_correo_que_no_existe_devuelve_401_y_gasta_el_tiempo_del_senuelo	2026-10-06T18:34:17.9270430-05:00	00:00:00.1416074
Passed	Sillar.Core.Tests.LoginEvaluatorTests	Sillar.Core.Tests.LoginEvaluatorTests.Una_contrasena_incorrecta_devuelve_401	2026-10-06T18:34:18.2051309-05:00	00:00:00.0008881
Passed	Sillar.Core.Tests.LoginEvaluatorTests	Sillar.Core.Tests.LoginEvaluatorTests.Una_cuenta_desactivada_devuelve_401_generico	2026-10-06T18:34:18.2607095-05:00	00:00:00.0006155
Passed	Sillar.Core.Tests.LoginEvaluatorTests	Sillar.Core.Tests.LoginEvaluatorTests.Una_cuenta_desactivada_y_bloqueada_devuelve_423_porque_el_bloqueo_se_mira_antes	2026-10-06T18:34:18.1690079-05:00	00:00:00.0009649
Passed	Sillar.Core.Tests.ModuleRegistryTests	Sillar.Core.Tests.ModuleRegistryTests.IsActive_devuelve_false_si_el_modulo_no_esta_en_la_foto_activa	2026-10-06T18:34:18.7970173-05:00	00:00:00.0689891
Passed	Sillar.Core.Tests.ModuleRegistryTests	Sillar.Core.Tests.ModuleRegistryTests.IsActive_devuelve_true_si_el_modulo_esta_en_la_foto_activa	2026-10-06T18:34:18.8743000-05:00	00:00:00.0075124
Passed	Sillar.Core.Tests.ModuleSynchronizerReadActivePostgresTests	Sillar.Core.Tests.ModuleSynchronizerReadActivePostgresTests.ReadActiveAsync_devuelve_exactamente_el_modulo_activo_de_PostgreSQL	2026-10-06T18:34:18.6892353-05:00	00:00:35.4458867
Passed	Sillar.Core.Tests.NodoYAutoriaTests	Sillar.Core.Tests.NodoYAutoriaTests.Al_subir_la_fotografia_lleva_el_nodo_de_la_cuenta_y_no_el_de_la_instalacion	2026-10-06T18:35:29.8929807-05:00	00:00:10.1463339
Passed	Sillar.Core.Tests.NodoYAutoriaTests	Sillar.Core.Tests.NodoYAutoriaTests.El_nodo_viaja_en_la_conexion_solo_si_esta_configurado	2026-10-06T18:35:29.8862525-05:00	00:00:00.0030821
Passed	Sillar.Core.Tests.NodoYAutoriaTests	Sillar.Core.Tests.NodoYAutoriaTests.En_una_instalacion_limpia_la_migracion_no_necesita_nodo_y_deja_el_esquema_nuevo	2026-10-06T18:35:49.7706851-05:00	00:00:09.5106354
Passed	Sillar.Core.Tests.NodoYAutoriaTests	Sillar.Core.Tests.NodoYAutoriaTests.ICurrentAdmin_da_lo_de_siempre_y_ademas_el_nombre_visible_y_el_nodo_de_la_cuenta	2026-10-06T18:34:56.3995069-05:00	00:00:11.5720712
Passed	Sillar.Core.Tests.NodoYAutoriaTests	Sillar.Core.Tests.NodoYAutoriaTests.La_fotografia_del_autor_no_se_modifica_una_vez_escrita	2026-10-06T18:35:07.9774283-05:00	00:00:13.9842320
Passed	Sillar.Core.Tests.NodoYAutoriaTests	Sillar.Core.Tests.NodoYAutoriaTests.Media_fotografia_del_autor_no_se_admite	2026-10-06T18:34:47.5583964-05:00	00:00:08.8226516
Passed	Sillar.Core.Tests.NodoYAutoriaTests	Sillar.Core.Tests.NodoYAutoriaTests.Sin_nodo_configurado_y_con_cuentas_la_migracion_aborta_sin_cambiar_nada	2026-10-06T18:35:40.0444685-05:00	00:00:09.7129055
Passed	Sillar.Core.Tests.NodoYAutoriaTests	Sillar.Core.Tests.NodoYAutoriaTests.Sin_sesion_ICurrentAdmin_no_lanza_y_lo_nuevo_tambien_es_nulo	2026-10-06T18:34:56.3878877-05:00	00:00:00.0058508
Passed	Sillar.Core.Tests.NodoYAutoriaTests	Sillar.Core.Tests.NodoYAutoriaTests.Sobre_datos_preexistentes_rellena_el_nodo_de_las_cuentas_y_fotografia_al_autor_valido	2026-10-06T18:35:21.9634931-05:00	00:00:07.9213578
Passed	Sillar.Core.Tests.NodoYAutoriaTests	Sillar.Core.Tests.NodoYAutoriaTests.Un_autor_que_no_existe_es_corrupcion_la_migracion_aborta_dice_cuantas_y_como_localizarlas	2026-10-06T18:34:18.6348348-05:00	00:00:28.8908632
Passed	Sillar.Core.Tests.PasswordPolicyTests	Sillar.Core.Tests.PasswordPolicyTests.Doce_caracteres_se_aceptan	2026-10-06T18:34:18.7211484-05:00	00:00:00.0006927
Passed	Sillar.Core.Tests.PasswordPolicyTests	Sillar.Core.Tests.PasswordPolicyTests.El_apellido_si_se_comprueba_aunque_el_nombre_sea_corto	2026-10-06T18:34:17.1821698-05:00	00:00:00.3542270
Passed	Sillar.Core.Tests.PasswordPolicyTests	Sillar.Core.Tests.PasswordPolicyTests.El_motivo_del_rechazo_esta_en_espanol	2026-10-06T18:34:18.7751229-05:00	00:00:00.0110931
Passed	Sillar.Core.Tests.PasswordPolicyTests	Sillar.Core.Tests.PasswordPolicyTests.La_comparacion_con_la_identidad_ignora_mayusculas	2026-10-06T18:34:18.6760527-05:00	00:00:00.0108316
Passed	Sillar.Core.Tests.PasswordPolicyTests	Sillar.Core.Tests.PasswordPolicyTests.Las_contrasenas_comunes_se_rechazan(contrasena: "123456789012")	2026-10-06T18:34:18.6618855-05:00	00:00:00.0001132
Passed	Sillar.Core.Tests.PasswordPolicyTests	Sillar.Core.Tests.PasswordPolicyTests.Las_contrasenas_comunes_se_rechazan(contrasena: "CONTRASEÑA12")	2026-10-06T18:34:18.6400562-05:00	00:00:00.0049942
Passed	Sillar.Core.Tests.PasswordPolicyTests	Sillar.Core.Tests.PasswordPolicyTests.Las_contrasenas_comunes_se_rechazan(contrasena: "administrador")	2026-10-06T18:34:18.6461938-05:00	00:00:00.0000954
Passed	Sillar.Core.Tests.PasswordPolicyTests	Sillar.Core.Tests.PasswordPolicyTests.Las_contrasenas_comunes_se_rechazan(contrasena: "contrasena12")	2026-10-06T18:34:18.5405782-05:00	00:00:00.0005023
Passed	Sillar.Core.Tests.PasswordPolicyTests	Sillar.Core.Tests.PasswordPolicyTests.Las_palabras_cortas_del_nombre_no_invalidan_media_lengua	2026-10-06T18:34:18.7685690-05:00	00:00:00.0035326
Passed	Sillar.Core.Tests.PasswordPolicyTests	Sillar.Core.Tests.PasswordPolicyTests.Mas_de_setenta_y_dos_caracteres_se_rechaza	2026-10-06T18:34:18.7393099-05:00	00:00:00.0043698
Passed	Sillar.Core.Tests.PasswordPolicyTests	Sillar.Core.Tests.PasswordPolicyTests.No_se_exigen_mayusculas_ni_digitos_ni_simbolos	2026-10-06T18:34:18.7528265-05:00	00:00:00.0003825
Passed	Sillar.Core.Tests.PasswordPolicyTests	Sillar.Core.Tests.PasswordPolicyTests.Once_caracteres_se_rechazan	2026-10-06T18:34:17.9727189-05:00	00:00:00.5614184
Passed	Sillar.Core.Tests.PasswordPolicyTests	Sillar.Core.Tests.PasswordPolicyTests.Una_contrasena_que_contiene_el_correo_se_rechaza	2026-10-06T18:34:18.7341976-05:00	00:00:00.0005320
Passed	Sillar.Core.Tests.PasswordPolicyTests	Sillar.Core.Tests.PasswordPolicyTests.Una_contrasena_que_contiene_el_nombre_se_rechaza	2026-10-06T18:34:18.6885609-05:00	00:00:00.0215365
Passed	Sillar.Core.Tests.PasswordPolicyTests	Sillar.Core.Tests.PasswordPolicyTests.Una_contrasena_que_contiene_la_parte_previa_a_la_arroba_se_rechaza	2026-10-06T18:34:17.9348811-05:00	00:00:00.0182644
Passed	Sillar.Core.Tests.PasswordPolicyTests	Sillar.Core.Tests.PasswordPolicyTests.Una_contrasena_vacia_se_rechaza	2026-10-06T18:34:18.7609403-05:00	00:00:00.0004608
Passed	Sillar.Core.Tests.RoleHierarchyTests	Sillar.Core.Tests.RoleHierarchyTests.Un_rol_desconocido_no_satisface_nada(rol: "")	2026-10-06T18:34:17.8633941-05:00	00:00:00.0582049
Passed	Sillar.Core.Tests.RoleHierarchyTests	Sillar.Core.Tests.RoleHierarchyTests.Un_rol_desconocido_no_satisface_nada(rol: "Admin")	2026-10-06T18:34:17.9437861-05:00	00:00:00.0000897
Passed	Sillar.Core.Tests.RoleHierarchyTests	Sillar.Core.Tests.RoleHierarchyTests.Un_rol_desconocido_no_satisface_nada(rol: "jefe")	2026-10-06T18:34:17.9232908-05:00	00:00:00.0000760
Passed	Sillar.Core.Tests.RoleHierarchyTests	Sillar.Core.Tests.RoleHierarchyTests.Un_rol_desconocido_no_satisface_nada(rol: null)	2026-10-06T18:34:17.1822363-05:00	00:00:00.3245780
Passed	Sillar.Core.Tests.RoleHierarchyTests	Sillar.Core.Tests.RoleHierarchyTests.Un_rol_no_alcanza_lo_que_esta_por_encima(rol: "admin", exigido: "super_admin")	2026-10-06T18:34:17.9624687-05:00	00:00:00.0008337
Passed	Sillar.Core.Tests.RoleHierarchyTests	Sillar.Core.Tests.RoleHierarchyTests.Un_rol_no_alcanza_lo_que_esta_por_encima(rol: "editor", exigido: "admin")	2026-10-06T18:34:17.9757113-05:00	00:00:00.0001642
Passed	Sillar.Core.Tests.RoleHierarchyTests	Sillar.Core.Tests.RoleHierarchyTests.Un_rol_no_alcanza_lo_que_esta_por_encima(rol: "editor", exigido: "super_admin")	2026-10-06T18:34:17.9544735-05:00	00:00:00.0065048
Passed	Sillar.Core.Tests.RoleHierarchyTests	Sillar.Core.Tests.RoleHierarchyTests.Un_rol_satisface_lo_que_se_le_exige_por_debajo(rol: "admin", exigido: "admin")	2026-10-06T18:34:17.9803282-05:00	00:00:00.0004316
Passed	Sillar.Core.Tests.RoleHierarchyTests	Sillar.Core.Tests.RoleHierarchyTests.Un_rol_satisface_lo_que_se_le_exige_por_debajo(rol: "admin", exigido: "editor")	2026-10-06T18:34:17.9939585-05:00	00:00:00.0000741
Passed	Sillar.Core.Tests.RoleHierarchyTests	Sillar.Core.Tests.RoleHierarchyTests.Un_rol_satisface_lo_que_se_le_exige_por_debajo(rol: "editor", exigido: "editor")	2026-10-06T18:34:17.9892159-05:00	00:00:00.0000752
Passed	Sillar.Core.Tests.RoleHierarchyTests	Sillar.Core.Tests.RoleHierarchyTests.Un_rol_satisface_lo_que_se_le_exige_por_debajo(rol: "super_admin", exigido: "admin")	2026-10-06T18:34:17.9905074-05:00	00:00:00.0001044
Passed	Sillar.Core.Tests.RoleHierarchyTests	Sillar.Core.Tests.RoleHierarchyTests.Un_rol_satisface_lo_que_se_le_exige_por_debajo(rol: "super_admin", exigido: "editor")	2026-10-06T18:34:17.9964793-05:00	00:00:00.0000906
Passed	Sillar.Core.Tests.RoleHierarchyTests	Sillar.Core.Tests.RoleHierarchyTests.Un_rol_satisface_lo_que_se_le_exige_por_debajo(rol: "super_admin", exigido: "super_admin")	2026-10-06T18:34:17.9838024-05:00	00:00:00.0018321
Passed	Sillar.Core.Tests.SessionPolicyTests	Sillar.Core.Tests.SessionPolicyTests.Cerca_del_septimo_dia_manda_el_tope_absoluto	2026-10-06T18:34:17.9678704-05:00	00:00:00.0428624
Passed	Sillar.Core.Tests.SessionPolicyTests	Sillar.Core.Tests.SessionPolicyTests.Dentro_del_minuto_siguiente_no_se_reescribe_last_seen_at	2026-10-06T18:34:18.0868736-05:00	00:00:00.0011053
Passed	Sillar.Core.Tests.SessionPolicyTests	Sillar.Core.Tests.SessionPolicyTests.La_caducidad_es_la_inactividad_mientras_no_choque_con_el_tope	2026-10-06T18:34:18.0125777-05:00	00:00:00.0008513
Passed	Sillar.Core.Tests.SessionPolicyTests	Sillar.Core.Tests.SessionPolicyTests.Ocho_horas_sin_actividad_caducan_la_sesion	2026-10-06T18:34:18.0523475-05:00	00:00:00.0007522
Passed	Sillar.Core.Tests.SessionPolicyTests	Sillar.Core.Tests.SessionPolicyTests.Pasado_el_minuto_se_reescribe_last_seen_at	2026-10-06T18:34:18.1037469-05:00	00:00:00.0004201
Passed	Sillar.Core.Tests.SessionPolicyTests	Sillar.Core.Tests.SessionPolicyTests.Siete_dias_desde_la_emision_caducan_la_sesion_aunque_se_acabe_de_usar	2026-10-06T18:34:17.9250845-05:00	00:00:00.0018931
Passed	Sillar.Core.Tests.SessionPolicyTests	Sillar.Core.Tests.SessionPolicyTests.Una_sesion_recien_usada_sirve	2026-10-06T18:34:18.0671289-05:00	00:00:00.0125674
Passed	Sillar.Core.Tests.SessionPolicyTests	Sillar.Core.Tests.SessionPolicyTests.Una_sesion_revocada_no_sirve_aunque_este_en_plazo	2026-10-06T18:34:17.1820809-05:00	00:00:00.3478333
Passed	Sillar.Core.Tests.SessionTokenTests	Sillar.Core.Tests.SessionTokenTests.Dos_tokens_seguidos_no_se_parecen	2026-10-06T18:34:18.2343906-05:00	00:00:00.0887610
Passed	Sillar.Core.Tests.SessionTokenTests	Sillar.Core.Tests.SessionTokenTests.El_hash_cabe_en_la_columna	2026-10-06T18:34:18.1670493-05:00	00:00:00.0154349
Passed	Sillar.Core.Tests.SessionTokenTests	Sillar.Core.Tests.SessionTokenTests.El_hash_no_contiene_el_token	2026-10-06T18:34:17.9235005-05:00	00:00:00.0410830
Passed	Sillar.Core.Tests.SessionTokenTests	Sillar.Core.Tests.SessionTokenTests.El_token_de_otra_sesion_no_coincide	2026-10-06T18:34:18.2000171-05:00	00:00:00.0031803
Passed	Sillar.Core.Tests.SessionTokenTests	Sillar.Core.Tests.SessionTokenTests.El_token_de_sesion_lleva_256_bits	2026-10-06T18:34:17.9912076-05:00	00:00:00.0944899
Passed	Sillar.Core.Tests.SessionTokenTests	Sillar.Core.Tests.SessionTokenTests.El_token_viaja_en_una_cookie_y_una_cabecera_sin_escapar_nada	2026-10-06T18:34:18.3388876-05:00	00:00:00.3339122
Passed	Sillar.Core.Tests.SessionTokenTests	Sillar.Core.Tests.SessionTokenTests.Sin_token_o_sin_hash_no_hay_coincidencia(token: "", hash: "algo")	2026-10-06T18:34:18.1495702-05:00	00:00:00.0000985
Passed	Sillar.Core.Tests.SessionTokenTests	Sillar.Core.Tests.SessionTokenTests.Sin_token_o_sin_hash_no_hay_coincidencia(token: "algo", hash: "")	2026-10-06T18:34:18.1320594-05:00	00:00:00.0000727
Passed	Sillar.Core.Tests.SessionTokenTests	Sillar.Core.Tests.SessionTokenTests.Sin_token_o_sin_hash_no_hay_coincidencia(token: "algo", hash: null)	2026-10-06T18:34:18.1162211-05:00	00:00:00.0145115
Passed	Sillar.Core.Tests.SessionTokenTests	Sillar.Core.Tests.SessionTokenTests.Sin_token_o_sin_hash_no_hay_coincidencia(token: null, hash: "algo")	2026-10-06T18:34:18.1050415-05:00	00:00:00.0003707
Passed	Sillar.Core.Tests.SessionTokenTests	Sillar.Core.Tests.SessionTokenTests.Un_token_coincide_con_su_propio_hash	2026-10-06T18:34:17.1781523-05:00	00:00:00.3419224
Passed	Sillar.Core.Tests.SettingValueValidatorTests	Sillar.Core.Tests.SettingValueValidatorTests.El_motivo_del_rechazo_dice_que_se_esperaba	2026-10-06T18:34:19.2122059-05:00	00:00:00.0109640
Passed	Sillar.Core.Tests.SettingValueValidatorTests	Sillar.Core.Tests.SettingValueValidatorTests.El_numero_se_interpreta_con_punto_decimal_no_con_coma	2026-10-06T18:34:18.9959422-05:00	00:00:00.0004087
Passed	Sillar.Core.Tests.SettingValueValidatorTests	Sillar.Core.Tests.SettingValueValidatorTests.Los_booleanos_reconocibles_se_interpretan(valor: "0", esperado: False)	2026-10-06T18:34:19.1172875-05:00	00:00:00.0000966
Passed	Sillar.Core.Tests.SettingValueValidatorTests	Sillar.Core.Tests.SettingValueValidatorTests.Los_booleanos_reconocibles_se_interpretan(valor: "1", esperado: True)	2026-10-06T18:34:19.0971807-05:00	00:00:00.0000889
Passed	Sillar.Core.Tests.SettingValueValidatorTests	Sillar.Core.Tests.SettingValueValidatorTests.Los_booleanos_reconocibles_se_interpretan(valor: "SÍ", esperado: True)	2026-10-06T18:34:19.1063707-05:00	00:00:00.0004059
Passed	Sillar.Core.Tests.SettingValueValidatorTests	Sillar.Core.Tests.SettingValueValidatorTests.Los_booleanos_reconocibles_se_interpretan(valor: "false", esperado: False)	2026-10-06T18:34:19.0081317-05:00	00:00:00.0639581
Passed	Sillar.Core.Tests.SettingValueValidatorTests	Sillar.Core.Tests.SettingValueValidatorTests.Los_booleanos_reconocibles_se_interpretan(valor: "no", esperado: False)	2026-10-06T18:34:19.0959413-05:00	00:00:00.0000949
Passed	Sillar.Core.Tests.SettingValueValidatorTests	Sillar.Core.Tests.SettingValueValidatorTests.Los_booleanos_reconocibles_se_interpretan(valor: "true", esperado: True)	2026-10-06T18:34:19.0734151-05:00	00:00:00.0100097
Passed	Sillar.Core.Tests.SettingValueValidatorTests	Sillar.Core.Tests.SettingValueValidatorTests.Un_valor_que_encaja_con_su_tipo_se_acepta(tipo: "boolean", valor: "0")	2026-10-06T18:34:18.9873958-05:00	00:00:00.0000897
Passed	Sillar.Core.Tests.SettingValueValidatorTests	Sillar.Core.Tests.SettingValueValidatorTests.Un_valor_que_encaja_con_su_tipo_se_acepta(tipo: "boolean", valor: "SI")	2026-10-06T18:34:18.9563708-05:00	00:00:00.0000682
Passed	Sillar.Core.Tests.SettingValueValidatorTests	Sillar.Core.Tests.SettingValueValidatorTests.Un_valor_que_encaja_con_su_tipo_se_acepta(tipo: "boolean", valor: "true")	2026-10-06T18:34:18.9552820-05:00	00:00:00.0000691
Passed	Sillar.Core.Tests.SettingValueValidatorTests	Sillar.Core.Tests.SettingValueValidatorTests.Un_valor_que_encaja_con_su_tipo_se_acepta(tipo: "email", valor: "contacto@ejemplo.pe")	2026-10-06T18:34:18.9681206-05:00	00:00:00.0006383
Passed	Sillar.Core.Tests.SettingValueValidatorTests	Sillar.Core.Tests.SettingValueValidatorTests.Un_valor_que_encaja_con_su_tipo_se_acepta(tipo: "json", valor: "{\"horario\":\"9-18\"}")	2026-10-06T18:34:18.9133489-05:00	00:00:00.0386717
Passed	Sillar.Core.Tests.SettingValueValidatorTests	Sillar.Core.Tests.SettingValueValidatorTests.Un_valor_que_encaja_con_su_tipo_se_acepta(tipo: "number", valor: "-3.5")	2026-10-06T18:34:18.9104584-05:00	00:00:00.0014138
Passed	Sillar.Core.Tests.SettingValueValidatorTests	Sillar.Core.Tests.SettingValueValidatorTests.Un_valor_que_encaja_con_su_tipo_se_acepta(tipo: "number", valor: "42")	2026-10-06T18:34:18.9788631-05:00	00:00:00.0000985
Passed	Sillar.Core.Tests.SettingValueValidatorTests	Sillar.Core.Tests.SettingValueValidatorTests.Un_valor_que_encaja_con_su_tipo_se_acepta(tipo: "text", valor: "Cualquier cosa")	2026-10-06T18:34:18.9597951-05:00	00:00:00.0000790
Passed	Sillar.Core.Tests.SettingValueValidatorTests	Sillar.Core.Tests.SettingValueValidatorTests.Un_valor_que_encaja_con_su_tipo_se_acepta(tipo: "url", valor: "https://ejemplo.pe/local")	2026-10-06T18:34:18.9029560-05:00	00:00:00.0061068
Passed	Sillar.Core.Tests.SettingValueValidatorTests	Sillar.Core.Tests.SettingValueValidatorTests.Un_valor_que_no_encaja_se_rechaza(tipo: "boolean", valor: "quizás")	2026-10-06T18:34:18.6270763-05:00	00:00:00.0483482
Passed	Sillar.Core.Tests.SettingValueValidatorTests	Sillar.Core.Tests.SettingValueValidatorTests.Un_valor_que_no_encaja_se_rechaza(tipo: "email", valor: "arroba-no-hay")	2026-10-06T18:34:18.8505234-05:00	00:00:00.0453869
Passed	Sillar.Core.Tests.SettingValueValidatorTests	Sillar.Core.Tests.SettingValueValidatorTests.Un_valor_que_no_encaja_se_rechaza(tipo: "json", valor: "{esto no es json}")	2026-10-06T18:34:18.2674756-05:00	00:00:00.2607396
Passed	Sillar.Core.Tests.SettingValueValidatorTests	Sillar.Core.Tests.SettingValueValidatorTests.Un_valor_que_no_encaja_se_rechaza(tipo: "number", valor: "muchos")	2026-10-06T18:34:18.6765264-05:00	00:00:00.0180583
Passed	Sillar.Core.Tests.SettingValueValidatorTests	Sillar.Core.Tests.SettingValueValidatorTests.Un_valor_que_no_encaja_se_rechaza(tipo: "url", valor: "ejemplo.pe")	2026-10-06T18:34:18.8490852-05:00	00:00:00.0001549
Passed	Sillar.Core.Tests.SettingValueValidatorTests	Sillar.Core.Tests.SettingValueValidatorTests.Un_valor_que_no_encaja_se_rechaza(tipo: "url", valor: "ftp://ejemplo.pe")	2026-10-06T18:34:18.7130265-05:00	00:00:00.1164256
Passed	Sillar.Core.Tests.SettingValueValidatorTests	Sillar.Core.Tests.SettingValueValidatorTests.Un_valor_vacio_se_rechaza_sea_cual_sea_el_tipo(valor: "   ")	2026-10-06T18:34:19.1270771-05:00	00:00:00.0045630
Passed	Sillar.Core.Tests.SettingValueValidatorTests	Sillar.Core.Tests.SettingValueValidatorTests.Un_valor_vacio_se_rechaza_sea_cual_sea_el_tipo(valor: "")	2026-10-06T18:34:19.2087472-05:00	00:00:00.0001222
Passed	Sillar.Core.Tests.SettingValueValidatorTests	Sillar.Core.Tests.SettingValueValidatorTests.Un_valor_vacio_se_rechaza_sea_cual_sea_el_tipo(valor: null)	2026-10-06T18:34:19.1430546-05:00	00:00:00.0005735
Passed	Sillar.Core.Tests.SettingsReaderPostgresTests	Sillar.Core.Tests.SettingsReaderPostgresTests.GetT_con_cache_fria_lee_PostgreSQL_y_respeta_conversion_defaults_e_inactivos	2026-10-06T18:34:18.7236985-05:00	00:00:29.0200008
Passed	Sillar.Modules.B2B.Tests.AtribucionDelPersonalTests	Sillar.Modules.B2B.Tests.AtribucionDelPersonalTests.El_nodo_es_el_de_la_cuenta_y_no_se_deriva_del_identificador	2026-10-06T18:34:22.6701001-05:00	00:00:00.0008673
Passed	Sillar.Modules.B2B.Tests.AtribucionDelPersonalTests	Sillar.Modules.B2B.Tests.AtribucionDelPersonalTests.El_nombre_visible_nunca_es_el_correo	2026-10-06T18:34:22.5925302-05:00	00:00:00.0412321
Passed	Sillar.Modules.B2B.Tests.AtribucionDelPersonalTests	Sillar.Modules.B2B.Tests.AtribucionDelPersonalTests.La_atribucion_llega_recortada	2026-10-06T18:34:22.7652245-05:00	00:00:00.0588113
Passed	Sillar.Modules.B2B.Tests.AtribucionDelPersonalTests	Sillar.Modules.B2B.Tests.AtribucionDelPersonalTests.La_cotizacion_solo_atribuye_el_pago_y_ninguna_otra_actuacion	2026-10-06T18:34:22.9562365-05:00	00:00:00.0287544
Passed	Sillar.Modules.B2B.Tests.AtribucionDelPersonalTests	Sillar.Modules.B2B.Tests.AtribucionDelPersonalTests.La_migracion_no_declara_ninguna_clave_foranea_hacia_core_admin_users	2026-10-06T18:34:22.9260595-05:00	00:00:00.0277675
Passed	Sillar.Modules.B2B.Tests.AtribucionDelPersonalTests	Sillar.Modules.B2B.Tests.AtribucionDelPersonalTests.La_migracion_solo_referencia_los_dos_schemas_de_sus_dependencias_duras	2026-10-06T18:34:22.8360462-05:00	00:00:00.0822964
Passed	Sillar.Modules.B2B.Tests.AtribucionDelPersonalTests	Sillar.Modules.B2B.Tests.AtribucionDelPersonalTests.Sin_identificador_local_valido_no_hay_atribucion	2026-10-06T18:34:22.6355131-05:00	00:00:00.0121803
Passed	Sillar.Modules.B2B.Tests.AtribucionDelPersonalTests	Sillar.Modules.B2B.Tests.AtribucionDelPersonalTests.Sin_nodo_de_la_cuenta_no_hay_atribucion	2026-10-06T18:34:22.6563805-05:00	00:00:00.0044764
Passed	Sillar.Modules.B2B.Tests.AtribucionDelPersonalTests	Sillar.Modules.B2B.Tests.AtribucionDelPersonalTests.Sin_nombre_visible_no_hay_atribucion	2026-10-06T18:34:22.9959547-05:00	00:00:00.0005574
Passed	Sillar.Modules.B2B.Tests.AtribucionDelPersonalTests	Sillar.Modules.B2B.Tests.AtribucionDelPersonalTests.Una_sesion_completa_da_los_tres_datos	2026-10-06T18:34:22.6802557-05:00	00:00:00.0733351
Passed	Sillar.Modules.B2B.Tests.BandejaYCatalogoTests	Sillar.Modules.B2B.Tests.BandejaYCatalogoTests.Actualizar_el_producto_refresca_la_instantanea_de_la_solicitud	2026-10-06T18:36:19.2540640-05:00	00:00:04.2582857
Passed	Sillar.Modules.B2B.Tests.BandejaYCatalogoTests	Sillar.Modules.B2B.Tests.BandejaYCatalogoTests.Desactivar_el_producto_marca_el_reenlace_y_no_invalida_ninguna_cotizacion	2026-10-06T18:36:31.2087933-05:00	00:00:03.4536829
Passed	Sillar.Modules.B2B.Tests.BandejaYCatalogoTests	Sillar.Modules.B2B.Tests.BandejaYCatalogoTests.E3b_una_linea_a_consultar_no_invalida_su_cotizacion_aunque_el_precio_cambie	2026-10-06T18:35:07.9923212-05:00	00:00:11.9202011
Passed	Sillar.Modules.B2B.Tests.BandejaYCatalogoTests	Sillar.Modules.B2B.Tests.BandejaYCatalogoTests.La_baja_es_logica_la_saca_de_lo_del_cliente_y_no_admite_mas_cambios	2026-10-06T18:36:11.3740158-05:00	00:00:04.4185618
Passed	Sillar.Modules.B2B.Tests.BandejaYCatalogoTests	Sillar.Modules.B2B.Tests.BandejaYCatalogoTests.La_bandeja_dice_de_quien_es_cada_fila_y_no_devuelve_su_identificador	2026-10-06T18:35:49.7599520-05:00	00:00:09.5194756
Passed	Sillar.Modules.B2B.Tests.BandejaYCatalogoTests	Sillar.Modules.B2B.Tests.BandejaYCatalogoTests.Las_notas_internas_estan_en_el_detalle_del_panel_y_no_en_la_bandeja_ni_en_lo_del_cliente	2026-10-06T18:36:34.6696452-05:00	00:00:03.9499917
Passed	Sillar.Modules.B2B.Tests.BandejaYCatalogoTests	Sillar.Modules.B2B.Tests.BandejaYCatalogoTests.Ningun_DTO_de_la_bandeja_lleva_el_identificador_del_cliente	2026-10-06T18:36:34.6678834-05:00	00:00:00.0013212
Passed	Sillar.Modules.B2B.Tests.BandejaYCatalogoTests	Sillar.Modules.B2B.Tests.BandejaYCatalogoTests.Reenlazar_a_un_producto_activo_refresca_la_instantanea_y_quita_el_pendiente	2026-10-06T18:36:15.8066801-05:00	00:00:03.4462705
Passed	Sillar.Modules.B2B.Tests.BandejaYCatalogoTests	Sillar.Modules.B2B.Tests.BandejaYCatalogoTests.Reenlazar_a_un_producto_dado_de_baja_se_rechaza	2026-10-06T18:35:40.0401125-05:00	00:00:09.7138651
Passed	Sillar.Modules.B2B.Tests.BandejaYCatalogoTests	Sillar.Modules.B2B.Tests.BandejaYCatalogoTests.Sin_cambio_de_precio_no_se_invalida_nada_y_aplicar_dos_veces_da_lo_mismo	2026-10-06T18:35:29.9146532-05:00	00:00:10.1246116
Passed	Sillar.Modules.B2B.Tests.BandejaYCatalogoTests	Sillar.Modules.B2B.Tests.BandejaYCatalogoTests.Un_cambio_de_precio_invalida_solo_las_cotizaciones_enviadas	2026-10-06T18:34:21.3916714-05:00	00:00:46.5306045
Passed	Sillar.Modules.B2B.Tests.BandejaYCatalogoTests	Sillar.Modules.B2B.Tests.BandejaYCatalogoTests.Un_cliente_que_M04_no_da_deja_la_fila_sin_cliente_y_no_se_rellena	2026-10-06T18:35:59.2811007-05:00	00:00:06.3246403
Passed	Sillar.Modules.B2B.Tests.BandejaYCatalogoTests	Sillar.Modules.B2B.Tests.BandejaYCatalogoTests.Un_estado_inventado_es_invalido	2026-10-06T18:36:05.6093739-05:00	00:00:05.7638667
Passed	Sillar.Modules.B2B.Tests.BandejaYCatalogoTests	Sillar.Modules.B2B.Tests.BandejaYCatalogoTests.Un_listado_pregunta_una_sola_vez_y_sin_repetir_identificadores	2026-10-06T18:36:27.7970720-05:00	00:00:03.4103210
Passed	Sillar.Modules.B2B.Tests.BandejaYCatalogoTests	Sillar.Modules.B2B.Tests.BandejaYCatalogoTests.Una_transicion_no_permitida_se_rechaza_y_no_cambia_nada	2026-10-06T18:35:19.9163306-05:00	00:00:09.9952785
Passed	Sillar.Modules.B2B.Tests.BandejaYCatalogoTests	Sillar.Modules.B2B.Tests.BandejaYCatalogoTests.Una_transicion_permitida_cambia_el_estado_y_nombra_la_fila	2026-10-06T18:36:23.5140883-05:00	00:00:04.2805730
Passed	Sillar.Modules.B2B.Tests.CotizacionesTests	Sillar.Modules.B2B.Tests.CotizacionesTests.Con_umbral_se_compara_el_importe_a_precio_de_lista_y_una_linea_libre_lo_hace_no_evaluable	2026-10-06T18:35:08.0655581-05:00	00:00:00.0208802
Passed	Sillar.Modules.B2B.Tests.CotizacionesTests	Sillar.Modules.B2B.Tests.CotizacionesTests.Crear_con_el_umbral_pendiente_no_toca_ningun_precio	2026-10-06T18:36:31.5200152-05:00	00:00:03.2882186
Passed	Sillar.Modules.B2B.Tests.CotizacionesTests	Sillar.Modules.B2B.Tests.CotizacionesTests.De_un_precio_a_a_consultar_si_invalida	2026-10-06T18:35:08.0883822-05:00	00:00:14.3394232
Passed	Sillar.Modules.B2B.Tests.CotizacionesTests	Sillar.Modules.B2B.Tests.CotizacionesTests.Dos_cotizaciones_concurrentes_reciben_correlativos_distintos_y_consecutivos	2026-10-06T18:36:05.6930999-05:00	00:00:05.6720567
Passed	Sillar.Modules.B2B.Tests.CotizacionesTests	Sillar.Modules.B2B.Tests.CotizacionesTests.E3b_de_a_consultar_a_un_precio_no_invalida	2026-10-06T18:35:40.0384721-05:00	00:00:09.8055918
Passed	Sillar.Modules.B2B.Tests.CotizacionesTests	Sillar.Modules.B2B.Tests.CotizacionesTests.El_formato_es_C_anio_y_cuatro_cifras	2026-10-06T18:35:59.2971901-05:00	00:00:00.0085135
Passed	Sillar.Modules.B2B.Tests.CotizacionesTests	Sillar.Modules.B2B.Tests.CotizacionesTests.El_numerador_se_niega_a_trabajar_fuera_de_una_transaccion	2026-10-06T18:35:59.3071024-05:00	00:00:06.3811447
Passed	Sillar.Modules.B2B.Tests.CotizacionesTests	Sillar.Modules.B2B.Tests.CotizacionesTests.El_pago_congela_el_nombre_el_identificador_local_y_el_nodo_de_la_cuenta	2026-10-06T18:36:28.0608124-05:00	00:00:03.4582049
Passed	Sillar.Modules.B2B.Tests.CotizacionesTests	Sillar.Modules.B2B.Tests.CotizacionesTests.El_umbral_solo_se_consume_por_el_contrato_ISettingsReader	2026-10-06T18:36:19.5415238-05:00	00:00:00.0396066
Passed	Sillar.Modules.B2B.Tests.CotizacionesTests	Sillar.Modules.B2B.Tests.CotizacionesTests.En_borrador_se_editan_las_lineas_y_se_congela_el_precio_de_catalogo	2026-10-06T18:36:11.3667068-05:00	00:00:04.4152515
Passed	Sillar.Modules.B2B.Tests.CotizacionesTests	Sillar.Modules.B2B.Tests.CotizacionesTests.La_auditoria_nombra_la_cotizacion_por_su_numero_visible	2026-10-06T18:36:19.5830163-05:00	00:00:04.4358762
Passed	Sillar.Modules.B2B.Tests.CotizacionesTests	Sillar.Modules.B2B.Tests.CotizacionesTests.Las_lineas_libres_no_participan_en_la_invalidacion	2026-10-06T18:34:21.3938841-05:00	00:00:46.6279994
Passed	Sillar.Modules.B2B.Tests.CotizacionesTests	Sillar.Modules.B2B.Tests.CotizacionesTests.Sin_umbral_configurado_lo_dice_y_no_inventa_importe(valor: "-1")	2026-10-06T18:36:19.5408589-05:00	00:00:00.0000634
Passed	Sillar.Modules.B2B.Tests.CotizacionesTests	Sillar.Modules.B2B.Tests.CotizacionesTests.Sin_umbral_configurado_lo_dice_y_no_inventa_importe(valor: "PENDIENTE_DEFINIR")	2026-10-06T18:36:19.5371037-05:00	00:00:00.0011071
Passed	Sillar.Modules.B2B.Tests.CotizacionesTests	Sillar.Modules.B2B.Tests.CotizacionesTests.Sin_umbral_configurado_lo_dice_y_no_inventa_importe(valor: "doscientos")	2026-10-06T18:36:19.5402130-05:00	00:00:00.0000656
Passed	Sillar.Modules.B2B.Tests.CotizacionesTests	Sillar.Modules.B2B.Tests.CotizacionesTests.Sin_umbral_configurado_lo_dice_y_no_inventa_importe(valor: null)	2026-10-06T18:36:19.5388787-05:00	00:00:00.0006473
Passed	Sillar.Modules.B2B.Tests.CotizacionesTests	Sillar.Modules.B2B.Tests.CotizacionesTests.Un_rollback_no_consume_correlativo	2026-10-06T18:36:24.0207451-05:00	00:00:04.0388356
Passed	Sillar.Modules.B2B.Tests.CotizacionesTests	Sillar.Modules.B2B.Tests.CotizacionesTests.Una_cotizacion_sin_lineas_no_se_envia	2026-10-06T18:35:22.4310157-05:00	00:00:07.4699460
Passed	Sillar.Modules.B2B.Tests.CotizacionesTests	Sillar.Modules.B2B.Tests.CotizacionesTests.Una_enviada_caducada_no_se_aprueba_y_una_vigente_si_hasta_pagarse	2026-10-06T18:36:15.7836415-05:00	00:00:03.7518497
Passed	Sillar.Modules.B2B.Tests.CotizacionesTests	Sillar.Modules.B2B.Tests.CotizacionesTests.Una_enviada_con_precio_conocido_que_cambia_se_invalida	2026-10-06T18:35:29.9026888-05:00	00:00:10.1349132
Passed	Sillar.Modules.B2B.Tests.CotizacionesTests	Sillar.Modules.B2B.Tests.CotizacionesTests.Una_enviada_no_admite_edicion_de_lineas	2026-10-06T18:35:49.8451206-05:00	00:00:09.4440334
Passed	Sillar.Modules.B2B.Tests.CotizacionesTests	Sillar.Modules.B2B.Tests.CotizacionesTests.Una_sesion_sin_los_tres_datos_no_registra_el_pago_ni_inventa_a_nadie	2026-10-06T18:36:34.8088492-05:00	00:00:03.9263553
Passed	Sillar.Modules.B2B.Tests.DependenciasDurasTests	Sillar.Modules.B2B.Tests.DependenciasDurasTests.Con_M07_activo_el_panel_no_desactiva_M01_ni_M04	2026-10-06T18:34:22.7312949-05:00	00:00:00.0039465
Passed	Sillar.Modules.B2B.Tests.DependenciasDurasTests	Sillar.Modules.B2B.Tests.DependenciasDurasTests.Con_M07_inactivo_el_panel_deja_desactivar_M01_porque_desactivar_no_borra	2026-10-06T18:34:22.5889671-05:00	00:00:00.0164454
Passed	Sillar.Modules.B2B.Tests.DependenciasDurasTests	Sillar.Modules.B2B.Tests.DependenciasDurasTests.El_instalador_aplica_M07_despues_de_M01_y_M04	2026-10-06T18:34:22.6552341-05:00	00:00:00.0713901
Passed	Sillar.Modules.B2B.Tests.DependenciasDurasTests	Sillar.Modules.B2B.Tests.DependenciasDurasTests.El_instalador_rechaza_un_despliegue_con_M07_y_sin_M01	2026-10-06T18:34:21.3938002-05:00	00:00:00.5903451
Passed	Sillar.Modules.B2B.Tests.DependenciasDurasTests	Sillar.Modules.B2B.Tests.DependenciasDurasTests.El_instalador_rechaza_un_despliegue_con_M07_y_sin_M04	2026-10-06T18:34:22.6334714-05:00	00:00:00.0142567
Passed	Sillar.Modules.B2B.Tests.DependenciasDurasTests	Sillar.Modules.B2B.Tests.DependenciasDurasTests.El_panel_no_activa_M07_si_falta_M01	2026-10-06T18:34:22.6169140-05:00	00:00:00.0085300
Passed	Sillar.Modules.B2B.Tests.DependenciasDurasTests	Sillar.Modules.B2B.Tests.DependenciasDurasTests.El_panel_no_activa_M07_si_falta_M04	2026-10-06T18:34:22.2292134-05:00	00:00:00.3309633
Passed	Sillar.Modules.B2B.Tests.DependenciasDurasTests	Sillar.Modules.B2B.Tests.DependenciasDurasTests.M07_declara_dependencia_dura_de_core_catalogo_y_clientes	2026-10-06T18:34:22.5672639-05:00	00:00:00.0096128
Passed	Sillar.Modules.B2B.Tests.InstalacionYDesinstalacionTests	Sillar.Modules.B2B.Tests.InstalacionYDesinstalacionTests.Ck_quotes_origen_rechaza_dos_origenes_y_ninguno_y_acepta_uno	2026-10-06T18:34:21.3890715-05:00	00:00:34.9736856
Passed	Sillar.Modules.B2B.Tests.InstalacionYDesinstalacionTests	Sillar.Modules.B2B.Tests.InstalacionYDesinstalacionTests.Con_M07_instalado_el_99_drop_de_una_dependencia_dura_se_rechaza_sin_borrar_nada(modulo: "catalog", nombre: "M01 Catálogo")	2026-10-06T18:35:59.2891503-05:00	00:00:06.3939975
Passed	Sillar.Modules.B2B.Tests.InstalacionYDesinstalacionTests	Sillar.Modules.B2B.Tests.InstalacionYDesinstalacionTests.Con_M07_instalado_el_99_drop_de_una_dependencia_dura_se_rechaza_sin_borrar_nada(modulo: "crm", nombre: "M04 Clientes")	2026-10-06T18:35:49.7581908-05:00	00:00:09.5300850
Passed	Sillar.Modules.B2B.Tests.InstalacionYDesinstalacionTests	Sillar.Modules.B2B.Tests.InstalacionYDesinstalacionTests.Desinstalar_M07_primero_permite_despues_desinstalar_M01_y_M04	2026-10-06T18:35:29.8979143-05:00	00:00:10.1363523
Passed	Sillar.Modules.B2B.Tests.InstalacionYDesinstalacionTests	Sillar.Modules.B2B.Tests.InstalacionYDesinstalacionTests.Desinstalar_y_reinstalar_M07_deja_M01_M04_y_CORE_como_estaban_y_devuelve_sus_FK	2026-10-06T18:36:11.3743045-05:00	00:00:04.4005418
Passed	Sillar.Modules.B2B.Tests.InstalacionYDesinstalacionTests	Sillar.Modules.B2B.Tests.InstalacionYDesinstalacionTests.Instalar_M07_con_M01_y_M04_crea_sus_cinco_claves_foraneas_duras	2026-10-06T18:35:19.9293262-05:00	00:00:09.9615452
Passed	Sillar.Modules.B2B.Tests.InstalacionYDesinstalacionTests	Sillar.Modules.B2B.Tests.InstalacionYDesinstalacionTests.Instalar_M07_sin_M01_falla_diciendo_que_falta_y_no_deja_tablas_de_M07	2026-10-06T18:36:15.7773666-05:00	00:00:03.6572119
Passed	Sillar.Modules.B2B.Tests.InstalacionYDesinstalacionTests	Sillar.Modules.B2B.Tests.InstalacionYDesinstalacionTests.Instalar_M07_sin_M04_falla_diciendo_que_falta_y_no_deja_tablas_de_M07	2026-10-06T18:35:40.0353142-05:00	00:00:09.7215392
Passed	Sillar.Modules.B2B.Tests.InstalacionYDesinstalacionTests	Sillar.Modules.B2B.Tests.InstalacionYDesinstalacionTests.La_guarda_rechaza_por_el_registro_de_modulos_aunque_las_FK_ya_no_esten	2026-10-06T18:36:05.6861671-05:00	00:00:05.6850014
Passed	Sillar.Modules.B2B.Tests.InstalacionYDesinstalacionTests	Sillar.Modules.B2B.Tests.InstalacionYDesinstalacionTests.Lanzado_como_psql_sin_detenerse_en_errores_el_99_drop_tampoco_borra_nada(modulo: "catalog")	2026-10-06T18:34:56.4527087-05:00	00:00:12.0666478
Passed	Sillar.Modules.B2B.Tests.InstalacionYDesinstalacionTests	Sillar.Modules.B2B.Tests.InstalacionYDesinstalacionTests.Lanzado_como_psql_sin_detenerse_en_errores_el_99_drop_tampoco_borra_nada(modulo: "crm")	2026-10-06T18:35:08.5215542-05:00	00:00:11.4032717
Passed	Sillar.Modules.B2B.Tests.LimitePorCuentaTests	Sillar.Modules.B2B.Tests.LimitePorCuentaTests.La_solicitud_N_dentro_de_la_ventana_pasa	2026-10-06T18:34:22.4472977-05:00	00:00:00.0055533
Passed	Sillar.Modules.B2B.Tests.LimitePorCuentaTests	Sillar.Modules.B2B.Tests.LimitePorCuentaTests.La_solicitud_N_mas_1_se_rechaza_y_dice_cuando_volver	2026-10-06T18:34:22.3142888-05:00	00:00:00.1269903
Passed	Sillar.Modules.B2B.Tests.LimitePorCuentaTests	Sillar.Modules.B2B.Tests.LimitePorCuentaTests.Pasada_la_ventana_la_cuenta_vuelve_a_poder	2026-10-06T18:34:21.3917969-05:00	00:00:00.5350023
Passed	Sillar.Modules.B2B.Tests.LimitePorCuentaTests	Sillar.Modules.B2B.Tests.LimitePorCuentaTests.Una_cuenta_agotada_no_bloquea_a_otra	2026-10-06T18:34:22.2440466-05:00	00:00:00.0012424
Passed	Sillar.Modules.B2B.Tests.PermisosDeRutasTests	Sillar.Modules.B2B.Tests.PermisosDeRutasTests.Las_bajas_y_el_pago_exigen_admin_y_nada_mas_lo_exige	2026-10-06T18:34:25.5823855-05:00	00:00:01.8081198
Passed	Sillar.Modules.B2B.Tests.PermisosDeRutasTests	Sillar.Modules.B2B.Tests.PermisosDeRutasTests.Las_cuatro_rutas_publicas_exigen_la_sesion_de_cliente_de_M04	2026-10-06T18:34:21.3938346-05:00	00:00:04.1416061
Passed	Sillar.Modules.B2B.Tests.PermisosDeRutasTests	Sillar.Modules.B2B.Tests.PermisosDeRutasTests.Todas_las_rutas_del_panel_exigen_al_menos_editor	2026-10-06T18:34:27.4019480-05:00	00:00:01.5157822
Passed	Sillar.Modules.B2B.Tests.SelectoresDeCatalogoTests	Sillar.Modules.B2B.Tests.SelectoresDeCatalogoTests.Con_el_catalogo_real_no_se_eligen_productos_dados_de_baja	2026-10-06T18:34:23.4562283-05:00	00:00:39.8320533
Passed	Sillar.Modules.B2B.Tests.SelectoresDeCatalogoTests	Sillar.Modules.B2B.Tests.SelectoresDeCatalogoTests.El_frontend_de_M07_solo_llama_a_rutas_de_M07	2026-10-06T18:34:23.2881290-05:00	00:00:00.1617085
Passed	Sillar.Modules.B2B.Tests.SelectoresDeCatalogoTests	Sillar.Modules.B2B.Tests.SelectoresDeCatalogoTests.El_selector_de_presentaciones_usa_el_contrato_y_no_expone_codigos_internos_de_M01	2026-10-06T18:34:21.3937572-05:00	00:00:01.5991059
Passed	Sillar.Modules.B2B.Tests.SelectoresDeCatalogoTests	Sillar.Modules.B2B.Tests.SelectoresDeCatalogoTests.El_selector_de_productos_proyecta_solo_el_DTO_de_M07_y_descarta_los_inactivos	2026-10-06T18:34:23.0543329-05:00	00:00:00.2247000
Passed	Sillar.Modules.B2B.Tests.SelectoresDeCatalogoTests	Sillar.Modules.B2B.Tests.SelectoresDeCatalogoTests.Sin_texto_no_devuelven_nada_ni_preguntan_al_catalogo(q: "   ")	2026-10-06T18:35:03.2952103-05:00	00:00:00.0118486
Passed	Sillar.Modules.B2B.Tests.SelectoresDeCatalogoTests	Sillar.Modules.B2B.Tests.SelectoresDeCatalogoTests.Sin_texto_no_devuelven_nada_ni_preguntan_al_catalogo(q: "")	2026-10-06T18:35:03.3112410-05:00	00:00:00.0048447
Passed	Sillar.Modules.B2B.Tests.SelectoresDeCatalogoTests	Sillar.Modules.B2B.Tests.SelectoresDeCatalogoTests.Sin_texto_no_devuelven_nada_ni_preguntan_al_catalogo(q: null)	2026-10-06T18:35:03.3168971-05:00	00:00:00.0001125
Passed	Sillar.Modules.B2B.Tests.SolicitudesClienteTests	Sillar.Modules.B2B.Tests.SolicitudesClienteTests.Las_dos_formas_de_solicitud_comparten_el_cupo_de_la_cuenta	2026-10-06T18:35:40.0350047-05:00	00:00:09.7232269
Passed	Sillar.Modules.B2B.Tests.SolicitudesClienteTests	Sillar.Modules.B2B.Tests.SolicitudesClienteTests.Las_solicitudes_propias_no_traen_notas_internas_ni_las_de_otros	2026-10-06T18:35:59.2959286-05:00	00:00:06.3391180
Passed	Sillar.Modules.B2B.Tests.SolicitudesClienteTests	Sillar.Modules.B2B.Tests.SolicitudesClienteTests.Sobre_un_producto_no_publicado_dado_de_baja_o_inexistente_no_se_crea_nada(producto: "00000000-0000-7000-8000-0000000000a2")	2026-10-06T18:35:10.7669957-05:00	00:00:09.1603017
Passed	Sillar.Modules.B2B.Tests.SolicitudesClienteTests	Sillar.Modules.B2B.Tests.SolicitudesClienteTests.Sobre_un_producto_no_publicado_dado_de_baja_o_inexistente_no_se_crea_nada(producto: "00000000-0000-7000-8000-0000000000a3")	2026-10-06T18:35:03.2968052-05:00	00:00:07.4687581
Passed	Sillar.Modules.B2B.Tests.SolicitudesClienteTests	Sillar.Modules.B2B.Tests.SolicitudesClienteTests.Sobre_un_producto_no_publicado_dado_de_baja_o_inexistente_no_se_crea_nada(producto: "00000000-0000-7000-8000-0000000000ff")	2026-10-06T18:35:19.9283516-05:00	00:00:09.9815118
Passed	Sillar.Modules.B2B.Tests.SolicitudesClienteTests	Sillar.Modules.B2B.Tests.SolicitudesClienteTests.Una_cotizacion_ajena_o_en_borrador_no_se_distingue_de_una_inexistente	2026-10-06T18:34:21.3936637-05:00	00:00:41.8538007
Passed	Sillar.Modules.B2B.Tests.SolicitudesClienteTests	Sillar.Modules.B2B.Tests.SolicitudesClienteTests.Una_personalizacion_sobre_un_producto_publicado_se_crea_con_su_instantanea	2026-10-06T18:35:49.7590126-05:00	00:00:09.5336143
Passed	Sillar.Modules.B2B.Tests.SolicitudesClienteTests	Sillar.Modules.B2B.Tests.SolicitudesClienteTests.Una_peticion_invalida_no_crea_nada_ni_gasta_cupo	2026-10-06T18:35:29.9105643-05:00	00:00:10.1219629
Passed	Sillar.Modules.B2B.Tests.TransicionesDeSolicitudTests	Sillar.Modules.B2B.Tests.TransicionesDeSolicitudTests.Cerrada_y_rechazada_son_finales_y_la_frase_lo_dice	2026-10-06T18:34:22.7728260-05:00	00:00:00.0238098
Passed	Sillar.Modules.B2B.Tests.TransicionesDeSolicitudTests	Sillar.Modules.B2B.Tests.TransicionesDeSolicitudTests.Solo_se_permiten_las_seis_transiciones_de_la_regla_5	2026-10-06T18:34:22.8036525-05:00	00:00:00.0978034
Passed	Sillar.Modules.B2B.Tests.TransicionesDeSolicitudTests	Sillar.Modules.B2B.Tests.TransicionesDeSolicitudTests.Un_estado_inventado_no_es_estado	2026-10-06T18:34:22.7444192-05:00	00:00:00.0118449
Passed	Sillar.Modules.Catalog.Tests.BreadcrumbTests	Sillar.Modules.Catalog.Tests.BreadcrumbTests.Entre_varias_activas_se_elige_por_nombre_no_por_orden_de_llegada	2026-10-06T18:34:15.3948578-05:00	00:00:00.0155333
Passed	Sillar.Modules.Catalog.Tests.BreadcrumbTests	Sillar.Modules.Catalog.Tests.BreadcrumbTests.La_ruta_se_corta_en_el_primer_antecesor_inactivo_sin_incluirlo	2026-10-06T18:34:14.8866760-05:00	00:00:00.4315495
Passed	Sillar.Modules.Catalog.Tests.BreadcrumbTests	Sillar.Modules.Catalog.Tests.BreadcrumbTests.La_ruta_sube_de_la_categoria_hasta_la_raiz	2026-10-06T18:34:15.4265983-05:00	00:00:00.0045822
Passed	Sillar.Modules.Catalog.Tests.BreadcrumbTests	Sillar.Modules.Catalog.Tests.BreadcrumbTests.Si_la_principal_esta_activa_se_usa_ella	2026-10-06T18:34:15.4124643-05:00	00:00:00.0007002
Passed	Sillar.Modules.Catalog.Tests.BreadcrumbTests	Sillar.Modules.Catalog.Tests.BreadcrumbTests.Si_la_principal_esta_inactiva_se_usa_otra_activa_del_producto	2026-10-06T18:34:15.4324981-05:00	00:00:00.0093326
Passed	Sillar.Modules.Catalog.Tests.BreadcrumbTests	Sillar.Modules.Catalog.Tests.BreadcrumbTests.Si_ninguna_categoria_esta_activa_no_hay_miga	2026-10-06T18:34:15.4147293-05:00	00:00:00.0006681
Passed	Sillar.Modules.Catalog.Tests.BreadcrumbTests	Sillar.Modules.Catalog.Tests.BreadcrumbTests.Sin_categoria_principal_se_usa_otra_activa_igual	2026-10-06T18:34:15.4171149-05:00	00:00:00.0006185
Passed	Sillar.Modules.Catalog.Tests.CatalogContractPostgresTests	Sillar.Modules.Catalog.Tests.CatalogContractPostgresTests.BuscarPorCodigo_traduce_con_inner_join_y_respeta_actividad_y_proyeccion	2026-10-06T18:34:38.1478979-05:00	00:00:00.5799895
Passed	Sillar.Modules.Catalog.Tests.CatalogContractPostgresTests	Sillar.Modules.Catalog.Tests.CatalogContractPostgresTests.Buscar_traduce_con_inner_join_full_text_filtros_orden_y_limite_cero	2026-10-06T18:34:37.8212336-05:00	00:00:00.3197984
Passed	Sillar.Modules.Catalog.Tests.CatalogContractPostgresTests	Sillar.Modules.Catalog.Tests.CatalogContractPostgresTests.ItemExisteYEstaActivo_traduce_en_postgresql_y_distingue_activa_inactiva_e_inexistente	2026-10-06T18:34:15.4487579-05:00	00:00:20.1315356
Passed	Sillar.Modules.Catalog.Tests.CatalogContractPostgresTests	Sillar.Modules.Catalog.Tests.CatalogContractPostgresTests.ObtenerItem_traduce_con_inner_join_y_relee_variante_inactiva	2026-10-06T18:34:37.4475872-05:00	00:00:00.3656448
Passed	Sillar.Modules.Catalog.Tests.CatalogContractPostgresTests	Sillar.Modules.Catalog.Tests.CatalogContractPostgresTests.VariantesDe_traduce_con_inner_join_y_conserva_solo_item_activo_y_orden	2026-10-06T18:34:35.6910205-05:00	00:00:01.7304217
Passed	Sillar.Modules.Catalog.Tests.CatalogSelectionTests	Sillar.Modules.Catalog.Tests.CatalogSelectionTests.Pedir_cero_o_menos_devuelve_uno	2026-10-06T18:34:14.8847367-05:00	00:00:00.2372397
Passed	Sillar.Modules.Catalog.Tests.CatalogSelectionTests	Sillar.Modules.Catalog.Tests.CatalogSelectionTests.Pedir_mas_del_tope_devuelve_el_tope	2026-10-06T18:34:15.2840906-05:00	00:00:00.0045075
Passed	Sillar.Modules.Catalog.Tests.CatalogSelectionTests	Sillar.Modules.Catalog.Tests.CatalogSelectionTests.Un_limite_razonable_se_respeta	2026-10-06T18:34:15.3192673-05:00	00:00:00.0005070
Passed	Sillar.Modules.Catalog.Tests.CatalogTranslationTests	Sillar.Modules.Catalog.Tests.CatalogTranslationTests.Buscar_para_seleccion_se_traduce_y_se_ejecuta	2026-10-06T18:34:35.6894174-05:00	00:00:01.3513284
Passed	Sillar.Modules.Catalog.Tests.CatalogTranslationTests	Sillar.Modules.Catalog.Tests.CatalogTranslationTests.La_busqueda_no_distingue_tildes_ni_mayusculas	2026-10-06T18:34:14.8844485-05:00	00:00:20.6238297
Passed	Sillar.Modules.Catalog.Tests.CatalogTranslationTests	Sillar.Modules.Catalog.Tests.CatalogTranslationTests.Obtener_para_seleccion_se_traduce_y_devuelve_lo_mismo_que_buscar	2026-10-06T18:34:37.4765956-05:00	00:00:00.2033995
Passed	Sillar.Modules.Catalog.Tests.CatalogTranslationTests	Sillar.Modules.Catalog.Tests.CatalogTranslationTests.Un_producto_de_baja_no_se_puede_elegir_pero_si_releer	2026-10-06T18:34:37.3595094-05:00	00:00:00.1126690
Passed	Sillar.Modules.Catalog.Tests.CatalogTranslationTests	Sillar.Modules.Catalog.Tests.CatalogTranslationTests.Un_producto_que_no_existe_se_relee_como_nulo	2026-10-06T18:34:37.0513985-05:00	00:00:00.2958104
Passed	Sillar.Modules.Catalog.Tests.CategoryTreeTests	Sillar.Modules.Catalog.Tests.CategoryTreeTests.Asignar_un_padre_sin_relacion_no_es_ciclo	2026-10-06T18:34:15.3184932-05:00	00:00:00.0183927
Passed	Sillar.Modules.Catalog.Tests.CategoryTreeTests	Sillar.Modules.Catalog.Tests.CategoryTreeTests.Asignar_una_raiz_nueva_no_es_ciclo	2026-10-06T18:34:14.8832161-05:00	00:00:00.2248692
Passed	Sillar.Modules.Catalog.Tests.CategoryTreeTests	Sillar.Modules.Catalog.Tests.CategoryTreeTests.Mover_una_hoja_a_otra_rama_no_es_ciclo	2026-10-06T18:34:15.3500037-05:00	00:00:00.0176192
Passed	Sillar.Modules.Catalog.Tests.CategoryTreeTests	Sillar.Modules.Catalog.Tests.CategoryTreeTests.Ser_padre_de_si_misma_es_ciclo	2026-10-06T18:34:15.2818653-05:00	00:00:00.0350124
Passed	Sillar.Modules.Catalog.Tests.CategoryTreeTests	Sillar.Modules.Catalog.Tests.CategoryTreeTests.Un_ciclo_largo_tambien_se_detecta	2026-10-06T18:34:15.3691946-05:00	00:00:00.0071360
Passed	Sillar.Modules.Catalog.Tests.ItemPricingTests	Sillar.Modules.Catalog.Tests.ItemPricingTests.Cero_no_es_lo_mismo_que_nulo	2026-10-06T18:34:15.4652730-05:00	00:00:00.0063393
Passed	Sillar.Modules.Catalog.Tests.ItemPricingTests	Sillar.Modules.Catalog.Tests.ItemPricingTests.Con_precio_propio_lo_usa_a_el	2026-10-06T18:34:15.3919613-05:00	00:00:00.0548125
Passed	Sillar.Modules.Catalog.Tests.ItemPricingTests	Sillar.Modules.Catalog.Tests.ItemPricingTests.El_minimo_cuenta_lo_que_se_hereda_no_solo_lo_propio	2026-10-06T18:34:14.8852860-05:00	00:00:00.2869067
Passed	Sillar.Modules.Catalog.Tests.ItemPricingTests	Sillar.Modules.Catalog.Tests.ItemPricingTests.Gratis_es_un_precio_y_puede_ser_el_minimo	2026-10-06T18:34:15.3312519-05:00	00:00:00.0088242
Passed	Sillar.Modules.Catalog.Tests.ItemPricingTests	Sillar.Modules.Catalog.Tests.ItemPricingTests.Nulo_en_los_dos_es_consultar_precio_no_cero	2026-10-06T18:34:15.3703776-05:00	00:00:00.0082430
Passed	Sillar.Modules.Catalog.Tests.ItemPricingTests	Sillar.Modules.Catalog.Tests.ItemPricingTests.Si_cuestan_distinto_la_tarjeta_ensena_el_minimo_con_desde	2026-10-06T18:34:15.3841938-05:00	00:00:00.0010090
Passed	Sillar.Modules.Catalog.Tests.ItemPricingTests	Sillar.Modules.Catalog.Tests.ItemPricingTests.Si_todas_las_presentaciones_cuestan_igual_la_tarjeta_no_dice_desde	2026-10-06T18:34:15.3092268-05:00	00:00:00.0160516
Passed	Sillar.Modules.Catalog.Tests.ItemPricingTests	Sillar.Modules.Catalog.Tests.ItemPricingTests.Sin_precio_propio_usa_el_de_lista	2026-10-06T18:34:15.4524051-05:00	00:00:00.0007225
Passed	Sillar.Modules.Catalog.Tests.ItemPricingTests	Sillar.Modules.Catalog.Tests.ItemPricingTests.Un_producto_sin_presentaciones_ensena_su_precio_de_lista	2026-10-06T18:34:15.3570409-05:00	00:00:00.0013064
Passed	Sillar.Modules.Catalog.Tests.ItemPricingTests	Sillar.Modules.Catalog.Tests.ItemPricingTests.Una_sola_a_consultar_deja_toda_la_tarjeta_a_consultar	2026-10-06T18:34:15.4587465-05:00	00:00:00.0049131
Passed	Sillar.Modules.Catalog.Tests.ProductEventTests	Sillar.Modules.Catalog.Tests.ProductEventTests.Cambiar_las_categorias_avisa	2026-10-06T18:34:35.6968313-05:00	00:00:02.6736371
Passed	Sillar.Modules.Catalog.Tests.ProductEventTests	Sillar.Modules.Catalog.Tests.ProductEventTests.Dar_de_baja_y_reactivar_avisan_los_dos	2026-10-06T18:34:38.3758838-05:00	00:00:00.9494494
Passed	Sillar.Modules.Catalog.Tests.ProductEventTests	Sillar.Modules.Catalog.Tests.ProductEventTests.Editar_una_presentacion_avisa_de_que_cambio_el_producto	2026-10-06T18:34:14.8844926-05:00	00:00:20.6233162
Passed	Sillar.Modules.Catalog.Tests.ProductEventTests	Sillar.Modules.Catalog.Tests.ProductEventTests.La_forma_interna_del_producto_no_cambia_lo_que_se_emite	2026-10-06T18:34:39.3657727-05:00	00:00:00.4584938
Passed	Sillar.Modules.Catalog.Tests.ProductItemRulesTests	Sillar.Modules.Catalog.Tests.ProductItemRulesTests.El_mensaje_no_es_un_error_generico	2026-10-06T18:34:15.2834181-05:00	00:00:00.0023052
Passed	Sillar.Modules.Catalog.Tests.ProductItemRulesTests	Sillar.Modules.Catalog.Tests.ProductItemRulesTests.Si_es_la_ultima_el_mensaje_propone_desactivar_el_producto	2026-10-06T18:34:15.3155271-05:00	00:00:00.0291115
Passed	Sillar.Modules.Catalog.Tests.ProductItemRulesTests	Sillar.Modules.Catalog.Tests.ProductItemRulesTests.Si_no_es_la_ultima_no_hay_bloqueo	2026-10-06T18:34:14.8847039-05:00	00:00:00.2168937
Passed	Sillar.Modules.Catalog.Tests.SlugGeneratorTests	Sillar.Modules.Catalog.Tests.SlugGeneratorTests.Formatos_invalidos_no_pasan(slug: "")	2026-10-06T18:34:15.3298008-05:00	00:00:00.0209099
Passed	Sillar.Modules.Catalog.Tests.SlugGeneratorTests	Sillar.Modules.Catalog.Tests.SlugGeneratorTests.Formatos_invalidos_no_pasan(slug: "-artesco")	2026-10-06T18:34:15.3743312-05:00	00:00:00.0000727
Passed	Sillar.Modules.Catalog.Tests.SlugGeneratorTests	Sillar.Modules.Catalog.Tests.SlugGeneratorTests.Formatos_invalidos_no_pasan(slug: "Artesco")	2026-10-06T18:34:15.3615160-05:00	00:00:00.0002876
Passed	Sillar.Modules.Catalog.Tests.SlugGeneratorTests	Sillar.Modules.Catalog.Tests.SlugGeneratorTests.Formatos_invalidos_no_pasan(slug: "artesco verde")	2026-10-06T18:34:15.3518421-05:00	00:00:00.0000811
Passed	Sillar.Modules.Catalog.Tests.SlugGeneratorTests	Sillar.Modules.Catalog.Tests.SlugGeneratorTests.Formatos_invalidos_no_pasan(slug: "artesco-")	2026-10-06T18:34:15.3140225-05:00	00:00:00.0003745
Passed	Sillar.Modules.Catalog.Tests.SlugGeneratorTests	Sillar.Modules.Catalog.Tests.SlugGeneratorTests.Formatos_invalidos_no_pasan(slug: "artesco--verde")	2026-10-06T18:34:15.3732696-05:00	00:00:00.0000730
Passed	Sillar.Modules.Catalog.Tests.SlugGeneratorTests	Sillar.Modules.Catalog.Tests.SlugGeneratorTests.Formatos_invalidos_no_pasan(slug: null)	2026-10-06T18:34:15.3825747-05:00	00:00:00.0000977
Passed	Sillar.Modules.Catalog.Tests.SlugGeneratorTests	Sillar.Modules.Catalog.Tests.SlugGeneratorTests.Formatos_validos_pasan(slug: "a4-100-hojas")	2026-10-06T18:34:15.2743565-05:00	00:00:00.0062565
Passed	Sillar.Modules.Catalog.Tests.SlugGeneratorTests	Sillar.Modules.Catalog.Tests.SlugGeneratorTests.Formatos_validos_pasan(slug: "artesco")	2026-10-06T18:34:15.2817272-05:00	00:00:00.0000869
Passed	Sillar.Modules.Catalog.Tests.SlugGeneratorTests	Sillar.Modules.Catalog.Tests.SlugGeneratorTests.Formatos_validos_pasan(slug: "plumon-de-pizarra-verde")	2026-10-06T18:34:14.8846791-05:00	00:00:00.2273264
Passed	Sillar.Modules.Catalog.Tests.SlugGeneratorTests	Sillar.Modules.Catalog.Tests.SlugGeneratorTests.La_ene_con_virgulilla_pliega_a_ene	2026-10-06T18:34:15.4480240-05:00	00:00:00.0004140
Passed	Sillar.Modules.Catalog.Tests.SlugGeneratorTests	Sillar.Modules.Catalog.Tests.SlugGeneratorTests.Las_tildes_desaparecen_sin_dejar_hueco	2026-10-06T18:34:15.4579186-05:00	00:00:00.0003792
Passed	Sillar.Modules.Catalog.Tests.SlugGeneratorTests	Sillar.Modules.Catalog.Tests.SlugGeneratorTests.Lo_que_genera_esta_clase_siempre_es_valido_para_ella_misma	2026-10-06T18:34:15.4214996-05:00	00:00:00.0007825
Passed	Sillar.Modules.Catalog.Tests.SlugGeneratorTests	Sillar.Modules.Catalog.Tests.SlugGeneratorTests.Los_espacios_multiples_no_dejan_guiones_dobles	2026-10-06T18:34:15.4407358-05:00	00:00:00.0059621
Passed	Sillar.Modules.Catalog.Tests.SlugGeneratorTests	Sillar.Modules.Catalog.Tests.SlugGeneratorTests.No_hay_guion_al_principio_ni_al_final	2026-10-06T18:34:15.4304334-05:00	00:00:00.0005651
Passed	Sillar.Modules.Catalog.Tests.SlugGeneratorTests	Sillar.Modules.Catalog.Tests.SlugGeneratorTests.Un_nombre_simple_se_pasa_a_minusculas_y_guiones	2026-10-06T18:34:15.3891914-05:00	00:00:00.0202012
Passed	Sillar.Modules.Cms.Tests.ContratosHttpTests	Sillar.Modules.Cms.Tests.ContratosHttpTests.Administracion_de_trabajos_distingue_los_incompletos	2026-10-06T18:34:15.8381302-05:00	00:00:00.0168362
Passed	Sillar.Modules.Cms.Tests.ContratosHttpTests	Sillar.Modules.Cms.Tests.ContratosHttpTests.Administracion_distingue_el_estado_del_producto_del_estado_del_destacado	2026-10-06T18:34:17.6320182-05:00	00:00:00.0008872
Passed	Sillar.Modules.Cms.Tests.ContratosHttpTests	Sillar.Modules.Cms.Tests.ContratosHttpTests.Destacados_exponen_el_snapshot_sin_precio_formateado	2026-10-06T18:34:17.5810046-05:00	00:00:00.0291065
Passed	Sillar.Modules.Cms.Tests.ContratosHttpTests	Sillar.Modules.Cms.Tests.ContratosHttpTests.Editar_no_permite_desactivar_ni_reordenar_por_un_campo_suelto	2026-10-06T18:34:15.2157780-05:00	00:00:00.2598643
Passed	Sillar.Modules.Cms.Tests.ContratosHttpTests	Sillar.Modules.Cms.Tests.ContratosHttpTests.Las_tres_respuestas_programables_exponen_un_estado_controlado	2026-10-06T18:34:15.8565518-05:00	00:00:01.6898819
Passed	Sillar.Modules.Cms.Tests.ContratosHttpTests	Sillar.Modules.Cms.Tests.ContratosHttpTests.Ninguna_respuesta_publica_expone_identificadores_de_medios	2026-10-06T18:34:17.5552315-05:00	00:00:00.0177333
Passed	Sillar.Modules.Cms.Tests.ContratosHttpTests	Sillar.Modules.Cms.Tests.ContratosHttpTests.Trabajos_y_redes_no_exponen_estado_de_ventana	2026-10-06T18:34:17.6114972-05:00	00:00:00.0006692
Passed	Sillar.Modules.Cms.Tests.EventosCatalogoTests	Sillar.Modules.Cms.Tests.EventosCatalogoTests.Los_tres_manejadores_se_registran_como_singleton_para_el_bus_raiz	2026-10-06T18:34:15.2158507-05:00	00:00:00.5757868
Passed	Sillar.Modules.Cms.Tests.ProductoDestacadoTests	Sillar.Modules.Cms.Tests.ProductoDestacadoTests.Precio_a_consultar_gratis_y_positivo_son_validos	2026-10-06T18:34:17.1994982-05:00	00:00:00.0107330
Passed	Sillar.Modules.Cms.Tests.ProductoDestacadoTests	Sillar.Modules.Cms.Tests.ProductoDestacadoTests.Precio_negativo_se_rechaza	2026-10-06T18:34:17.3830222-05:00	00:00:00.0039541
Passed	Sillar.Modules.Cms.Tests.ProductoDestacadoTests	Sillar.Modules.Cms.Tests.ProductoDestacadoTests.Producto_dado_de_baja_no_puede_publicarse_aunque_siga_publico	2026-10-06T18:34:17.3128770-05:00	00:00:00.0271268
Passed	Sillar.Modules.Cms.Tests.ProductoDestacadoTests	Sillar.Modules.Cms.Tests.ProductoDestacadoTests.Producto_no_publico_no_puede_publicarse	2026-10-06T18:34:17.3712651-05:00	00:00:00.0067339
Passed	Sillar.Modules.Cms.Tests.ProductoDestacadoTests	Sillar.Modules.Cms.Tests.ProductoDestacadoTests.Producto_publico_y_enlazado_puede_publicarse	2026-10-06T18:34:17.3415939-05:00	00:00:00.0086404
Passed	Sillar.Modules.Cms.Tests.ProductoDestacadoTests	Sillar.Modules.Cms.Tests.ProductoDestacadoTests.Releer_el_snapshot_sobrescribe_el_estado_del_producto_y_es_idempotente	2026-10-06T18:34:17.0285564-05:00	00:00:00.1477087
Passed	Sillar.Modules.Cms.Tests.ProductoDestacadoTests	Sillar.Modules.Cms.Tests.ProductoDestacadoTests.Respuesta_conserva_precio_nulo_cero_y_positivo_como_estados_distintos	2026-10-06T18:34:15.2140732-05:00	00:00:01.7348454
Passed	Sillar.Modules.Cms.Tests.ProductoDestacadoTests	Sillar.Modules.Cms.Tests.ProductoDestacadoTests.Snapshot_con_producto_no_esta_pendiente_de_volver_a_enlazar	2026-10-06T18:34:17.2223025-05:00	00:00:00.0011241
Passed	Sillar.Modules.Cms.Tests.ProductoDestacadoTests	Sillar.Modules.Cms.Tests.ProductoDestacadoTests.Snapshot_sin_producto_esta_pendiente_de_volver_a_enlazar	2026-10-06T18:34:17.3918679-05:00	00:00:00.0004561
Passed	Sillar.Modules.Cms.Tests.ReactivacionRedSocialTests	Sillar.Modules.Cms.Tests.ReactivacionRedSocialTests.Crear_desactivar_y_reactivar_instagram_recupera_la_misma_fila	2026-10-06T18:34:15.2161300-05:00	00:00:19.1931275
Passed	Sillar.Modules.Cms.Tests.ReactivacionRedSocialTests	Sillar.Modules.Cms.Tests.ReactivacionRedSocialTests.Reactivar_exige_editor_y_admin_para_aplicar_la_jerarquia_existente	2026-10-06T18:34:35.6088076-05:00	00:00:01.3787714
Passed	Sillar.Modules.Cms.Tests.ReactivacionRedSocialTests	Sillar.Modules.Cms.Tests.ReactivacionRedSocialTests.Reactivar_una_activa_es_idempotente_y_un_id_inexistente_no_se_inventa	2026-10-06T18:34:34.5732482-05:00	00:00:01.0239002
Passed	Sillar.Modules.Cms.Tests.ReglasContenidoTests	Sillar.Modules.Cms.Tests.ReglasContenidoTests.Enlace_sin_texto_visible_se_rechaza	2026-10-06T18:34:16.0372561-05:00	00:00:00.0059769
Passed	Sillar.Modules.Cms.Tests.ReglasContenidoTests	Sillar.Modules.Cms.Tests.ReglasContenidoTests.Fecha_de_fin_anterior_nombra_la_fecha_que_hay_que_corregir	2026-10-06T18:34:16.0754138-05:00	00:00:00.0010279
Passed	Sillar.Modules.Cms.Tests.ReglasContenidoTests	Sillar.Modules.Cms.Tests.ReglasContenidoTests.Fecha_de_fin_igual_al_inicio_tambien_se_rechaza	2026-10-06T18:34:16.0212543-05:00	00:00:00.0041009
Passed	Sillar.Modules.Cms.Tests.ReglasContenidoTests	Sillar.Modules.Cms.Tests.ReglasContenidoTests.Imagen_sin_texto_alternativo_se_rechaza	2026-10-06T18:34:15.2159355-05:00	00:00:00.2465759
Passed	Sillar.Modules.Cms.Tests.ReglasContenidoTests	Sillar.Modules.Cms.Tests.ReglasContenidoTests.Plataforma_social_fuera_de_la_lista_se_rechaza	2026-10-06T18:34:16.0561042-05:00	00:00:00.0075163
Passed	Sillar.Modules.Cms.Tests.ReglasContenidoTests	Sillar.Modules.Cms.Tests.ReglasContenidoTests.Plataforma_social_se_normaliza(original: " WHATSAPP ", expected: "whatsapp")	2026-10-06T18:34:15.9980500-05:00	00:00:00.0050774
Passed	Sillar.Modules.Cms.Tests.ReglasContenidoTests	Sillar.Modules.Cms.Tests.ReglasContenidoTests.Plataforma_social_se_normaliza(original: "Instagram", expected: "instagram")	2026-10-06T18:34:15.9745575-05:00	00:00:00.0224920
Passed	Sillar.Modules.Cms.Tests.ReglasContenidoTests	Sillar.Modules.Cms.Tests.ReglasContenidoTests.Ruta_interna_y_https_con_etiqueta_se_aceptan(url: "/catalogo")	2026-10-06T18:34:15.8534586-05:00	00:00:00.0055904
Passed	Sillar.Modules.Cms.Tests.ReglasContenidoTests	Sillar.Modules.Cms.Tests.ReglasContenidoTests.Ruta_interna_y_https_con_etiqueta_se_aceptan(url: "https://sillar.example/catalogo")	2026-10-06T18:34:15.8665912-05:00	00:00:00.0957244
Passed	Sillar.Modules.Cms.Tests.ReglasContenidoTests	Sillar.Modules.Cms.Tests.ReglasContenidoTests.Sin_imagen_el_texto_alternativo_puede_ser_nulo	2026-10-06T18:34:16.0448106-05:00	00:00:00.0004829
Passed	Sillar.Modules.Cms.Tests.ReglasContenidoTests	Sillar.Modules.Cms.Tests.ReglasContenidoTests.Texto_alternativo_de_espacios_se_rechaza_aunque_no_haya_imagen	2026-10-06T18:34:16.0081343-05:00	00:00:00.0003255
Passed	Sillar.Modules.Cms.Tests.ReordenamientoTests	Sillar.Modules.Cms.Tests.ReordenamientoTests.Cinco_elementos_reciben_exactamente_el_orden_solicitado	2026-10-06T18:34:15.9602986-05:00	00:00:00.2859747
Passed	Sillar.Modules.Cms.Tests.ReordenamientoTests	Sillar.Modules.Cms.Tests.ReordenamientoTests.Omitir_un_elemento_invalida_la_lista_completa	2026-10-06T18:34:15.9558093-05:00	00:00:00.0028674
Passed	Sillar.Modules.Cms.Tests.ReordenamientoTests	Sillar.Modules.Cms.Tests.ReordenamientoTests.Un_identificador_inexistente_invalida_el_plan_entero	2026-10-06T18:34:16.2513955-05:00	00:00:00.0032081
Passed	Sillar.Modules.Cms.Tests.ReordenamientoTests	Sillar.Modules.Cms.Tests.ReordenamientoTests.Un_identificador_repetido_no_produce_asignaciones_parciales	2026-10-06T18:34:15.2158192-05:00	00:00:00.4781134
Passed	Sillar.Modules.Cms.Tests.ReordenamientoTests	Sillar.Modules.Cms.Tests.ReordenamientoTests.Una_seccion_vacia_acepta_una_lista_vacia	2026-10-06T18:34:15.8413211-05:00	00:00:00.0818434
Passed	Sillar.Modules.Cms.Tests.TrabajoDestacadoTests	Sillar.Modules.Cms.Tests.TrabajoDestacadoTests.Con_imagen_activa_y_texto_alternativo_el_trabajo_esta_completo	2026-10-06T18:34:15.8807573-05:00	00:00:00.0169749
Passed	Sillar.Modules.Cms.Tests.TrabajoDestacadoTests	Sillar.Modules.Cms.Tests.TrabajoDestacadoTests.Con_medio_inactivo_el_trabajo_esta_incompleto	2026-10-06T18:34:15.8502305-05:00	00:00:00.0294115
Passed	Sillar.Modules.Cms.Tests.TrabajoDestacadoTests	Sillar.Modules.Cms.Tests.TrabajoDestacadoTests.Sin_imagen_el_trabajo_esta_incompleto	2026-10-06T18:34:15.2158792-05:00	00:00:00.2645511
Passed	Sillar.Modules.Cms.Tests.VigenciaPublicacionTests	Sillar.Modules.Cms.Tests.VigenciaPublicacionTests.Activo_sin_fechas_esta_vigente	2026-10-06T18:34:16.8891950-05:00	00:00:00.0264673
Passed	Sillar.Modules.Cms.Tests.VigenciaPublicacionTests	Sillar.Modules.Cms.Tests.VigenciaPublicacionTests.Banners_promociones_y_destacados_usan_la_misma_clasificacion	2026-10-06T18:34:16.6391474-05:00	00:00:00.1710222
Passed	Sillar.Modules.Cms.Tests.VigenciaPublicacionTests	Sillar.Modules.Cms.Tests.VigenciaPublicacionTests.Banners_promociones_y_destacados_usan_la_misma_expresion	2026-10-06T18:34:16.4683450-05:00	00:00:00.1695092
Passed	Sillar.Modules.Cms.Tests.VigenciaPublicacionTests	Sillar.Modules.Cms.Tests.VigenciaPublicacionTests.Dentro_del_intervalo_esta_vigente	2026-10-06T18:34:15.9521953-05:00	00:00:00.0251596
Passed	Sillar.Modules.Cms.Tests.VigenciaPublicacionTests	Sillar.Modules.Cms.Tests.VigenciaPublicacionTests.Empieza_exactamente_ahora_y_esta_vigente	2026-10-06T18:34:16.8580975-05:00	00:00:00.0178428
Passed	Sillar.Modules.Cms.Tests.VigenciaPublicacionTests	Sillar.Modules.Cms.Tests.VigenciaPublicacionTests.Estado_administrativo_respeta_la_misma_ventana(isActive: False, startMinutes: null, endMinutes: null, expected: Inactive)	2026-10-06T18:34:16.1455873-05:00	00:00:00.0169503
Passed	Sillar.Modules.Cms.Tests.VigenciaPublicacionTests	Sillar.Modules.Cms.Tests.VigenciaPublicacionTests.Estado_administrativo_respeta_la_misma_ventana(isActive: True, startMinutes: -1, endMinutes: 0, expected: Expired)	2026-10-06T18:34:16.2319274-05:00	00:00:00.0404522
Passed	Sillar.Modules.Cms.Tests.VigenciaPublicacionTests	Sillar.Modules.Cms.Tests.VigenciaPublicacionTests.Estado_administrativo_respeta_la_misma_ventana(isActive: True, startMinutes: -1, endMinutes: 1, expected: Current)	2026-10-06T18:34:16.3114030-05:00	00:00:00.0456473
Passed	Sillar.Modules.Cms.Tests.VigenciaPublicacionTests	Sillar.Modules.Cms.Tests.VigenciaPublicacionTests.Estado_administrativo_respeta_la_misma_ventana(isActive: True, startMinutes: -1, endMinutes: null, expected: Current)	2026-10-06T18:34:16.1726523-05:00	00:00:00.0474228
Passed	Sillar.Modules.Cms.Tests.VigenciaPublicacionTests	Sillar.Modules.Cms.Tests.VigenciaPublicacionTests.Estado_administrativo_respeta_la_misma_ventana(isActive: True, startMinutes: -2, endMinutes: -1, expected: Expired)	2026-10-06T18:34:16.3629728-05:00	00:00:00.0586478
Passed	Sillar.Modules.Cms.Tests.VigenciaPublicacionTests	Sillar.Modules.Cms.Tests.VigenciaPublicacionTests.Estado_administrativo_respeta_la_misma_ventana(isActive: True, startMinutes: 0, endMinutes: 1, expected: Current)	2026-10-06T18:34:15.9948215-05:00	00:00:00.1496402
Passed	Sillar.Modules.Cms.Tests.VigenciaPublicacionTests	Sillar.Modules.Cms.Tests.VigenciaPublicacionTests.Estado_administrativo_respeta_la_misma_ventana(isActive: True, startMinutes: 1, endMinutes: null, expected: Scheduled)	2026-10-06T18:34:16.2748703-05:00	00:00:00.0352995
Passed	Sillar.Modules.Cms.Tests.VigenciaPublicacionTests	Sillar.Modules.Cms.Tests.VigenciaPublicacionTests.Inactivo_no_esta_vigente_aunque_no_tenga_fechas	2026-10-06T18:34:15.2156933-05:00	00:00:00.6299673
Passed	Sillar.Modules.Cms.Tests.VigenciaPublicacionTests	Sillar.Modules.Cms.Tests.VigenciaPublicacionTests.Programado_para_despues_no_esta_vigente	2026-10-06T18:34:16.4301778-05:00	00:00:00.0279688
Passed	Sillar.Modules.Cms.Tests.VigenciaPublicacionTests	Sillar.Modules.Cms.Tests.VigenciaPublicacionTests.Termina_exactamente_ahora_y_ya_no_esta_vigente	2026-10-06T18:34:16.8125547-05:00	00:00:00.0299443
Passed	Sillar.Modules.Crm.Tests.ContactMessageContractTests	Sillar.Modules.Crm.Tests.ContactMessageContractTests.Respuestas_de_contacto_no_exponen_secretos(type: typeof(Sillar.Modules.Crm.Dtos.AdminContactMessageDetailResponse))	2026-10-06T18:34:16.7531297-05:00	00:00:00.0002551
Passed	Sillar.Modules.Crm.Tests.ContactMessageContractTests	Sillar.Modules.Crm.Tests.ContactMessageContractTests.Respuestas_de_contacto_no_exponen_secretos(type: typeof(Sillar.Modules.Crm.Dtos.AdminContactMessageListItemResponse))	2026-10-06T18:34:16.2129074-05:00	00:00:00.2999392
Passed	Sillar.Modules.Crm.Tests.ContactMessageContractTests	Sillar.Modules.Crm.Tests.ContactMessageContractTests.Respuestas_de_contacto_no_exponen_secretos(type: typeof(Sillar.Modules.Crm.Dtos.PublicContactAcceptedResponse))	2026-10-06T18:34:16.7461173-05:00	00:00:00.0059320
Passed	Sillar.Modules.Crm.Tests.ContactMessageServiceTests	Sillar.Modules.Crm.Tests.ContactMessageServiceTests.Admin_lee_y_da_de_baja_sin_borrar	2026-10-06T18:34:16.2157799-05:00	00:00:23.7836895
Passed	Sillar.Modules.Crm.Tests.ContactMessageServiceTests	Sillar.Modules.Crm.Tests.ContactMessageServiceTests.Sesion_valida_puede_vincular_customer_y_conserva_snapshot	2026-10-06T18:34:42.1424330-05:00	00:00:01.5240837
Passed	Sillar.Modules.Crm.Tests.ContactMessageServiceTests	Sillar.Modules.Crm.Tests.ContactMessageServiceTests.Sin_correo_ni_telefono_se_rechaza	2026-10-06T18:34:40.2772201-05:00	00:00:01.8559929
Passed	Sillar.Modules.Crm.Tests.ContactMessageServiceTests	Sillar.Modules.Crm.Tests.ContactMessageServiceTests.Visitante_guarda_mensaje_sin_customer_id	2026-10-06T18:34:43.6712734-05:00	00:00:01.2281698
Passed	Sillar.Modules.Crm.Tests.ContactSubmissionThrottleTests	Sillar.Modules.Crm.Tests.ContactSubmissionThrottleTests.Al_terminar_la_ventana_la_ip_puede_enviar_de_nuevo	2026-10-06T18:34:16.8534924-05:00	00:00:00.0114035
Passed	Sillar.Modules.Crm.Tests.ContactSubmissionThrottleTests	Sillar.Modules.Crm.Tests.ContactSubmissionThrottleTests.Cinco_intentos_entran_y_el_sexto_se_limita	2026-10-06T18:34:16.2159262-05:00	00:00:00.3302486
Passed	Sillar.Modules.Crm.Tests.ContactSubmissionThrottleTests	Sillar.Modules.Crm.Tests.ContactSubmissionThrottleTests.Otra_ip_tiene_su_propio_contador	2026-10-06T18:34:16.8271746-05:00	00:00:00.0230499
Passed	Sillar.Modules.Crm.Tests.CrmPersistenceTests	Sillar.Modules.Crm.Tests.CrmPersistenceTests.Test01_CrmInitial_aplica_desde_cero	2026-10-06T18:36:40.8110883-05:00	00:00:00.0387729
Passed	Sillar.Modules.Crm.Tests.CrmPersistenceTests	Sillar.Modules.Crm.Tests.CrmPersistenceTests.Test02_customer_y_address_generan_uuid_v7	2026-10-06T18:36:41.6464503-05:00	00:00:00.1917884
Passed	Sillar.Modules.Crm.Tests.CrmPersistenceTests	Sillar.Modules.Crm.Tests.CrmPersistenceTests.Test03_segunda_account_para_mismo_customer_falla	2026-10-06T18:36:43.0234337-05:00	00:00:00.2121598
Passed	Sillar.Modules.Crm.Tests.CrmPersistenceTests	Sillar.Modules.Crm.Tests.CrmPersistenceTests.Test04_email_duplicado_falla_con_ficha_no_activa(label: "baja")	2026-10-06T18:36:25.1759547-05:00	00:00:00.9956443
Passed	Sillar.Modules.Crm.Tests.CrmPersistenceTests	Sillar.Modules.Crm.Tests.CrmPersistenceTests.Test04_email_duplicado_falla_con_ficha_no_activa(label: "bloqueada")	2026-10-06T18:36:23.3626650-05:00	00:00:01.8126209
Passed	Sillar.Modules.Crm.Tests.CrmPersistenceTests	Sillar.Modules.Crm.Tests.CrmPersistenceTests.Test05_documento_duplicado_falla	2026-10-06T18:36:36.8500099-05:00	00:00:01.2630328
Passed	Sillar.Modules.Crm.Tests.CrmPersistenceTests	Sillar.Modules.Crm.Tests.CrmPersistenceTests.Test06_combinaciones_invalidas_lifecycle_fallan(isActive: False, hasDeact: False, hasBlocked: False, label: "inactiva sin deactivated_at ni blocked_at")	2026-10-06T18:36:30.9020889-05:00	00:00:01.0516574
Passed	Sillar.Modules.Crm.Tests.CrmPersistenceTests	Sillar.Modules.Crm.Tests.CrmPersistenceTests.Test06_combinaciones_invalidas_lifecycle_fallan(isActive: False, hasDeact: True, hasBlocked: True, label: "de baja y bloqueada a la vez")	2026-10-06T18:36:31.9575801-05:00	00:00:00.8503446
Passed	Sillar.Modules.Crm.Tests.CrmPersistenceTests	Sillar.Modules.Crm.Tests.CrmPersistenceTests.Test06_combinaciones_invalidas_lifecycle_fallan(isActive: True, hasDeact: False, hasBlocked: True, label: "activa pero con blocked_at")	2026-10-06T18:36:32.8086813-05:00	00:00:00.8835622
Passed	Sillar.Modules.Crm.Tests.CrmPersistenceTests	Sillar.Modules.Crm.Tests.CrmPersistenceTests.Test06_combinaciones_invalidas_lifecycle_fallan(isActive: True, hasDeact: True, hasBlocked: False, label: "activa pero con deactivated_at")	2026-10-06T18:36:29.8693735-05:00	00:00:01.0322833
Passed	Sillar.Modules.Crm.Tests.CrmPersistenceTests	Sillar.Modules.Crm.Tests.CrmPersistenceTests.Test07_reactivation_resolved_sin_requested_falla	2026-10-06T18:36:40.6163716-05:00	00:00:00.1936871
Passed	Sillar.Modules.Crm.Tests.CrmPersistenceTests	Sillar.Modules.Crm.Tests.CrmPersistenceTests.Test08_reactivation_resolved_anterior_a_requested_falla	2026-10-06T18:36:42.5406556-05:00	00:00:00.1920136
Passed	Sillar.Modules.Crm.Tests.CrmPersistenceTests	Sillar.Modules.Crm.Tests.CrmPersistenceTests.Test09_dos_preferidas_activas_del_mismo_cliente_falla	2026-10-06T18:36:27.4190510-05:00	00:00:00.9870131
Passed	Sillar.Modules.Crm.Tests.CrmPersistenceTests	Sillar.Modules.Crm.Tests.CrmPersistenceTests.Test10_purpose_invalido_falla(purpose: "")	2026-10-06T18:36:39.3350063-05:00	00:00:00.5090259
Passed	Sillar.Modules.Crm.Tests.CrmPersistenceTests	Sillar.Modules.Crm.Tests.CrmPersistenceTests.Test10_purpose_invalido_falla(purpose: "login")	2026-10-06T18:36:38.8323916-05:00	00:00:00.5020359
Passed	Sillar.Modules.Crm.Tests.CrmPersistenceTests	Sillar.Modules.Crm.Tests.CrmPersistenceTests.Test10_purpose_invalido_falla(purpose: "reset")	2026-10-06T18:36:38.1249758-05:00	00:00:00.7070003
Passed	Sillar.Modules.Crm.Tests.CrmPersistenceTests	Sillar.Modules.Crm.Tests.CrmPersistenceTests.Test11_consumo_concurrente_del_mismo_token_produce_un_ganador	2026-10-06T18:36:42.3292311-05:00	00:00:00.2109139
Passed	Sillar.Modules.Crm.Tests.CrmPersistenceTests	Sillar.Modules.Crm.Tests.CrmPersistenceTests.Test12_eliminar_schema_crm_no_toca_core_ni_catalog	2026-10-06T18:36:40.2980784-05:00	00:00:00.3162877
Passed	Sillar.Modules.Crm.Tests.CrmPersistenceTests	Sillar.Modules.Crm.Tests.CrmPersistenceTests.Test13_reinstalar_crminitial_sobre_schema_limpio_funciona	2026-10-06T18:36:39.8567992-05:00	00:00:00.4394759
Passed	Sillar.Modules.Crm.Tests.CrmPersistenceTests	Sillar.Modules.Crm.Tests.CrmPersistenceTests.Test14_nfc_y_nfd_chocan_en_uq_customers_email	2026-10-06T18:36:35.7718821-05:00	00:00:01.0773984
Passed	Sillar.Modules.Crm.Tests.CrmPersistenceTests	Sillar.Modules.Crm.Tests.CrmPersistenceTests.Test14b_base_rechaza_todos_los_blancos_que_dotnet_trim_recorta	2026-10-06T18:36:33.6936484-05:00	00:00:01.0580566
Passed	Sillar.Modules.Crm.Tests.CrmPersistenceTests	Sillar.Modules.Crm.Tests.CrmPersistenceTests.Test14c_migracion_falla_y_no_corrige_correos_preexistentes	2026-10-06T18:36:28.4071042-05:00	00:00:01.4608642
Passed	Sillar.Modules.Crm.Tests.CrmPersistenceTests	Sillar.Modules.Crm.Tests.CrmPersistenceTests.Test15_cambiar_email_limpia_email_verified_at	2026-10-06T18:36:42.0492330-05:00	00:00:00.2795855
Passed	Sillar.Modules.Crm.Tests.CrmPersistenceTests	Sillar.Modules.Crm.Tests.CrmPersistenceTests.Test16_cambiar_solo_mayusculas_no_invalida_email_verified_at	2026-10-06T18:36:26.1723206-05:00	00:00:01.2461507
Passed	Sillar.Modules.Crm.Tests.CrmPersistenceTests	Sillar.Modules.Crm.Tests.CrmPersistenceTests.Test17_sql_directo_nfc_nfd_is_distinct_from	2026-10-06T18:36:41.4362650-05:00	00:00:00.2096135
Passed	Sillar.Modules.Crm.Tests.CrmPersistenceTests	Sillar.Modules.Crm.Tests.CrmPersistenceTests.Test18_tablas_no_replicadas_no_tienen_origin_node_ni_row_version	2026-10-06T18:36:39.8444880-05:00	00:00:00.0117575
Passed	Sillar.Modules.Crm.Tests.CrmPersistenceTests	Sillar.Modules.Crm.Tests.CrmPersistenceTests.Test19_tablas_replicadas_tienen_origin_node_y_row_version_se_incrementa	2026-10-06T18:36:41.8391836-05:00	00:00:00.2091978
Passed	Sillar.Modules.Crm.Tests.CrmPersistenceTests	Sillar.Modules.Crm.Tests.CrmPersistenceTests.Test20_set_updated_at_modifica_updated_at	2026-10-06T18:36:43.2362567-05:00	00:00:00.2994425
Passed	Sillar.Modules.Crm.Tests.CrmPersistenceTests	Sillar.Modules.Crm.Tests.CrmPersistenceTests.Test21_busqueda_parcial_email_trgm	2026-10-06T18:36:21.8468008-05:00	00:00:01.5152744
Passed	Sillar.Modules.Crm.Tests.CrmPersistenceTests	Sillar.Modules.Crm.Tests.CrmPersistenceTests.Test22_busqueda_full_name_tsvector_pena	2026-10-06T18:36:40.8506525-05:00	00:00:00.1940021
Passed	Sillar.Modules.Crm.Tests.CrmPersistenceTests	Sillar.Modules.Crm.Tests.CrmPersistenceTests.Test23_contact_message_sin_customer_id	2026-10-06T18:36:34.7523599-05:00	00:00:01.0187959
Passed	Sillar.Modules.Crm.Tests.CrmPersistenceTests	Sillar.Modules.Crm.Tests.CrmPersistenceTests.Test24_contact_message_vinculado_y_fk_inexistente	2026-10-06T18:36:41.2249326-05:00	00:00:00.2103585
Passed	Sillar.Modules.Crm.Tests.CrmPersistenceTests	Sillar.Modules.Crm.Tests.CrmPersistenceTests.Test25_contact_message_sin_email_ni_phone_falla	2026-10-06T18:36:41.0454591-05:00	00:00:00.1787709
Passed	Sillar.Modules.Crm.Tests.CrmPersistenceTests	Sillar.Modules.Crm.Tests.CrmPersistenceTests.Test26_contact_messages_no_tiene_origin_node_ni_row_version	2026-10-06T18:36:38.1146027-05:00	00:00:00.0094521
Passed	Sillar.Modules.Crm.Tests.CrmPersistenceTests	Sillar.Modules.Crm.Tests.CrmPersistenceTests.Test27_contact_messages_set_updated_at_modifica_updated_at	2026-10-06T18:36:42.7333380-05:00	00:00:00.2896650
Passed	Sillar.Modules.Crm.Tests.CustomerAccountTokenServiceTests	Sillar.Modules.Crm.Tests.CustomerAccountTokenServiceTests.Invitacion_crea_cuenta_y_verifica_correo	2026-10-06T18:35:04.6310295-05:00	00:00:05.3138985
Passed	Sillar.Modules.Crm.Tests.CustomerAccountTokenServiceTests	Sillar.Modules.Crm.Tests.CustomerAccountTokenServiceTests.Recuperar_password_revoca_todas_las_sesiones	2026-10-06T18:34:44.9242531-05:00	00:00:15.1600028
Passed	Sillar.Modules.Crm.Tests.CustomerAccountTokenServiceTests	Sillar.Modules.Crm.Tests.CustomerAccountTokenServiceTests.Verificacion_guarda_hash_y_solo_el_ultimo_token_es_valido	2026-10-06T18:35:00.1131020-05:00	00:00:04.5153198
Passed	Sillar.Modules.Crm.Tests.CustomerAdminContractTests	Sillar.Modules.Crm.Tests.CustomerAdminContractTests.Respuestas_admin_no_exponen_secretos(type: typeof(Sillar.Modules.Crm.Dtos.AdminCustomerAccessResponse))	2026-10-06T18:34:16.7544441-05:00	00:00:00.0129088
Passed	Sillar.Modules.Crm.Tests.CustomerAdminContractTests	Sillar.Modules.Crm.Tests.CustomerAdminContractTests.Respuestas_admin_no_exponen_secretos(type: typeof(Sillar.Modules.Crm.Dtos.AdminCustomerAddressResponse))	2026-10-06T18:34:16.7715428-05:00	00:00:00.0163453
Passed	Sillar.Modules.Crm.Tests.CustomerAdminContractTests	Sillar.Modules.Crm.Tests.CustomerAdminContractTests.Respuestas_admin_no_exponen_secretos(type: typeof(Sillar.Modules.Crm.Dtos.AdminCustomerDetailResponse))	2026-10-06T18:34:16.7918537-05:00	00:00:00.0003464
Passed	Sillar.Modules.Crm.Tests.CustomerAdminContractTests	Sillar.Modules.Crm.Tests.CustomerAdminContractTests.Respuestas_admin_no_exponen_secretos(type: typeof(Sillar.Modules.Crm.Dtos.AdminCustomerInvitationResponse))	2026-10-06T18:34:16.2158646-05:00	00:00:00.2964592
Passed	Sillar.Modules.Crm.Tests.CustomerAdminContractTests	Sillar.Modules.Crm.Tests.CustomerAdminContractTests.Respuestas_admin_no_exponen_secretos(type: typeof(Sillar.Modules.Crm.Dtos.AdminCustomerListItemResponse))	2026-10-06T18:34:16.8284155-05:00	00:00:00.0002627
Passed	Sillar.Modules.Crm.Tests.CustomerAdminContractTests	Sillar.Modules.Crm.Tests.CustomerAdminContractTests.Solo_la_ficha_admin_puede_exponer_notas_internas	2026-10-06T18:34:16.8494725-05:00	00:00:00.0224860
Passed	Sillar.Modules.Crm.Tests.CustomerAdminServiceTests	Sillar.Modules.Crm.Tests.CustomerAdminServiceTests.Baja_revoca_sesiones_y_reactivar_no_las_resucita	2026-10-06T18:35:09.9504396-05:00	00:00:07.2003226
Passed	Sillar.Modules.Crm.Tests.CustomerAdminServiceTests	Sillar.Modules.Crm.Tests.CustomerAdminServiceTests.Crea_ficha_sin_cuenta_y_la_encuentra_por_busqueda	2026-10-06T18:35:19.5483878-05:00	00:00:07.0824844
Passed	Sillar.Modules.Crm.Tests.CustomerAdminServiceTests	Sillar.Modules.Crm.Tests.CustomerAdminServiceTests.Editar_correo_de_cuenta_verificada_la_deja_sin_verificar	2026-10-06T18:35:26.6334731-05:00	00:00:02.0723170
Passed	Sillar.Modules.Crm.Tests.CustomerAdminServiceTests	Sillar.Modules.Crm.Tests.CustomerAdminServiceTests.Invitacion_marca_estado_y_no_expone_el_token	2026-10-06T18:35:17.1546657-05:00	00:00:02.3922504
Passed	Sillar.Modules.Crm.Tests.CustomerAuthenticationServiceTests	Sillar.Modules.Crm.Tests.CustomerAuthenticationServiceTests.Cliente_inactivo_no_puede_abrir_sesion	2026-10-06T18:36:47.8281874-05:00	00:00:01.5044301
Passed	Sillar.Modules.Crm.Tests.CustomerAuthenticationServiceTests	Sillar.Modules.Crm.Tests.CustomerAuthenticationServiceTests.Correo_inexistente_y_password_incorrecto_tienen_mismo_resultado	2026-10-06T18:36:45.7910942-05:00	00:00:02.0362909
Passed	Sillar.Modules.Crm.Tests.CustomerAuthenticationServiceTests	Sillar.Modules.Crm.Tests.CustomerAuthenticationServiceTests.Login_correcto_crea_customer_session	2026-10-06T18:36:44.2234088-05:00	00:00:01.5672415
Passed	Sillar.Modules.Crm.Tests.CustomerIdentityReaderTests	Sillar.Modules.Crm.Tests.CustomerIdentityReaderTests.El_contrato_es_solo_lectura	2026-10-06T18:35:39.2528565-05:00	00:00:00.0011325
Passed	Sillar.Modules.Crm.Tests.CustomerIdentityReaderTests	Sillar.Modules.Crm.Tests.CustomerIdentityReaderTests.El_contrato_no_pide_direccion	2026-10-06T18:35:28.7081593-05:00	00:00:00.0033469
Passed	Sillar.Modules.Crm.Tests.CustomerIdentityReaderTests	Sillar.Modules.Crm.Tests.CustomerIdentityReaderTests.La_identidad_solo_lleva_id_nombre_correo_y_telefono	2026-10-06T18:35:39.2490026-05:00	00:00:00.0032057
Passed	Sillar.Modules.Crm.Tests.CustomerIdentityReaderTests	Sillar.Modules.Crm.Tests.CustomerIdentityReaderTests.Los_contratos_no_arrastran_la_implementacion_de_CRM_ni_EF	2026-10-06T18:35:36.6222582-05:00	00:00:00.0093516
Passed	Sillar.Modules.Crm.Tests.CustomerIdentityReaderTests	Sillar.Modules.Crm.Tests.CustomerIdentityReaderTests.No_expone_notas_internas	2026-10-06T18:35:37.8862436-05:00	00:00:01.3542403
Passed	Sillar.Modules.Crm.Tests.CustomerIdentityReaderTests	Sillar.Modules.Crm.Tests.CustomerIdentityReaderTests.Por_lotes_devuelve_solo_los_activos_existentes_una_vez_cada_uno	2026-10-06T18:35:36.6329121-05:00	00:00:01.2499236
Passed	Sillar.Modules.Crm.Tests.CustomerIdentityReaderTests	Sillar.Modules.Crm.Tests.CustomerIdentityReaderTests.Por_lotes_una_coleccion_vacia_devuelve_un_diccionario_vacio	2026-10-06T18:35:39.2411794-05:00	00:00:00.0070651
Passed	Sillar.Modules.Crm.Tests.CustomerIdentityReaderTests	Sillar.Modules.Crm.Tests.CustomerIdentityReaderTests.Un_cliente_activo_devuelve_nombre_correo_y_telefono	2026-10-06T18:35:34.2703129-05:00	00:00:01.2507141
Passed	Sillar.Modules.Crm.Tests.CustomerIdentityReaderTests	Sillar.Modules.Crm.Tests.CustomerIdentityReaderTests.Un_cliente_de_baja_o_bloqueado_devuelve_null(estado: "baja")	2026-10-06T18:35:29.7652355-05:00	00:00:04.5039840
Passed	Sillar.Modules.Crm.Tests.CustomerIdentityReaderTests	Sillar.Modules.Crm.Tests.CustomerIdentityReaderTests.Un_cliente_de_baja_o_bloqueado_devuelve_null(estado: "bloqueo")	2026-10-06T18:35:28.7142565-05:00	00:00:01.0495552
Passed	Sillar.Modules.Crm.Tests.CustomerIdentityReaderTests	Sillar.Modules.Crm.Tests.CustomerIdentityReaderTests.Un_cliente_inexistente_devuelve_null	2026-10-06T18:35:39.2546779-05:00	00:00:01.8424308
Passed	Sillar.Modules.Crm.Tests.CustomerIdentityReaderTests	Sillar.Modules.Crm.Tests.CustomerIdentityReaderTests.Una_ficha_sin_cuenta_tambien_tiene_identidad	2026-10-06T18:35:35.5224487-05:00	00:00:01.0967366
Passed	Sillar.Modules.Crm.Tests.CustomerIdentityTests	Sillar.Modules.Crm.Tests.CustomerIdentityTests.Cookie_csrf_de_cliente_es_legible_y_conserva_barreras	2026-10-06T18:34:16.2159607-05:00	00:00:00.3270568
Passed	Sillar.Modules.Crm.Tests.CustomerIdentityTests	Sillar.Modules.Crm.Tests.CustomerIdentityTests.Cookie_csrf_no_reemplaza_la_cookie_de_sesion	2026-10-06T18:34:17.2310998-05:00	00:00:00.0613976
Passed	Sillar.Modules.Crm.Tests.CustomerIdentityTests	Sillar.Modules.Crm.Tests.CustomerIdentityTests.Cookie_de_cliente_conserva_las_barreras_del_spec	2026-10-06T18:34:16.8530350-05:00	00:00:00.0012564
Passed	Sillar.Modules.Crm.Tests.CustomerIdentityTests	Sillar.Modules.Crm.Tests.CustomerIdentityTests.CurrentCustomer_ignora_claims_administrativos	2026-10-06T18:34:16.8669114-05:00	00:00:00.1560057
Passed	Sillar.Modules.Crm.Tests.CustomerIdentityTests	Sillar.Modules.Crm.Tests.CustomerIdentityTests.CurrentCustomer_lee_solo_claims_de_cliente	2026-10-06T18:34:17.0289698-05:00	00:00:00.1962019
Passed	Sillar.Modules.Crm.Tests.CustomerIdentityTests	Sillar.Modules.Crm.Tests.CustomerIdentityTests.Identidad_de_cliente_tiene_namespace_cookie_y_esquema_propios	2026-10-06T18:34:16.8356694-05:00	00:00:00.0008042
Passed	Sillar.Modules.Crm.Tests.CustomerLoginPolicyTests	Sillar.Modules.Crm.Tests.CustomerLoginPolicyTests.BCrypt_cliente_nunca_baja_de_factor_12	2026-10-06T18:34:16.7872210-05:00	00:00:00.0307369
Passed	Sillar.Modules.Crm.Tests.CustomerLoginPolicyTests	Sillar.Modules.Crm.Tests.CustomerLoginPolicyTests.Cuenta_no_se_bloquea_y_la_espera_crece	2026-10-06T18:34:16.8574155-05:00	00:00:00.0081844
Passed	Sillar.Modules.Crm.Tests.CustomerLoginPolicyTests	Sillar.Modules.Crm.Tests.CustomerLoginPolicyTests.Ip_tiene_un_margen_mucho_mas_generoso	2026-10-06T18:34:16.8200811-05:00	00:00:00.0213131
Passed	Sillar.Modules.Crm.Tests.CustomerLoginPolicyTests	Sillar.Modules.Crm.Tests.CustomerLoginPolicyTests.Sesion_cliente_tiene_politica_propia	2026-10-06T18:34:16.2144116-05:00	00:00:00.3303935
Passed	Sillar.Modules.Crm.Tests.CustomerPasswordExposureTests	Sillar.Modules.Crm.Tests.CustomerPasswordExposureTests.Criterio13_los_contratos_de_respuesta_no_exponen_password_ni_hash	2026-10-06T18:34:16.9982480-05:00	00:00:00.1886312
Passed	Sillar.Modules.Crm.Tests.CustomerProfileContractTests	Sillar.Modules.Crm.Tests.CustomerProfileContractTests.Contratos_publicos_no_exponen_campos_internos(type: typeof(Sillar.Modules.Crm.Contracts.CustomerIdentity))	2026-10-06T18:34:16.8474512-05:00	00:00:00.0002046
Passed	Sillar.Modules.Crm.Tests.CustomerProfileContractTests	Sillar.Modules.Crm.Tests.CustomerProfileContractTests.Contratos_publicos_no_exponen_campos_internos(type: typeof(Sillar.Modules.Crm.Contracts.CustomerOrderAddressSnapshot))	2026-10-06T18:34:16.7477830-05:00	00:00:00.0129453
Passed	Sillar.Modules.Crm.Tests.CustomerProfileContractTests	Sillar.Modules.Crm.Tests.CustomerProfileContractTests.Contratos_publicos_no_exponen_campos_internos(type: typeof(Sillar.Modules.Crm.Contracts.CustomerOrderContactSnapshot))	2026-10-06T18:34:16.2156958-05:00	00:00:00.2989209
Passed	Sillar.Modules.Crm.Tests.CustomerProfileContractTests	Sillar.Modules.Crm.Tests.CustomerProfileContractTests.Contratos_publicos_no_exponen_campos_internos(type: typeof(Sillar.Modules.Crm.Contracts.CustomerOrderSnapshot))	2026-10-06T18:34:16.8248169-05:00	00:00:00.0002318
Passed	Sillar.Modules.Crm.Tests.CustomerProfileContractTests	Sillar.Modules.Crm.Tests.CustomerProfileContractTests.Contratos_publicos_no_exponen_campos_internos(type: typeof(Sillar.Modules.Crm.Dtos.CustomerAddressResponse))	2026-10-06T18:34:16.7691874-05:00	00:00:00.0002206
Passed	Sillar.Modules.Crm.Tests.CustomerProfileContractTests	Sillar.Modules.Crm.Tests.CustomerProfileContractTests.Contratos_publicos_no_exponen_campos_internos(type: typeof(Sillar.Modules.Crm.Dtos.CustomerProfileResponse))	2026-10-06T18:34:16.7704666-05:00	00:00:00.0227775
Passed	Sillar.Modules.Crm.Tests.CustomerProfileServiceTests	Sillar.Modules.Crm.Tests.CustomerProfileServiceTests.Agrega_dos_direcciones_y_cambia_la_preferida	2026-10-06T18:36:18.4701155-05:00	00:00:01.4191838
Passed	Sillar.Modules.Crm.Tests.CustomerProfileServiceTests	Sillar.Modules.Crm.Tests.CustomerProfileServiceTests.Cambiar_correo_invalida_verificacion	2026-10-06T18:36:16.7103196-05:00	00:00:00.9177455
Passed	Sillar.Modules.Crm.Tests.CustomerProfileServiceTests	Sillar.Modules.Crm.Tests.CustomerProfileServiceTests.No_modifica_una_direccion_de_otro_cliente	2026-10-06T18:36:20.8482478-05:00	00:00:00.9969824
Passed	Sillar.Modules.Crm.Tests.CustomerProfileServiceTests	Sillar.Modules.Crm.Tests.CustomerProfileServiceTests.Perfil_no_expone_notas_internas	2026-10-06T18:36:19.8923198-05:00	00:00:00.9549012
Passed	Sillar.Modules.Crm.Tests.CustomerProfileServiceTests	Sillar.Modules.Crm.Tests.CustomerProfileServiceTests.Snapshot_para_M03_usa_solo_datos_publicables_del_cliente	2026-10-06T18:36:17.6290133-05:00	00:00:00.8404643
Passed	Sillar.Modules.Crm.Tests.CustomerRegistrationPolicyTests	Sillar.Modules.Crm.Tests.CustomerRegistrationPolicyTests.Password_comun_se_rechaza	2026-10-06T18:34:17.1665910-05:00	00:00:00.0006139
Passed	Sillar.Modules.Crm.Tests.CustomerRegistrationPolicyTests	Sillar.Modules.Crm.Tests.CustomerRegistrationPolicyTests.Password_con_identidad_se_rechaza	2026-10-06T18:34:17.1516031-05:00	00:00:00.0073275
Passed	Sillar.Modules.Crm.Tests.CustomerRegistrationPolicyTests	Sillar.Modules.Crm.Tests.CustomerRegistrationPolicyTests.Password_larga_sin_identidad_se_acepta	2026-10-06T18:34:16.9963257-05:00	00:00:00.1494376
Passed	Sillar.Modules.Crm.Tests.CustomerRegistrationPolicyTests	Sillar.Modules.Crm.Tests.CustomerRegistrationPolicyTests.Password_menor_de_12_se_rechaza	2026-10-06T18:34:17.1982322-05:00	00:00:00.0025598
Passed	Sillar.Modules.Crm.Tests.CustomerRegistrationServiceTests	Sillar.Modules.Crm.Tests.CustomerRegistrationServiceTests.Ficha_con_cuenta_no_reemplaza_la_password_existente	2026-10-06T18:36:10.0131450-05:00	00:00:03.8337510
Passed	Sillar.Modules.Crm.Tests.CustomerRegistrationServiceTests	Sillar.Modules.Crm.Tests.CustomerRegistrationServiceTests.Ficha_existente_sin_cuenta_se_enlaza_sin_duplicarla_ni_pisar_notas	2026-10-06T18:36:05.3705674-05:00	00:00:04.6418507
Passed	Sillar.Modules.Crm.Tests.CustomerRegistrationServiceTests	Sillar.Modules.Crm.Tests.CustomerRegistrationServiceTests.Registro_nuevo_crea_ficha_y_cuenta_no_verificada	2026-10-06T18:36:13.8476566-05:00	00:00:02.8591147
Passed	Sillar.Modules.Crm.Tests.CustomerSessionServiceTests	Sillar.Modules.Crm.Tests.CustomerSessionServiceTests.Abrir_sesion_guarda_solo_hashes_de_los_secretos	2026-10-06T18:36:44.0109787-05:00	00:00:00.2106903
Passed	Sillar.Modules.Crm.Tests.CustomerSessionServiceTests	Sillar.Modules.Crm.Tests.CustomerSessionServiceTests.Logout_revoca_la_fila_y_no_se_puede_rotar_csrf	2026-10-06T18:36:43.5378128-05:00	00:00:00.2608788
Passed	Sillar.Modules.Crm.Tests.CustomerSessionServiceTests	Sillar.Modules.Crm.Tests.CustomerSessionServiceTests.Rotar_csrf_invalida_el_token_anterior	2026-10-06T18:36:43.8005536-05:00	00:00:00.2097937
Passed	Sillar.Modules.Crm.Tests.CustomerSnapshotReaderTests	Sillar.Modules.Crm.Tests.CustomerSnapshotReaderTests.Cliente_de_baja_o_bloqueado_devuelve_null_en_las_dos_variantes(estado: "baja")	2026-10-06T18:35:47.9880745-05:00	00:00:01.2508493
Passed	Sillar.Modules.Crm.Tests.CustomerSnapshotReaderTests	Sillar.Modules.Crm.Tests.CustomerSnapshotReaderTests.Cliente_de_baja_o_bloqueado_devuelve_null_en_las_dos_variantes(estado: "bloqueo")	2026-10-06T18:35:47.0311226-05:00	00:00:00.9562432
Passed	Sillar.Modules.Crm.Tests.CustomerSnapshotReaderTests	Sillar.Modules.Crm.Tests.CustomerSnapshotReaderTests.Cliente_inexistente_devuelve_null_en_las_dos_variantes	2026-10-06T18:35:58.0653020-05:00	00:00:01.1537542
Passed	Sillar.Modules.Crm.Tests.CustomerSnapshotReaderTests	Sillar.Modules.Crm.Tests.CustomerSnapshotReaderTests.Con_direccion_ajena_devuelve_null	2026-10-06T18:35:45.6752194-05:00	00:00:01.3401957
Passed	Sillar.Modules.Crm.Tests.CustomerSnapshotReaderTests	Sillar.Modules.Crm.Tests.CustomerSnapshotReaderTests.Con_direccion_de_baja_devuelve_null	2026-10-06T18:35:49.2404430-05:00	00:00:02.3744135
Passed	Sillar.Modules.Crm.Tests.CustomerSnapshotReaderTests	Sillar.Modules.Crm.Tests.CustomerSnapshotReaderTests.Con_direccion_inexistente_devuelve_null_y_no_cae_en_la_variante_sin_direccion	2026-10-06T18:36:02.9006998-05:00	00:00:01.2030045
Passed	Sillar.Modules.Crm.Tests.CustomerSnapshotReaderTests	Sillar.Modules.Crm.Tests.CustomerSnapshotReaderTests.Con_direccion_valida_devuelve_cliente_y_direccion_como_en_1_0_0	2026-10-06T18:35:51.6199574-05:00	00:00:04.3123930
Passed	Sillar.Modules.Crm.Tests.CustomerSnapshotReaderTests	Sillar.Modules.Crm.Tests.CustomerSnapshotReaderTests.Ficha_sin_cuenta_devuelve_null_en_las_dos_variantes	2026-10-06T18:35:59.2251308-05:00	00:00:03.6748339
Passed	Sillar.Modules.Crm.Tests.CustomerSnapshotReaderTests	Sillar.Modules.Crm.Tests.CustomerSnapshotReaderTests.Las_instantaneas_no_se_pueden_modificar_despues_de_creadas(tipo: typeof(Sillar.Modules.Crm.Contracts.CustomerOrderAddressSnapshot))	2026-10-06T18:35:58.0633668-05:00	00:00:00.0005810
Passed	Sillar.Modules.Crm.Tests.CustomerSnapshotReaderTests	Sillar.Modules.Crm.Tests.CustomerSnapshotReaderTests.Las_instantaneas_no_se_pueden_modificar_despues_de_creadas(tipo: typeof(Sillar.Modules.Crm.Contracts.CustomerOrderContactSnapshot))	2026-10-06T18:35:58.0645257-05:00	00:00:00.0001029
Passed	Sillar.Modules.Crm.Tests.CustomerSnapshotReaderTests	Sillar.Modules.Crm.Tests.CustomerSnapshotReaderTests.Las_instantaneas_no_se_pueden_modificar_despues_de_creadas(tipo: typeof(Sillar.Modules.Crm.Contracts.CustomerOrderSnapshot))	2026-10-06T18:35:58.0614129-05:00	00:00:00.0013266
Passed	Sillar.Modules.Crm.Tests.CustomerSnapshotReaderTests	Sillar.Modules.Crm.Tests.CustomerSnapshotReaderTests.Sin_direccion_devuelve_los_datos_del_cliente_aunque_no_tenga_ninguna_direccion	2026-10-06T18:35:55.9332797-05:00	00:00:01.0610044
Passed	Sillar.Modules.Crm.Tests.CustomerSnapshotReaderTests	Sillar.Modules.Crm.Tests.CustomerSnapshotReaderTests.Sin_direccion_no_expone_ninguna_propiedad_de_direccion	2026-10-06T18:35:58.0578121-05:00	00:00:00.0024193
Passed	Sillar.Modules.Crm.Tests.CustomerSnapshotReaderTests	Sillar.Modules.Crm.Tests.CustomerSnapshotReaderTests.Sin_direccion_no_filtra_notas_internas	2026-10-06T18:35:41.1000978-05:00	00:00:04.5735922
Passed	Sillar.Modules.Crm.Tests.CustomerSnapshotReaderTests	Sillar.Modules.Crm.Tests.CustomerSnapshotReaderTests.Sin_direccion_refleja_correo_sin_verificar	2026-10-06T18:35:56.9954538-05:00	00:00:01.0611619
Passed	Sillar.Modules.Crm.Tests.CustomerSnapshotReaderTests	Sillar.Modules.Crm.Tests.CustomerSnapshotReaderTests.Un_cambio_posterior_del_perfil_no_altera_la_instantanea_ya_tomada	2026-10-06T18:36:04.1045383-05:00	00:00:01.2640338
Passed	Sillar.Modules.Crm.Tests.CustomerTokenPolicyTests	Sillar.Modules.Crm.Tests.CustomerTokenPolicyTests.Invitacion_caduca	2026-10-06T18:34:16.8340667-05:00	00:00:00.0005518
Passed	Sillar.Modules.Crm.Tests.CustomerTokenPolicyTests	Sillar.Modules.Crm.Tests.CustomerTokenPolicyTests.Propósitos_coinciden_con_el_schema	2026-10-06T18:34:16.2158250-05:00	00:00:00.2808803
Passed	Sillar.Modules.Crm.Tests.CustomerTokenPolicyTests	Sillar.Modules.Crm.Tests.CustomerTokenPolicyTests.Recuperacion_es_corta	2026-10-06T18:34:16.8558081-05:00	00:00:00.0005509
Passed	Sillar.Modules.Crm.Tests.CustomerTokenPolicyTests	Sillar.Modules.Crm.Tests.CustomerTokenPolicyTests.Verificacion_caduca	2026-10-06T18:34:16.7809897-05:00	00:00:00.0267253
Passed	Sillar.Modules.Sales.Tests.AtribucionDelPersonalTests	Sillar.Modules.Sales.Tests.AtribucionDelPersonalTests.El_nodo_de_la_cuenta_no_se_deriva_del_nodo_de_la_actuacion	2026-10-06T18:34:40.3354834-05:00	00:00:00.0058465
Passed	Sillar.Modules.Sales.Tests.AtribucionDelPersonalTests	Sillar.Modules.Sales.Tests.AtribucionDelPersonalTests.El_nodo_de_la_cuenta_puede_ser_distinto_del_nodo_de_la_actuacion	2026-10-06T18:34:40.4260329-05:00	00:00:00.0156578
Passed	Sillar.Modules.Sales.Tests.AtribucionDelPersonalTests	Sillar.Modules.Sales.Tests.AtribucionDelPersonalTests.El_pedido_no_interviene_en_la_interpretacion_de_la_atribucion	2026-10-06T18:34:40.4111571-05:00	00:00:00.0083979
Passed	Sillar.Modules.Sales.Tests.AtribucionDelPersonalTests	Sillar.Modules.Sales.Tests.AtribucionDelPersonalTests.La_atribucion_de_un_cambio_se_resuelve_sin_leer_el_pedido	2026-10-06T18:34:40.3097257-05:00	00:00:00.0238320
Passed	Sillar.Modules.Sales.Tests.AtribucionDelPersonalTests	Sillar.Modules.Sales.Tests.AtribucionDelPersonalTests.La_cabecera_del_pedido_no_atribuye_a_ningun_trabajador	2026-10-06T18:34:40.7245905-05:00	00:00:00.0044627
Passed	Sillar.Modules.Sales.Tests.AtribucionDelPersonalTests	Sillar.Modules.Sales.Tests.AtribucionDelPersonalTests.La_migracion_no_declara_ninguna_clave_foranea_hacia_core_admin_users	2026-10-06T18:34:40.3575668-05:00	00:00:00.0472876
Passed	Sillar.Modules.Sales.Tests.AtribucionDelPersonalTests	Sillar.Modules.Sales.Tests.AtribucionDelPersonalTests.La_migracion_solo_referencia_dos_schemas_ajenos_y_ninguno_es_core	2026-10-06T18:34:40.7451429-05:00	00:00:00.0247299
Passed	Sillar.Modules.Sales.Tests.AtribucionDelPersonalTests	Sillar.Modules.Sales.Tests.AtribucionDelPersonalTests.La_tabla_orders_de_la_migracion_no_tiene_columna_de_atribucion	2026-10-06T18:34:40.6888676-05:00	00:00:00.0065223
Passed	Sillar.Modules.Sales.Tests.AtribucionDelPersonalTests	Sillar.Modules.Sales.Tests.AtribucionDelPersonalTests.Ningun_CHECK_exige_que_los_dos_nodos_coincidan	2026-10-06T18:34:40.4571574-05:00	00:00:00.2306215
Passed	Sillar.Modules.Sales.Tests.AtribucionDelPersonalTests	Sillar.Modules.Sales.Tests.AtribucionDelPersonalTests.Ninguna_de_las_seis_atribuciones_parciales_se_acepta	2026-10-06T18:34:40.2914790-05:00	00:00:00.0118012
Passed	Sillar.Modules.Sales.Tests.AtribucionDelPersonalTests	Sillar.Modules.Sales.Tests.AtribucionDelPersonalTests.Un_cambio_automatico_leido_desde_la_entidad_no_atribuye_a_nadie	2026-10-06T18:34:40.2695662-05:00	00:00:00.0117266
Passed	Sillar.Modules.Sales.Tests.AtribucionDelPersonalTests	Sillar.Modules.Sales.Tests.AtribucionDelPersonalTests.Un_cambio_automatico_lleva_los_tres_datos_nulos_y_no_atribuye_a_nadie	2026-10-06T18:34:40.7747889-05:00	00:00:00.0003470
Passed	Sillar.Modules.Sales.Tests.AtribucionDelPersonalTests	Sillar.Modules.Sales.Tests.AtribucionDelPersonalTests.Un_cambio_humano_lleva_los_tres_datos_presentes	2026-10-06T18:34:40.7358925-05:00	00:00:00.0004583
Passed	Sillar.Modules.Sales.Tests.AtribucionDelPersonalTests	Sillar.Modules.Sales.Tests.AtribucionDelPersonalTests.Un_identificador_local_cero_o_negativo_no_se_acepta	2026-10-06T18:34:40.4431440-05:00	00:00:00.0073941
Passed	Sillar.Modules.Sales.Tests.AtribucionDelPersonalTests	Sillar.Modules.Sales.Tests.AtribucionDelPersonalTests.Un_pago_humano_exige_los_tres_datos	2026-10-06T18:34:40.3508204-05:00	00:00:00.0050818
Passed	Sillar.Modules.Sales.Tests.AtribucionDelPersonalTests	Sillar.Modules.Sales.Tests.AtribucionDelPersonalTests.Un_pago_sin_identificador_local_no_se_registra	2026-10-06T18:34:40.7032492-05:00	00:00:00.0009509
Passed	Sillar.Modules.Sales.Tests.AtribucionDelPersonalTests	Sillar.Modules.Sales.Tests.AtribucionDelPersonalTests.Un_pago_sin_nodo_de_la_cuenta_no_se_registra	2026-10-06T18:34:40.2828240-05:00	00:00:00.0052848
Passed	Sillar.Modules.Sales.Tests.AtribucionDelPersonalTests	Sillar.Modules.Sales.Tests.AtribucionDelPersonalTests.Un_pago_sin_nombre_no_se_registra	2026-10-06T18:34:40.7170256-05:00	00:00:00.0053366
Passed	Sillar.Modules.Sales.Tests.CodigoVisibleTests	Sillar.Modules.Sales.Tests.CodigoVisibleTests.Dos_anios_distintos_dan_codigos_distintos_con_el_mismo_correlativo	2026-10-06T18:34:40.0700282-05:00	00:00:00.0004674
Passed	Sillar.Modules.Sales.Tests.CodigoVisibleTests	Sillar.Modules.Sales.Tests.CodigoVisibleTests.Dos_nodos_distintos_dan_codigos_distintos_con_la_misma_serie	2026-10-06T18:34:39.2658742-05:00	00:00:00.3310443
Passed	Sillar.Modules.Sales.Tests.CodigoVisibleTests	Sillar.Modules.Sales.Tests.CodigoVisibleTests.El_codigo_visible_de_un_pedido_tiene_la_forma_P_2026_0147	2026-10-06T18:34:39.9855113-05:00	00:00:00.0003368
Passed	Sillar.Modules.Sales.Tests.CodigoVisibleTests	Sillar.Modules.Sales.Tests.CodigoVisibleTests.El_correlativo_se_rellena_hasta_cuatro_digitos	2026-10-06T18:34:39.8544150-05:00	00:00:00.0113452
Passed	Sillar.Modules.Sales.Tests.CodigoVisibleTests	Sillar.Modules.Sales.Tests.CodigoVisibleTests.El_mensaje_de_la_etiqueta_ausente_dice_que_no_hay_valor_por_defecto	2026-10-06T18:34:39.8674793-05:00	00:00:00.0772111
Passed	Sillar.Modules.Sales.Tests.CodigoVisibleTests	Sillar.Modules.Sales.Tests.CodigoVisibleTests.La_etiqueta_del_nodo_va_delante_del_anio	2026-10-06T18:34:40.0272671-05:00	00:00:00.0413004
Passed	Sillar.Modules.Sales.Tests.CodigoVisibleTests	Sillar.Modules.Sales.Tests.CodigoVisibleTests.La_etiqueta_se_recorta_pero_no_se_transforma	2026-10-06T18:34:39.8433907-05:00	00:00:00.0007548
Passed	Sillar.Modules.Sales.Tests.CodigoVisibleTests	Sillar.Modules.Sales.Tests.CodigoVisibleTests.Sin_etiqueta_de_nodo_no_se_compone_ningun_codigo	2026-10-06T18:34:39.9660481-05:00	00:00:00.0181125
Passed	Sillar.Modules.Sales.Tests.CodigoVisibleTests	Sillar.Modules.Sales.Tests.CodigoVisibleTests.Un_correlativo_de_cinco_cifras_no_se_recorta	2026-10-06T18:34:39.9459564-05:00	00:00:00.0003588
Passed	Sillar.Modules.Sales.Tests.CodigoVisibleTests	Sillar.Modules.Sales.Tests.CodigoVisibleTests.Un_correlativo_menor_que_uno_no_se_acepta	2026-10-06T18:34:40.0072694-05:00	00:00:00.0187149
Passed	Sillar.Modules.Sales.Tests.CongelarClienteTests	Sillar.Modules.Sales.Tests.CongelarClienteTests.Congelar_copia_los_seis_campos_al_pedido	2026-10-06T18:34:39.8692315-05:00	00:00:00.0540931
Passed	Sillar.Modules.Sales.Tests.CongelarClienteTests	Sillar.Modules.Sales.Tests.CongelarClienteTests.El_pedido_no_recibe_ninguna_direccion	2026-10-06T18:34:40.0305316-05:00	00:00:00.0615064
Passed	Sillar.Modules.Sales.Tests.CongelarClienteTests	Sillar.Modules.Sales.Tests.CongelarClienteTests.Los_motivos_de_rechazo_no_nombran_ninguna_causa_que_M04_no_garantice	2026-10-06T18:34:39.9579174-05:00	00:00:00.0205729
Passed	Sillar.Modules.Sales.Tests.CongelarClienteTests	Sillar.Modules.Sales.Tests.CongelarClienteTests.Se_usa_la_sobrecarga_SIN_direccion	2026-10-06T18:34:39.8360371-05:00	00:00:00.0316855
Passed	Sillar.Modules.Sales.Tests.CongelarClienteTests	Sillar.Modules.Sales.Tests.CongelarClienteTests.Si_M04_devuelve_null_no_se_inventa_la_causa	2026-10-06T18:34:39.9299320-05:00	00:00:00.0266646
Passed	Sillar.Modules.Sales.Tests.CongelarClienteTests	Sillar.Modules.Sales.Tests.CongelarClienteTests.Un_cliente_verificado_se_congela_con_sus_seis_datos	2026-10-06T18:34:39.2632413-05:00	00:00:00.3583535
Passed	Sillar.Modules.Sales.Tests.CongelarClienteTests	Sillar.Modules.Sales.Tests.CongelarClienteTests.Un_correo_sin_verificar_no_compra	2026-10-06T18:34:39.9971788-05:00	00:00:00.0132642
Passed	Sillar.Modules.Sales.Tests.CrearPedidoPersistenciaTests	Sillar.Modules.Sales.Tests.CrearPedidoPersistenciaTests.El_precio_de_la_linea_lo_pone_M01_y_no_quien_llama	2026-10-06T18:34:53.4264072-05:00	00:00:00.3683528
Passed	Sillar.Modules.Sales.Tests.CrearPedidoPersistenciaTests	Sillar.Modules.Sales.Tests.CrearPedidoPersistenciaTests.El_rollback_de_la_transaccion_exterior_devuelve_el_numero	2026-10-06T18:34:54.0029533-05:00	00:00:00.4288746
Passed	Sillar.Modules.Sales.Tests.CrearPedidoPersistenciaTests	Sillar.Modules.Sales.Tests.CrearPedidoPersistenciaTests.El_snapshot_sigue_congelado_cuando_M01_cambia_despues	2026-10-06T18:34:53.8964804-05:00	00:00:00.0884810
Passed	Sillar.Modules.Sales.Tests.CrearPedidoPersistenciaTests	Sillar.Modules.Sales.Tests.CrearPedidoPersistenciaTests.Se_pregunta_por_la_vendibilidad_antes_de_tomar_el_precio	2026-10-06T18:34:53.7984079-05:00	00:00:00.0277475
Passed	Sillar.Modules.Sales.Tests.CrearPedidoPersistenciaTests	Sillar.Modules.Sales.Tests.CrearPedidoPersistenciaTests.Un_carrito_vacio_no_entra_en_confirmacion	2026-10-06T18:34:54.4387650-05:00	00:00:00.0174733
Passed	Sillar.Modules.Sales.Tests.CrearPedidoPersistenciaTests	Sillar.Modules.Sales.Tests.CrearPedidoPersistenciaTests.Un_correo_sin_verificar_no_llega_a_preguntar_por_el_catalogo	2026-10-06T18:34:54.6333718-05:00	00:00:00.0122767
Passed	Sillar.Modules.Sales.Tests.CrearPedidoPersistenciaTests	Sillar.Modules.Sales.Tests.CrearPedidoPersistenciaTests.Un_item_inexistente_o_inactivo_no_produce_pedido	2026-10-06T18:34:54.4594699-05:00	00:00:00.0683645
Passed	Sillar.Modules.Sales.Tests.CrearPedidoPersistenciaTests	Sillar.Modules.Sales.Tests.CrearPedidoPersistenciaTests.Un_pedido_que_no_llega_a_crearse_no_consume_numero	2026-10-06T18:34:54.6111684-05:00	00:00:00.0185047
Passed	Sillar.Modules.Sales.Tests.CrearPedidoPersistenciaTests	Sillar.Modules.Sales.Tests.CrearPedidoPersistenciaTests.Un_pedido_se_crea_con_el_precio_de_M01_y_su_snapshot_congelado	2026-10-06T18:34:54.5301453-05:00	00:00:00.0790098
Passed	Sillar.Modules.Sales.Tests.CrearPedidoPersistenciaTests	Sillar.Modules.Sales.Tests.CrearPedidoPersistenciaTests.Un_precio_null_no_entra_al_pedido_y_un_precio_cero_si	2026-10-06T18:34:53.8281957-05:00	00:00:00.0642971
Passed	Sillar.Modules.Sales.Tests.CrearPedidoPersistenciaTests	Sillar.Modules.Sales.Tests.CrearPedidoPersistenciaTests.Una_cantidad_no_positiva_no_produce_pedido	2026-10-06T18:34:53.9866063-05:00	00:00:00.0121951
Passed	Sillar.Modules.Sales.Tests.EstadosYPagoTests	Sillar.Modules.Sales.Tests.EstadosYPagoTests.La_secuencia_principal_tiene_cinco_estados_en_orden	2026-10-06T18:34:39.9071446-05:00	00:00:00.0013792
Passed	Sillar.Modules.Sales.Tests.EstadosYPagoTests	Sillar.Modules.Sales.Tests.EstadosYPagoTests.Los_estados_se_guardan_en_ingles_tecnico_y_no_en_espaniol	2026-10-06T18:34:40.0045424-05:00	00:00:00.1528649
Passed	Sillar.Modules.Sales.Tests.EstadosYPagoTests	Sillar.Modules.Sales.Tests.EstadosYPagoTests.Los_estados_visibles_son_exactamente_siete	2026-10-06T18:34:39.2636679-05:00	00:00:00.3250164
Passed	Sillar.Modules.Sales.Tests.EstadosYPagoTests	Sillar.Modules.Sales.Tests.EstadosYPagoTests.Los_siete_estados_son_los_ratificados_el_26_de_septiembre	2026-10-06T18:34:39.8418570-05:00	00:00:00.0350260
Passed	Sillar.Modules.Sales.Tests.EstadosYPagoTests	Sillar.Modules.Sales.Tests.EstadosYPagoTests.Ningun_estado_esta_repetido	2026-10-06T18:34:39.9227862-05:00	00:00:00.0267259
Passed	Sillar.Modules.Sales.Tests.EstadosYPagoTests	Sillar.Modules.Sales.Tests.EstadosYPagoTests.Vencido_no_es_lo_mismo_que_cancelado	2026-10-06T18:34:39.8904153-05:00	00:00:00.0003445
Passed	Sillar.Modules.Sales.Tests.EstadosYPagoTests	Sillar.Modules.Sales.Tests.EstadosYPagoTests.Vencido_y_cancelado_estan_fuera_de_la_secuencia_principal	2026-10-06T18:34:39.9687359-05:00	00:00:00.0197091
Passed	Sillar.Modules.Sales.Tests.MediosDePagoTests	Sillar.Modules.Sales.Tests.MediosDePagoTests.Cualquier_otro_medio_queda_fuera	2026-10-06T18:34:40.1289765-05:00	00:00:00.0007464
Passed	Sillar.Modules.Sales.Tests.MediosDePagoTests	Sillar.Modules.Sales.Tests.MediosDePagoTests.El_efectivo_es_un_medio_valido	2026-10-06T18:34:39.2625542-05:00	00:00:00.3197658
Passed	Sillar.Modules.Sales.Tests.MediosDePagoTests	Sillar.Modules.Sales.Tests.MediosDePagoTests.La_tarjeta_no_se_admite_en_M03_v1	2026-10-06T18:34:40.1129856-05:00	00:00:00.0005726
Passed	Sillar.Modules.Sales.Tests.MediosDePagoTests	Sillar.Modules.Sales.Tests.MediosDePagoTests.Los_valores_van_en_minusculas_y_sin_espacios	2026-10-06T18:34:39.8401301-05:00	00:00:00.2156924
Passed	Sillar.Modules.Sales.Tests.MediosDePagoTests	Sillar.Modules.Sales.Tests.MediosDePagoTests.V1_admite_yape_y_efectivo	2026-10-06T18:34:40.0571843-05:00	00:00:00.0452177
Passed	Sillar.Modules.Sales.Tests.MediosDePagoTests	Sillar.Modules.Sales.Tests.MediosDePagoTests.Yape_es_un_medio_valido	2026-10-06T18:34:39.8322887-05:00	00:00:00.0068636
Passed	Sillar.Modules.Sales.Tests.NumeracionTests	Sillar.Modules.Sales.Tests.NumeracionTests.El_anio_de_la_serie_es_el_de_Lima_y_no_el_de_UTC	2026-10-06T18:34:47.0119541-05:00	00:00:00.0157756
Passed	Sillar.Modules.Sales.Tests.NumeracionTests	Sillar.Modules.Sales.Tests.NumeracionTests.El_codigo_de_esa_tarde_se_compone_con_el_anio_de_Lima	2026-10-06T18:34:46.2860848-05:00	00:00:00.0053045
Passed	Sillar.Modules.Sales.Tests.NumeracionTests	Sillar.Modules.Sales.Tests.NumeracionTests.El_mediodia_de_Lima_y_el_de_UTC_dan_el_mismo_anio	2026-10-06T18:34:46.3002042-05:00	00:00:00.0008025
Passed	Sillar.Modules.Sales.Tests.NumeracionTests	Sillar.Modules.Sales.Tests.NumeracionTests.Fuera_de_una_transaccion_el_numerador_se_niega_a_numerar	2026-10-06T18:34:46.3130428-05:00	00:00:00.6970898
Passed	Sillar.Modules.Sales.Tests.NumeracionTests	Sillar.Modules.Sales.Tests.NumeracionTests.La_guarda_de_transaccion_actua_antes_de_mirar_la_configuracion	2026-10-06T18:34:39.2633234-05:00	00:00:06.9384993
Passed	Sillar.Modules.Sales.Tests.NumeracionTests	Sillar.Modules.Sales.Tests.NumeracionTests.La_zona_del_negocio_se_resuelve_en_esta_maquina	2026-10-06T18:34:46.2957023-05:00	00:00:00.0006369
Passed	Sillar.Modules.Sales.Tests.NumeracionTests	Sillar.Modules.Sales.Tests.NumeracionTests.Un_pedido_de_la_tarde_del_31_de_diciembre_conserva_su_anio	2026-10-06T18:34:46.3047926-05:00	00:00:00.0039196
Passed	Sillar.Modules.Sales.Tests.PedidosPropiosPersistenciaTests	Sillar.Modules.Sales.Tests.PedidosPropiosPersistenciaTests.El_contrato_publico_acota_el_limite_en_vez_de_obedecerlo	2026-10-06T18:34:51.9270118-05:00	00:00:00.0759148
Passed	Sillar.Modules.Sales.Tests.PedidosPropiosPersistenciaTests	Sillar.Modules.Sales.Tests.PedidosPropiosPersistenciaTests.El_historial_no_devuelve_pedidos_dados_de_baja	2026-10-06T18:34:52.0064156-05:00	00:00:00.0366389
Passed	Sillar.Modules.Sales.Tests.PedidosPropiosPersistenciaTests	Sillar.Modules.Sales.Tests.PedidosPropiosPersistenciaTests.El_historial_va_del_mas_reciente_al_mas_antiguo	2026-10-06T18:34:51.7467006-05:00	00:00:00.1011305
Passed	Sillar.Modules.Sales.Tests.PedidosPropiosPersistenciaTests	Sillar.Modules.Sales.Tests.PedidosPropiosPersistenciaTests.El_pedido_de_otro_cliente_no_existe_para_la_consulta_filtrada	2026-10-06T18:34:42.6021054-05:00	00:00:08.3220645
Passed	Sillar.Modules.Sales.Tests.PedidosPropiosPersistenciaTests	Sillar.Modules.Sales.Tests.PedidosPropiosPersistenciaTests.El_resumen_cuenta_las_lineas_sin_traerlas	2026-10-06T18:34:50.9587019-05:00	00:00:00.7857571
Passed	Sillar.Modules.Sales.Tests.PedidosPropiosPersistenciaTests	Sillar.Modules.Sales.Tests.PedidosPropiosPersistenciaTests.Un_cliente_sin_pedidos_recibe_una_lista_vacia_y_no_un_error	2026-10-06T18:34:51.8526093-05:00	00:00:00.0722382
Passed	Sillar.Modules.Sales.Tests.PedidosPropiosPersistenciaTests	Sillar.Modules.Sales.Tests.PedidosPropiosPersistenciaTests.Un_cliente_solo_ve_sus_propios_pedidos	2026-10-06T18:34:52.0469726-05:00	00:00:00.1215616
Passed	Sillar.Modules.Sales.Tests.PeticionDePedidoTests	Sillar.Modules.Sales.Tests.PeticionDePedidoTests.La_peticion_no_lleva_cliente_ni_direccion	2026-10-06T18:34:39.8377899-05:00	00:00:00.0428322
Passed	Sillar.Modules.Sales.Tests.PeticionDePedidoTests	Sillar.Modules.Sales.Tests.PeticionDePedidoTests.La_peticion_no_tiene_donde_poner_un_precio_ni_un_total	2026-10-06T18:34:39.8854666-05:00	00:00:00.0662198
Passed	Sillar.Modules.Sales.Tests.PeticionDePedidoTests	Sillar.Modules.Sales.Tests.PeticionDePedidoTests.Los_motivos_de_no_creacion_distinguen_a_consultar_de_no_vendible	2026-10-06T18:34:39.2633038-05:00	00:00:00.3240280
Passed	Sillar.Modules.Sales.Tests.PeticionDePedidoTests	Sillar.Modules.Sales.Tests.PeticionDePedidoTests.Una_linea_pedida_solo_lleva_variante_y_cantidad	2026-10-06T18:34:39.9706559-05:00	00:00:00.2603365
Passed	Sillar.Modules.Sales.Tests.TransicionesTests	Sillar.Modules.Sales.Tests.TransicionesTests.El_cliente_no_cancela_directamente	2026-10-06T18:34:39.8338643-05:00	00:00:00.0095726
Passed	Sillar.Modules.Sales.Tests.TransicionesTests	Sillar.Modules.Sales.Tests.TransicionesTests.El_vencimiento_automatico_nunca_conduce_a_cancelado	2026-10-06T18:34:39.9921048-05:00	00:00:00.0216308
Passed	Sillar.Modules.Sales.Tests.TransicionesTests	Sillar.Modules.Sales.Tests.TransicionesTests.Ninguna_transicion_permitida_sale_de_los_siete_estados	2026-10-06T18:34:39.2666696-05:00	00:00:00.3225196
Passed	Sillar.Modules.Sales.Tests.TransicionesTests	Sillar.Modules.Sales.Tests.TransicionesTests.Solo_vence_un_pedido_pendiente_de_pago	2026-10-06T18:34:39.8929764-05:00	00:00:00.0162559
Passed	Sillar.Modules.Sales.Tests.TransicionesTests	Sillar.Modules.Sales.Tests.TransicionesTests.Un_pago_no_lo_registra_el_sistema	2026-10-06T18:34:40.0441795-05:00	00:00:00.0305896
Passed	Sillar.Modules.Sales.Tests.TransicionesTests	Sillar.Modules.Sales.Tests.TransicionesTests.Un_pago_sin_mercancia_no_inventa_ningun_octavo_estado	2026-10-06T18:34:39.9761368-05:00	00:00:00.0145604
Passed	Sillar.Modules.Sales.Tests.TransicionesTests	Sillar.Modules.Sales.Tests.TransicionesTests.Un_pago_tardio_con_mercancia_lleva_el_pedido_de_Vencido_a_Preparando	2026-10-06T18:34:39.9562910-05:00	00:00:00.0184828
Passed	Sillar.Modules.Sales.Tests.TransicionesTests	Sillar.Modules.Sales.Tests.TransicionesTests.Un_pago_tardio_no_pasa_por_Pago_por_verificar	2026-10-06T18:34:39.8611684-05:00	00:00:00.0164886
Passed	Sillar.Modules.Sales.Tests.TransicionesTests	Sillar.Modules.Sales.Tests.TransicionesTests.Un_pago_tardio_sin_mercancia_se_registra_y_deja_pendiente_operativo	2026-10-06T18:34:39.8790094-05:00	00:00:00.0129837
Passed	Sillar.Modules.Sales.Tests.TransicionesTests	Sillar.Modules.Sales.Tests.TransicionesTests.Un_pedido_entregado_no_se_puede_cancelar	2026-10-06T18:34:40.0290738-05:00	00:00:00.0004203
Passed	Sillar.Modules.Sales.Tests.TransicionesTests	Sillar.Modules.Sales.Tests.TransicionesTests.Un_pedido_vencido_si_se_puede_cancelar_con_motivo	2026-10-06T18:34:40.0153342-05:00	00:00:00.0125294
Passed	Sillar.Modules.Sales.Tests.TransicionesTests	Sillar.Modules.Sales.Tests.TransicionesTests.Una_cancelacion_del_personal_con_motivo_si_se_permite	2026-10-06T18:34:39.8512923-05:00	00:00:00.0084317
Passed	Sillar.Modules.Sales.Tests.TransicionesTests	Sillar.Modules.Sales.Tests.TransicionesTests.Una_cancelacion_sin_motivo_no_se_permite	2026-10-06T18:34:39.9105640-05:00	00:00:00.0442887
Passed	Sillar.Modules.Sales.Tests.VencimientoPersistenciaTests	Sillar.Modules.Sales.Tests.VencimientoPersistenciaTests.Correr_el_vencimiento_dos_veces_no_duplica_asientos	2026-10-06T18:34:52.1861546-05:00	00:00:00.2734892
Passed	Sillar.Modules.Sales.Tests.VencimientoPersistenciaTests	Sillar.Modules.Sales.Tests.VencimientoPersistenciaTests.El_asiento_del_vencimiento_deja_los_TRES_datos_de_atribucion_en_NULL	2026-10-06T18:34:53.1502151-05:00	00:00:00.2578568
Passed	Sillar.Modules.Sales.Tests.VencimientoPersistenciaTests	Sillar.Modules.Sales.Tests.VencimientoPersistenciaTests.Solo_vence_lo_que_estaba_pendiente_de_pago	2026-10-06T18:34:53.0595614-05:00	00:00:00.0762325
Passed	Sillar.Modules.Sales.Tests.VencimientoPersistenciaTests	Sillar.Modules.Sales.Tests.VencimientoPersistenciaTests.Un_plazo_cumplido_pasa_el_pedido_a_Vencido	2026-10-06T18:34:52.5752611-05:00	00:00:00.4771498
Passed	Sillar.Modules.Sales.Tests.VencimientoPersistenciaTests	Sillar.Modules.Sales.Tests.VencimientoPersistenciaTests.Un_plazo_que_no_ha_llegado_no_vence	2026-10-06T18:34:52.4613252-05:00	00:00:00.0281756
Passed	Sillar.Modules.Sales.Tests.VencimientoPersistenciaTests	Sillar.Modules.Sales.Tests.VencimientoPersistenciaTests.Vencer_no_cancela_y_no_libera_nada	2026-10-06T18:34:52.4912331-05:00	00:00:00.0791891
Passed	Sillar.Modules.Services.Tests.ServiceRulesTests	Sillar.Modules.Services.Tests.ServiceRulesTests.Imagen_exige_texto_alternativo	2026-10-06T18:34:44.7447949-05:00	00:00:00.0013661
Passed	Sillar.Modules.Services.Tests.ServiceRulesTests	Sillar.Modules.Services.Tests.ServiceRulesTests.Precio_cero_es_valido_y_distinto_de_nulo	2026-10-06T18:34:44.4252352-05:00	00:00:00.0780772
Passed	Sillar.Modules.Services.Tests.ServiceRulesTests	Sillar.Modules.Services.Tests.ServiceRulesTests.Precio_negativo_se_rechaza	2026-10-06T18:34:44.7269505-05:00	00:00:00.0026951
Passed	Sillar.Modules.Services.Tests.ServiceRulesTests	Sillar.Modules.Services.Tests.ServiceRulesTests.Precio_nulo_es_valido_para_consultar	2026-10-06T18:34:44.7418190-05:00	00:00:00.0007473
Passed	Sillar.Modules.Services.Tests.ServiceRulesTests	Sillar.Modules.Services.Tests.ServiceRulesTests.Publicar_desde_borrador_es_valido	2026-10-06T18:34:44.7381534-05:00	00:00:00.0014767
Passed	Sillar.Modules.Services.Tests.ServiceRulesTests	Sillar.Modules.Services.Tests.ServiceRulesTests.Restaurar_archivado_no_se_inventa	2026-10-06T18:34:44.7317718-05:00	00:00:00.0047389
Passed	Sillar.Modules.Services.Tests.ServiceRulesTests	Sillar.Modules.Services.Tests.ServiceRulesTests.Slug_quita_tildes_y_normaliza_separadores	2026-10-06T18:34:44.6435935-05:00	00:00:00.0796531
Passed	Sillar.Modules.Services.Tests.ServicesPostgresTests	Sillar.Modules.Services.Tests.ServicesPostgresTests.El_99_drop_quita_services_dos_veces_sin_tocar_core_y_la_migracion_reinstala	2026-10-06T18:34:44.9007790-05:00	00:00:08.5422016
Passed	Sillar.Modules.Services.Tests.ServicesPostgresTests	Sillar.Modules.Services.Tests.ServicesPostgresTests.La_direccion_publica_es_unica_sin_distinguir_mayusculas	2026-10-06T18:35:00.3495506-05:00	00:00:00.2135955
Passed	Sillar.Modules.Services.Tests.ServicesPostgresTests	Sillar.Modules.Services.Tests.ServicesPostgresTests.La_fotografia_de_un_servicio_publicado_trae_sus_datos_y_la_url_de_su_imagen	2026-10-06T18:35:00.6990112-05:00	00:00:00.1598986
Passed	Sillar.Modules.Services.Tests.ServicesPostgresTests	Sillar.Modules.Services.Tests.ServicesPostgresTests.La_migracion_crea_solo_el_schema_services_con_su_historial_dentro	2026-10-06T18:35:00.1405476-05:00	00:00:00.0792445
Passed	Sillar.Modules.Services.Tests.ServicesPostgresTests	Sillar.Modules.Services.Tests.ServicesPostgresTests.La_unica_referencia_cruzada_va_de_una_tabla_local_a_una_replicada_como_permite_la_ADR_018	2026-10-06T18:35:00.2246598-05:00	00:00:00.1192027
Passed	Sillar.Modules.Services.Tests.ServicesPostgresTests	Sillar.Modules.Services.Tests.ServicesPostgresTests.La_vitrina_publica_solo_enseña_lo_publicado_en_su_orden	2026-10-06T18:34:59.2218864-05:00	00:00:00.9126143
Passed	Sillar.Modules.Services.Tests.ServicesPostgresTests	Sillar.Modules.Services.Tests.ServicesPostgresTests.Solo_un_servicio_publicado_tiene_fotografia(caso: "archivado")	2026-10-06T18:34:58.6245405-05:00	00:00:00.4586301
Passed	Sillar.Modules.Services.Tests.ServicesPostgresTests	Sillar.Modules.Services.Tests.ServicesPostgresTests.Solo_un_servicio_publicado_tiene_fotografia(caso: "borrador")	2026-10-06T18:34:59.0890992-05:00	00:00:00.1181515
Passed	Sillar.Modules.Services.Tests.ServicesPostgresTests	Sillar.Modules.Services.Tests.ServicesPostgresTests.Solo_un_servicio_publicado_tiene_fotografia(caso: "inexistente")	2026-10-06T18:34:53.4712503-05:00	00:00:05.1438004
Passed	Sillar.Modules.Services.Tests.ServicesPostgresTests	Sillar.Modules.Services.Tests.ServicesPostgresTests.Una_transicion_no_permitida_se_explica_en_castellano	2026-10-06T18:35:00.5655154-05:00	00:00:00.1314922
Passed	Sillar.Shared.Data.Tests.ReplicationMappingTests	Sillar.Shared.Data.Tests.ReplicationMappingTests.El_nodo_de_origen_es_obligatorio	2026-10-06T18:34:27.8891069-05:00	00:00:00.0100433
Passed	Sillar.Shared.Data.Tests.ReplicationMappingTests	Sillar.Shared.Data.Tests.ReplicationMappingTests.La_fecha_de_alta_la_pone_la_base_y_solo_al_insertar	2026-10-06T18:34:27.7903008-05:00	00:00:00.0851445
Passed	Sillar.Shared.Data.Tests.ReplicationMappingTests	Sillar.Shared.Data.Tests.ReplicationMappingTests.La_fecha_de_cambio_la_pone_el_trigger_al_insertar_y_al_actualizar	2026-10-06T18:34:27.9071293-05:00	00:00:00.0493168
Passed	Sillar.Shared.Data.Tests.ReplicationMappingTests	Sillar.Shared.Data.Tests.ReplicationMappingTests.La_version_nace_en_uno_y_no_la_genera_la_base	2026-10-06T18:34:27.9750336-05:00	00:00:00.0603704
Passed	Sillar.Shared.Data.Tests.ReplicationMappingTests	Sillar.Shared.Data.Tests.ReplicationMappingTests.Las_cuatro_columnas_llevan_el_nombre_en_snake_case_del_esquema	2026-10-06T18:34:18.1510510-05:00	00:00:09.1617713
Passed	Sillar.Shared.Data.Tests.ReplicationMappingTests	Sillar.Shared.Data.Tests.ReplicationMappingTests.Sin_MapReplication_EF_las_nombraria_de_otra_forma	2026-10-06T18:34:27.7573263-05:00	00:00:00.0214952
Passed	Sillar.Shared.Data.Tests.ReplicationStampingTests	Sillar.Shared.Data.Tests.ReplicationStampingTests.Al_modificar_no_se_reescriben_ni_el_origen_ni_la_fecha_de_alta	2026-10-06T18:34:18.1537737-05:00	00:00:09.5819931
Passed	Sillar.Shared.Data.Tests.ReplicationStampingTests	Sillar.Shared.Data.Tests.ReplicationStampingTests.Al_modificar_sube_la_version_y_el_origen_no_se_toca	2026-10-06T18:34:28.1781413-05:00	00:00:00.0080278
Passed	Sillar.Shared.Data.Tests.ReplicationStampingTests	Sillar.Shared.Data.Tests.ReplicationStampingTests.El_borrado_tampoco_sube_la_version	2026-10-06T18:34:28.0763231-05:00	00:00:00.0965879
Passed	Sillar.Shared.Data.Tests.ReplicationStampingTests	Sillar.Shared.Data.Tests.ReplicationStampingTests.Una_fila_nueva_nace_con_el_nodo_la_version_uno_y_las_dos_fechas	2026-10-06T18:34:28.1912014-05:00	00:00:00.0257742
Passed	Sillar.Shared.Data.Tests.ReplicationStampingTests	Sillar.Shared.Data.Tests.ReplicationStampingTests.Una_fila_sin_cambios_no_se_sella	2026-10-06T18:34:27.9943834-05:00	00:00:00.0733618
Passed	Sillar.Shared.Tests.ModuleActivationSafetyTests	Sillar.Shared.Tests.ModuleActivationSafetyTests.Activar_con_las_dependencias_duras_activas_si_esta_permitido	2026-10-06T18:34:16.3614923-05:00	00:00:00.0148717
Passed	Sillar.Shared.Tests.ModuleActivationSafetyTests	Sillar.Shared.Tests.ModuleActivationSafetyTests.Activar_con_una_dependencia_dura_inactiva_no_esta_permitido	2026-10-06T18:34:16.4252895-05:00	00:00:00.0200257
Passed	Sillar.Shared.Tests.ModuleActivationSafetyTests	Sillar.Shared.Tests.ModuleActivationSafetyTests.Desactivar_CORE_dejaria_a_todos_los_activos_sin_su_dependencia_dura	2026-10-06T18:34:15.7546758-05:00	00:00:00.2450363
Passed	Sillar.Shared.Tests.ModuleActivationSafetyTests	Sillar.Shared.Tests.ModuleActivationSafetyTests.Desactivar_en_orden_inverso_a_las_dependencias_si_esta_permitido	2026-10-06T18:34:16.4822115-05:00	00:00:00.0102563
Passed	Sillar.Shared.Tests.ModuleActivationSafetyTests	Sillar.Shared.Tests.ModuleActivationSafetyTests.Desactivar_un_modulo_del_que_otro_activo_depende_duro_no_esta_permitido	2026-10-06T18:34:16.3781862-05:00	00:00:00.0309632
Passed	Sillar.Shared.Tests.ModuleActivationSafetyTests	Sillar.Shared.Tests.ModuleActivationSafetyTests.Ninguna_secuencia_de_operaciones_permitidas_deja_el_sistema_sin_arrancar	2026-10-06T18:34:16.2481699-05:00	00:00:00.1055882
Passed	Sillar.Shared.Tests.ModuleActivationSafetyTests	Sillar.Shared.Tests.ModuleActivationSafetyTests.Una_dependencia_blanda_inactiva_no_impide_activar	2026-10-06T18:34:16.4942605-05:00	00:00:00.0166069
Passed	Sillar.Shared.Tests.ModuleActivationSafetyTests	Sillar.Shared.Tests.ModuleActivationSafetyTests.Una_dependencia_blanda_no_impide_desactivar_al_otro	2026-10-06T18:34:16.4701609-05:00	00:00:00.0106182
Passed	Sillar.Shared.Tests.ModuleActivationTests	Sillar.Shared.Tests.ModuleActivationTests.Con_todas_las_dependencias_duras_activas_no_hay_problema	2026-10-06T18:34:16.2453016-05:00	00:00:00.0735351
Passed	Sillar.Shared.Tests.ModuleActivationTests	Sillar.Shared.Tests.ModuleActivationTests.Lo_que_esta_apagado_no_se_juzga	2026-10-06T18:34:16.8332525-05:00	00:00:00.0168022
Passed	Sillar.Shared.Tests.ModuleActivationTests	Sillar.Shared.Tests.ModuleActivationTests.Se_reportan_todas_las_dependencias_que_faltan_no_solo_la_primera	2026-10-06T18:34:15.7547558-05:00	00:00:00.2737191
Passed	Sillar.Shared.Tests.ModuleActivationTests	Sillar.Shared.Tests.ModuleActivationTests.Un_modulo_activo_con_su_dependencia_dura_apagada_es_un_problema	2026-10-06T18:34:16.3313040-05:00	00:00:00.4840106
Passed	Sillar.Shared.Tests.ModuleActivationTests	Sillar.Shared.Tests.ModuleActivationTests.Una_dependencia_blanda_apagada_no_es_un_problema	2026-10-06T18:34:16.8652131-05:00	00:00:00.0222371
Passed	Sillar.Shared.Tests.ModuleActiveButUndeclaredTests	Sillar.Shared.Tests.ModuleActiveButUndeclaredTests.Lo_inactivo_y_ausente_no_es_un_problema	2026-10-06T18:34:16.3474845-05:00	00:00:00.0463434
Passed	Sillar.Shared.Tests.ModuleActiveButUndeclaredTests	Sillar.Shared.Tests.ModuleActiveButUndeclaredTests.Se_nombran_todos_los_que_faltan_no_solo_el_primero	2026-10-06T18:34:15.7548222-05:00	00:00:00.4760123
Passed	Sillar.Shared.Tests.ModuleActiveButUndeclaredTests	Sillar.Shared.Tests.ModuleActiveButUndeclaredTests.Si_todo_lo_activo_en_la_base_esta_declarado_no_hay_problema	2026-10-06T18:34:16.3955980-05:00	00:00:00.0006085
Passed	Sillar.Shared.Tests.ModuleActiveButUndeclaredTests	Sillar.Shared.Tests.ModuleActiveButUndeclaredTests.Sin_ningun_codigo_activo_no_hay_nada_que_reportar	2026-10-06T18:34:16.4743072-05:00	00:00:00.0037517
Passed	Sillar.Shared.Tests.ModuleActiveButUndeclaredTests	Sillar.Shared.Tests.ModuleActiveButUndeclaredTests.Un_codigo_activo_que_el_binario_no_trae_se_nombra	2026-10-06T18:34:16.4291289-05:00	00:00:00.0332277
Passed	Sillar.Shared.Tests.ModuleGraphTests	Sillar.Shared.Tests.ModuleGraphTests.Declarar_la_misma_dependencia_dura_y_blanda_avisa_y_manda_la_dura	2026-10-06T18:34:16.5354212-05:00	00:00:00.0169480
Passed	Sillar.Shared.Tests.ModuleGraphTests	Sillar.Shared.Tests.ModuleGraphTests.Dos_modulos_con_el_mismo_codigo_abortan	2026-10-06T18:34:16.9675543-05:00	00:00:00.0166578
Passed	Sillar.Shared.Tests.ModuleGraphTests	Sillar.Shared.Tests.ModuleGraphTests.El_orden_deja_cada_modulo_detras_de_sus_dependencias	2026-10-06T18:34:16.3298499-05:00	00:00:00.1666023
Passed	Sillar.Shared.Tests.ModuleGraphTests	Sillar.Shared.Tests.ModuleGraphTests.El_orden_no_depende_de_como_lleguen_los_modulos	2026-10-06T18:34:16.7968881-05:00	00:00:00.0297876
Passed	Sillar.Shared.Tests.ModuleGraphTests	Sillar.Shared.Tests.ModuleGraphTests.Sin_CORE_no_se_puede_arrancar	2026-10-06T18:34:16.2725442-05:00	00:00:00.0554605
Passed	Sillar.Shared.Tests.ModuleGraphTests	Sillar.Shared.Tests.ModuleGraphTests.Sin_ningun_modulo_no_se_puede_arrancar	2026-10-06T18:34:16.5680274-05:00	00:00:00.0153983
Passed	Sillar.Shared.Tests.ModuleGraphTests	Sillar.Shared.Tests.ModuleGraphTests.Un_ciclo_a_traves_de_una_dependencia_blanda_tambien_aborta	2026-10-06T18:34:16.6269829-05:00	00:00:00.0552170
Passed	Sillar.Shared.Tests.ModuleGraphTests	Sillar.Shared.Tests.ModuleGraphTests.Un_ciclo_aborta_e_indica_el_camino	2026-10-06T18:34:17.0225854-05:00	00:00:00.0207838
Passed	Sillar.Shared.Tests.ModuleGraphTests	Sillar.Shared.Tests.ModuleGraphTests.Un_codigo_que_no_sirve_como_schema_aborta(codigo: "")	2026-10-06T18:34:16.2211530-05:00	00:00:00.0119551
Passed	Sillar.Shared.Tests.ModuleGraphTests	Sillar.Shared.Tests.ModuleGraphTests.Un_codigo_que_no_sirve_como_schema_aborta(codigo: "1catalog")	2026-10-06T18:34:16.2501331-05:00	00:00:00.0001231
Passed	Sillar.Shared.Tests.ModuleGraphTests	Sillar.Shared.Tests.ModuleGraphTests.Un_codigo_que_no_sirve_como_schema_aborta(codigo: "Catalog")	2026-10-06T18:34:16.2585873-05:00	00:00:00.0001342
Passed	Sillar.Shared.Tests.ModuleGraphTests	Sillar.Shared.Tests.ModuleGraphTests.Un_codigo_que_no_sirve_como_schema_aborta(codigo: "c")	2026-10-06T18:34:16.2707183-05:00	00:00:00.0001265
Passed	Sillar.Shared.Tests.ModuleGraphTests	Sillar.Shared.Tests.ModuleGraphTests.Un_codigo_que_no_sirve_como_schema_aborta(codigo: "cata-logo")	2026-10-06T18:34:15.7526724-05:00	00:00:00.2752820
Passed	Sillar.Shared.Tests.ModuleGraphTests	Sillar.Shared.Tests.ModuleGraphTests.Un_codigo_que_no_sirve_como_schema_aborta(codigo: "catalogo_con_un_nombre_larguisimo_que_pasa_de_cuar"···)	2026-10-06T18:34:16.2360881-05:00	00:00:00.0001573
Passed	Sillar.Shared.Tests.ModuleGraphTests	Sillar.Shared.Tests.ModuleGraphTests.Un_grafo_correcto_es_valido	2026-10-06T18:34:16.9982451-05:00	00:00:00.0103814
Passed	Sillar.Shared.Tests.ModuleGraphTests	Sillar.Shared.Tests.ModuleGraphTests.Un_modulo_que_depende_de_si_mismo_aborta	2026-10-06T18:34:16.8780751-05:00	00:00:00.0013372
Passed	Sillar.Shared.Tests.ModuleGraphTests	Sillar.Shared.Tests.ModuleGraphTests.Un_modulo_que_no_declara_CORE_aborta	2026-10-06T18:34:17.1449832-05:00	00:00:00.0035336
Passed	Sillar.Shared.Tests.ModuleGraphTests	Sillar.Shared.Tests.ModuleGraphTests.Un_modulo_sin_descripcion_aborta(descripcion: "   ")	2026-10-06T18:34:16.9490151-05:00	00:00:00.0160841
Passed	Sillar.Shared.Tests.ModuleGraphTests	Sillar.Shared.Tests.ModuleGraphTests.Un_modulo_sin_descripcion_aborta(descripcion: "")	2026-10-06T18:34:16.9317775-05:00	00:00:00.0158944
Passed	Sillar.Shared.Tests.ModuleGraphTests	Sillar.Shared.Tests.ModuleGraphTests.Un_nombre_visible_vacio_aborta	2026-10-06T18:34:17.1079072-05:00	00:00:00.0015430
Passed	Sillar.Shared.Tests.ModuleGraphTests	Sillar.Shared.Tests.ModuleGraphTests.Una_dependencia_blanda_inexistente_solo_avisa	2026-10-06T18:34:16.8463323-05:00	00:00:00.0145723
Passed	Sillar.Shared.Tests.ModuleGraphTests	Sillar.Shared.Tests.ModuleGraphTests.Una_dependencia_dura_hacia_un_modulo_inexistente_aborta	2026-10-06T18:34:16.9079832-05:00	00:00:00.0014777
Passed	Sillar.Shared.Tests.ModuleGraphTests	Sillar.Shared.Tests.ModuleGraphTests.Una_descripcion_que_no_cabe_en_la_columna_aborta	2026-10-06T18:34:16.5101474-05:00	00:00:00.0137048
Passed	Sillar.Shared.Tests.ModuleGraphTests	Sillar.Shared.Tests.ModuleGraphTests.Una_posicion_negativa_en_el_panel_aborta	2026-10-06T18:34:16.7623127-05:00	00:00:00.0174869
Passed	Sillar.Shared.Tests.ModuleGraphTests	Sillar.Shared.Tests.ModuleGraphTests.Una_version_mal_formada_aborta(version: "")	2026-10-06T18:34:16.7468117-05:00	00:00:00.0001377
Passed	Sillar.Shared.Tests.ModuleGraphTests	Sillar.Shared.Tests.ModuleGraphTests.Una_version_mal_formada_aborta(version: "1.0")	2026-10-06T18:34:16.7293321-05:00	00:00:00.0007873
Passed	Sillar.Shared.Tests.ModuleGraphTests	Sillar.Shared.Tests.ModuleGraphTests.Una_version_mal_formada_aborta(version: "v1.0.0")	2026-10-06T18:34:16.6843760-05:00	00:00:00.0244062
Passed	Sillar.Shared.Tests.PagingTests	Sillar.Shared.Tests.PagingTests.El_salto_corresponde_a_la_pagina_pedida	2026-10-06T18:34:16.2834719-05:00	00:00:00.0105548
Passed	Sillar.Shared.Tests.PagingTests	Sillar.Shared.Tests.PagingTests.El_total_de_paginas_redondea_hacia_arriba	2026-10-06T18:34:16.3048399-05:00	00:00:00.0011512
Passed	Sillar.Shared.Tests.PagingTests	Sillar.Shared.Tests.PagingTests.La_ultima_pagina_no_tiene_siguiente	2026-10-06T18:34:15.7547790-05:00	00:00:00.2249733
Passed	Sillar.Shared.Tests.PagingTests	Sillar.Shared.Tests.PagingTests.No_se_puede_pedir_mas_del_maximo	2026-10-06T18:34:16.3389739-05:00	00:00:00.0270362
Passed	Sillar.Shared.Tests.PagingTests	Sillar.Shared.Tests.PagingTests.Sin_pedir_nada_se_devuelve_la_primera_pagina_de_cincuenta	2026-10-06T18:34:16.3255328-05:00	00:00:00.0007666
Passed	Sillar.Shared.Tests.PagingTests	Sillar.Shared.Tests.PagingTests.Sin_resultados_no_hay_paginas_ni_siguiente	2026-10-06T18:34:16.3803243-05:00	00:00:00.0138258
Passed	Sillar.Shared.Tests.PagingTests	Sillar.Shared.Tests.PagingTests.Un_tamano_de_cero_o_negativo_se_lleva_al_minimo	2026-10-06T18:34:16.3708860-05:00	00:00:00.0077093
Passed	Sillar.Shared.Tests.PagingTests	Sillar.Shared.Tests.PagingTests.Una_pagina_por_debajo_de_uno_se_trata_como_la_primera(pedida: -3)	2026-10-06T18:34:16.2691406-05:00	00:00:00.0007290
Passed	Sillar.Shared.Tests.PagingTests	Sillar.Shared.Tests.PagingTests.Una_pagina_por_debajo_de_uno_se_trata_como_la_primera(pedida: 0)	2026-10-06T18:34:16.2433025-05:00	00:00:00.0120238
