outcome	clase	prueba	inicio	duracion
Passed	Sillar.Api.Tests.ArranqueConModuloActivoAusenteTests	Sillar.Api.Tests.ArranqueConModuloActivoAusenteTests.Un_modulo_activo_que_el_binario_no_trae_impide_arrancar_al_host	2026-10-06T12:22:45.2131034-05:00	00:01:09.7813278
Passed	Sillar.Api.Tests.CierreM04SeguridadYCorreoTests	Sillar.Api.Tests.CierreM04SeguridadYCorreoTests.Criterio13_password_de_registro_no_aparece_en_respuesta_logs_ni_auditoria	2026-10-06T12:22:45.2130312-05:00	00:01:09.6065464
Passed	Sillar.Api.Tests.CierreM04SeguridadYCorreoTests	Sillar.Api.Tests.CierreM04SeguridadYCorreoTests.Criterio17_fallo_de_correo_de_un_registro_concreto_es_visible_para_admin	2026-10-06T12:23:54.9043358-05:00	00:00:33.6490773
Passed	Sillar.Api.Tests.ModulosEnElDespliegueTests	Sillar.Api.Tests.ModulosEnElDespliegueTests.Cada_modulo_del_repositorio_tiene_su_ensamblado_junto_al_host	2026-10-06T12:22:45.2116709-05:00	00:00:00.1641148
Passed	Sillar.Core.Tests.ActivacionConSchemaTests	Sillar.Core.Tests.ActivacionConSchemaTests.Al_negarse_el_estado_previo_queda_intacto	2026-10-06T12:23:44.8877566-05:00	00:00:08.1635625
Passed	Sillar.Core.Tests.ActivacionConSchemaTests	Sillar.Core.Tests.ActivacionConSchemaTests.Con_su_schema_presente_el_modulo_se_activa	2026-10-06T12:24:19.0061842-05:00	00:00:09.5447931
Passed	Sillar.Core.Tests.ActivacionConSchemaTests	Sillar.Core.Tests.ActivacionConSchemaTests.El_error_nombra_el_modulo_el_schema_la_base_y_que_hacer	2026-10-06T12:23:22.7274060-05:00	00:00:11.9524560
Passed	Sillar.Core.Tests.ActivacionConSchemaTests	Sillar.Core.Tests.ActivacionConSchemaTests.Los_modulos_de_demostracion_sin_schema_se_siguen_activando	2026-10-06T12:23:53.0521696-05:00	00:00:15.8645450
Passed	Sillar.Core.Tests.ActivacionConSchemaTests	Sillar.Core.Tests.ActivacionConSchemaTests.Sin_su_schema_el_modulo_no_se_activa	2026-10-06T12:24:09.4466846-05:00	00:00:09.5586186
Passed	Sillar.Core.Tests.ActivacionConSchemaTests	Sillar.Core.Tests.ActivacionConSchemaTests.Tras_una_instalacion_correcta_los_modulos_reales_tienen_su_schema_y_se_activan	2026-10-06T12:23:34.6845101-05:00	00:00:10.2020721
Passed	Sillar.Core.Tests.ActivacionConSchemaTests	Sillar.Core.Tests.ActivacionConSchemaTests.Un_modulo_real_sin_su_schema_no_se_activa_aunque_otros_si_lo_tengan	2026-10-06T12:22:45.9790677-05:00	00:00:36.6240999
Passed	Sillar.Core.Tests.ActivacionConSchemaTests	Sillar.Core.Tests.ActivacionConSchemaTests.Una_averia_distinta_no_se_convierte_en_falta_el_schema	2026-10-06T12:24:08.9216659-05:00	00:00:00.5237478
Passed	Sillar.Core.Tests.AdminClaimIsolationTests	Sillar.Core.Tests.AdminClaimIsolationTests.Claim_csrf_administrativo_si_se_resuelve	2026-10-06T12:22:45.9790880-05:00	00:00:00.2636120
Passed	Sillar.Core.Tests.AdminClaimIsolationTests	Sillar.Core.Tests.AdminClaimIsolationTests.Claim_csrf_generico_anterior_no_es_claim_administrativo	2026-10-06T12:22:46.5669917-05:00	00:00:00.0131538
Passed	Sillar.Core.Tests.AdminClaimIsolationTests	Sillar.Core.Tests.AdminClaimIsolationTests.Claims_administrativos_tienen_namespace_propio	2026-10-06T12:22:46.8160573-05:00	00:00:00.0003496
Passed	Sillar.Core.Tests.AdminClaimIsolationTests	Sillar.Core.Tests.AdminClaimIsolationTests.CurrentAdmin_ignora_claims_de_cliente	2026-10-06T12:22:46.5867070-05:00	00:00:00.2148494
Passed	Sillar.Core.Tests.AdminClaimIsolationTests	Sillar.Core.Tests.AdminClaimIsolationTests.CurrentAdmin_ignora_session_id_generico_anterior	2026-10-06T12:22:46.8648966-05:00	00:00:00.0007330
Passed	Sillar.Core.Tests.AdminClaimIsolationTests	Sillar.Core.Tests.AdminClaimIsolationTests.CurrentAdmin_lee_session_id_administrativo	2026-10-06T12:22:46.8385020-05:00	00:00:00.0248111
Passed	Sillar.Core.Tests.ArranqueContraBaseVaciaTests	Sillar.Core.Tests.ArranqueContraBaseVaciaTests.El_modo_instalacion_monta_las_dos_rutas_de_setup_y_ninguna_mas	2026-10-06T12:23:33.6946076-05:00	00:00:00.1704843
Passed	Sillar.Core.Tests.ArranqueContraBaseVaciaTests	Sillar.Core.Tests.ArranqueContraBaseVaciaTests.GET_setup_status_contra_base_vacia_responde_200_y_no_un_500	2026-10-06T12:23:33.8681302-05:00	00:00:10.9215896
Passed	Sillar.Core.Tests.ArranqueContraBaseVaciaTests	Sillar.Core.Tests.ArranqueContraBaseVaciaTests.La_misma_base_cambia_de_estado_al_aplicarle_las_migraciones	2026-10-06T12:23:22.7251956-05:00	00:00:10.9586364
Passed	Sillar.Core.Tests.ArranqueContraBaseVaciaTests	Sillar.Core.Tests.ArranqueContraBaseVaciaTests.Sin_migraciones_el_estado_es_faltan_migraciones_y_no_una_excepcion	2026-10-06T12:22:47.0298707-05:00	00:00:35.6402358
Passed	Sillar.Core.Tests.ArranqueContraBaseVaciaTests	Sillar.Core.Tests.ArranqueContraBaseVaciaTests.Un_error_de_PostgreSQL_que_NO_es_42P01_no_se_traga	2026-10-06T12:23:44.8271782-05:00	00:00:08.2191870
Passed	Sillar.Core.Tests.AutenticacionSinAlmacenDeSesionesTests	Sillar.Core.Tests.AutenticacionSinAlmacenDeSesionesTests.Base_pristina_y_cookie_vieja_el_instalador_termina_y_la_cookie_nunca_autentica	2026-10-06T12:23:33.0962811-05:00	00:00:19.1821415
Passed	Sillar.Core.Tests.AutenticacionSinAlmacenDeSesionesTests	Sillar.Core.Tests.AutenticacionSinAlmacenDeSesionesTests.Con_cookie_vieja_y_sin_core_setup_status_responde_y_una_ruta_protegida_da_401	2026-10-06T12:23:22.6446729-05:00	00:00:10.4495349
Passed	Sillar.Core.Tests.AutenticacionSinAlmacenDeSesionesTests	Sillar.Core.Tests.AutenticacionSinAlmacenDeSesionesTests.Con_cookie_y_sin_tabla_de_sesiones_no_hay_resultado_y_no_hay_identidad	2026-10-06T12:23:00.7583842-05:00	00:00:21.7527397
Passed	Sillar.Core.Tests.AutenticacionSinAlmacenDeSesionesTests	Sillar.Core.Tests.AutenticacionSinAlmacenDeSesionesTests.Con_la_tabla_presente_y_una_sesion_valida_autentica_con_normalidad	2026-10-06T12:23:54.5461372-05:00	00:00:14.3910193
Passed	Sillar.Core.Tests.AutenticacionSinAlmacenDeSesionesTests	Sillar.Core.Tests.AutenticacionSinAlmacenDeSesionesTests.Cuando_aparecen_las_tablas_el_handler_vuelve_a_consultar_con_normalidad	2026-10-06T12:24:18.3830240-05:00	00:00:10.9481488
Passed	Sillar.Core.Tests.AutenticacionSinAlmacenDeSesionesTests	Sillar.Core.Tests.AutenticacionSinAlmacenDeSesionesTests.Sin_cookie_no_hay_resultado_como_siempre	2026-10-06T12:23:52.2872006-05:00	00:00:02.2571015
Passed	Sillar.Core.Tests.AutenticacionSinAlmacenDeSesionesTests	Sillar.Core.Tests.AutenticacionSinAlmacenDeSesionesTests.Un_42P01_de_otra_relacion_no_se_traga	2026-10-06T12:24:08.9394273-05:00	00:00:09.4422424
Passed	Sillar.Core.Tests.AutenticacionSinAlmacenDeSesionesTests	Sillar.Core.Tests.AutenticacionSinAlmacenDeSesionesTests.Un_UndefinedColumn_no_se_traga	2026-10-06T12:24:29.3323420-05:00	00:00:06.1482835
Passed	Sillar.Core.Tests.AutenticacionSinAlmacenDeSesionesTests	Sillar.Core.Tests.AutenticacionSinAlmacenDeSesionesTests.Una_base_inexistente_no_se_convierte_en_ausencia	2026-10-06T12:22:46.9380985-05:00	00:00:13.7554155
Passed	Sillar.Core.Tests.AutenticacionSinAlmacenDeSesionesTests	Sillar.Core.Tests.AutenticacionSinAlmacenDeSesionesTests.Una_conexion_caida_no_se_convierte_en_ausencia	2026-10-06T12:23:22.5424263-05:00	00:00:00.0999089
Passed	Sillar.Core.Tests.ContentSnifferTests	Sillar.Core.Tests.ContentSnifferTests.Otros_formatos_conocidos_se_rechazan(firma: "%PDF-1.7")	2026-10-06T12:22:47.8211205-05:00	00:00:00.0000710
Passed	Sillar.Core.Tests.ContentSnifferTests	Sillar.Core.Tests.ContentSnifferTests.Otros_formatos_conocidos_se_rechazan(firma: "GIF89a")	2026-10-06T12:22:47.7063977-05:00	00:00:00.0667572
Passed	Sillar.Core.Tests.ContentSnifferTests	Sillar.Core.Tests.ContentSnifferTests.Otros_formatos_conocidos_se_rechazan(firma: "PK\x03\x04")	2026-10-06T12:22:47.8201906-05:00	00:00:00.0000706
Passed	Sillar.Core.Tests.ContentSnifferTests	Sillar.Core.Tests.ContentSnifferTests.Otros_formatos_conocidos_se_rechazan(firma: "\x1f")	2026-10-06T12:22:47.8142594-05:00	00:00:00.0008213
Passed	Sillar.Core.Tests.ContentSnifferTests	Sillar.Core.Tests.ContentSnifferTests.Un_archivo_con_extension_png_pero_otro_contenido_se_rechaza	2026-10-06T12:22:47.8364337-05:00	00:00:00.0003897
Passed	Sillar.Core.Tests.ContentSnifferTests	Sillar.Core.Tests.ContentSnifferTests.Un_archivo_vacio_o_truncado_se_rechaza	2026-10-06T12:22:47.8378729-05:00	00:00:00.0096148
Passed	Sillar.Core.Tests.ContentSnifferTests	Sillar.Core.Tests.ContentSnifferTests.Un_jpeg_se_reconoce_por_su_firma	2026-10-06T12:22:47.8950354-05:00	00:00:00.0004449
Passed	Sillar.Core.Tests.ContentSnifferTests	Sillar.Core.Tests.ContentSnifferTests.Un_png_se_reconoce_por_su_firma	2026-10-06T12:22:47.9068101-05:00	00:00:00.0075872
Passed	Sillar.Core.Tests.ContentSnifferTests	Sillar.Core.Tests.ContentSnifferTests.Un_riff_que_no_es_webp_se_rechaza	2026-10-06T12:22:47.8989545-05:00	00:00:00.0007286
Passed	Sillar.Core.Tests.ContentSnifferTests	Sillar.Core.Tests.ContentSnifferTests.Un_svg_sin_declaracion_xml_tambien_se_rechaza	2026-10-06T12:22:47.8283405-05:00	00:00:00.0004270
Passed	Sillar.Core.Tests.ContentSnifferTests	Sillar.Core.Tests.ContentSnifferTests.Un_svg_valido_se_rechaza	2026-10-06T12:22:47.9034142-05:00	00:00:00.0018898
Passed	Sillar.Core.Tests.ContentSnifferTests	Sillar.Core.Tests.ContentSnifferTests.Un_webp_se_reconoce_en_sus_tres_variantes(variante: "VP8 ")	2026-10-06T12:22:47.8566467-05:00	00:00:00.0233999
Passed	Sillar.Core.Tests.ContentSnifferTests	Sillar.Core.Tests.ContentSnifferTests.Un_webp_se_reconoce_en_sus_tres_variantes(variante: "VP8L")	2026-10-06T12:22:47.8896611-05:00	00:00:00.0000783
Passed	Sillar.Core.Tests.ContentSnifferTests	Sillar.Core.Tests.ContentSnifferTests.Un_webp_se_reconoce_en_sus_tres_variantes(variante: "VP8X")	2026-10-06T12:22:47.8882793-05:00	00:00:00.0004740
Passed	Sillar.Core.Tests.CsrfTokenFactoryTests	Sillar.Core.Tests.CsrfTokenFactoryTests.Dos_instalaciones_distintas_dan_tokens_distintos_para_la_misma_sesion	2026-10-06T12:22:47.3867920-05:00	00:00:00.0058268
Passed	Sillar.Core.Tests.CsrfTokenFactoryTests	Sillar.Core.Tests.CsrfTokenFactoryTests.Dos_sesiones_distintas_dan_tokens_distintos	2026-10-06T12:22:47.3348268-05:00	00:00:00.0040545
Passed	Sillar.Core.Tests.CsrfTokenFactoryTests	Sillar.Core.Tests.CsrfTokenFactoryTests.El_hash_que_se_guarda_no_contiene_el_token	2026-10-06T12:22:47.1525458-05:00	00:00:00.0137462
Passed	Sillar.Core.Tests.CsrfTokenFactoryTests	Sillar.Core.Tests.CsrfTokenFactoryTests.El_token_no_revela_la_sesion_ni_la_clave_de_instalacion	2026-10-06T12:22:47.1124297-05:00	00:00:00.0239124
Passed	Sillar.Core.Tests.CsrfTokenFactoryTests	Sillar.Core.Tests.CsrfTokenFactoryTests.El_token_viaja_en_una_cabecera_sin_escapar_nada	2026-10-06T12:22:47.2347035-05:00	00:00:00.0987953
Passed	Sillar.Core.Tests.CsrfTokenFactoryTests	Sillar.Core.Tests.CsrfTokenFactoryTests.La_etiqueta_de_derivacion_esta_versionada	2026-10-06T12:22:47.1429067-05:00	00:00:00.0042484
Passed	Sillar.Core.Tests.CsrfTokenFactoryTests	Sillar.Core.Tests.CsrfTokenFactoryTests.La_misma_sesion_da_siempre_el_mismo_token	2026-10-06T12:22:47.3743591-05:00	00:00:00.0110173
Passed	Sillar.Core.Tests.CsrfTokenFactoryTests	Sillar.Core.Tests.CsrfTokenFactoryTests.Reiniciar_el_proceso_no_cambia_el_token_de_una_sesion_viva	2026-10-06T12:22:47.1376333-05:00	00:00:00.0041377
Passed	Sillar.Core.Tests.CsrfTokenFactoryTests	Sillar.Core.Tests.CsrfTokenFactoryTests.Una_clave_de_instalacion_que_solo_difiere_en_un_bit_da_otro_token	2026-10-06T12:22:47.4081741-05:00	00:00:00.0164461
Passed	Sillar.Core.Tests.CsrfTokenFactoryTests	Sillar.Core.Tests.CsrfTokenFactoryTests.Una_clave_de_instalacion_vacia_se_rechaza	2026-10-06T12:22:47.1673179-05:00	00:00:00.0558427
Passed	Sillar.Core.Tests.EmailTestStatusContractTests	Sillar.Core.Tests.EmailTestStatusContractTests.Estado_smtp_no_expone_secretos	2026-10-06T12:22:47.3556264-05:00	00:00:00.0907336
Passed	Sillar.Core.Tests.EmailTestStatusContractTests	Sillar.Core.Tests.EmailTestStatusContractTests.Estado_smtp_representa_nunca_probado_sin_inventar_fecha	2026-10-06T12:22:47.4663433-05:00	00:00:00.0164339
Passed	Sillar.Core.Tests.HostRestarterTests	Sillar.Core.Tests.HostRestarterTests.Con_la_bandera_en_false_el_host_no_se_detiene	2026-10-06T12:22:47.5176620-05:00	00:00:00.1395241
Passed	Sillar.Core.Tests.HostRestarterTests	Sillar.Core.Tests.HostRestarterTests.Con_la_bandera_en_true_la_parada_se_programa_para_despues_de_la_respuesta	2026-10-06T12:22:47.6831200-05:00	00:00:00.0125655
Passed	Sillar.Core.Tests.HostRestarterTests	Sillar.Core.Tests.HostRestarterTests.La_parada_incondicional_tampoco_ocurre_antes_de_la_respuesta	2026-10-06T12:22:47.4268889-05:00	00:00:00.0803196
Passed	Sillar.Core.Tests.HostRestarterTests	Sillar.Core.Tests.HostRestarterTests.Sin_configuracion_el_host_no_se_detiene	2026-10-06T12:22:47.6732926-05:00	00:00:00.0004546
Passed	Sillar.Core.Tests.ImageDimensionsTests	Sillar.Core.Tests.ImageDimensionsTests.En_jpeg_el_alto_va_antes_que_el_ancho	2026-10-06T12:22:46.8707624-05:00	00:00:00.1083764
Passed	Sillar.Core.Tests.ImageDimensionsTests	Sillar.Core.Tests.ImageDimensionsTests.En_jpeg_se_saltan_los_marcadores_previos	2026-10-06T12:22:46.7284504-05:00	00:00:00.0691681
Passed	Sillar.Core.Tests.ImageDimensionsTests	Sillar.Core.Tests.ImageDimensionsTests.Las_dimensiones_de_un_jpeg_se_leen_del_inicio_de_fotograma(ancho: 1920, alto: 1080)	2026-10-06T12:22:46.8134399-05:00	00:00:00.0269616
Passed	Sillar.Core.Tests.ImageDimensionsTests	Sillar.Core.Tests.ImageDimensionsTests.Las_dimensiones_de_un_jpeg_se_leen_del_inicio_de_fotograma(ancho: 800, alto: 600)	2026-10-06T12:22:46.8409120-05:00	00:00:00.0028011
Passed	Sillar.Core.Tests.ImageDimensionsTests	Sillar.Core.Tests.ImageDimensionsTests.Las_dimensiones_de_un_png_se_leen_del_IHDR(ancho: 1, alto: 1)	2026-10-06T12:22:46.6851569-05:00	00:00:00.0094672
Passed	Sillar.Core.Tests.ImageDimensionsTests	Sillar.Core.Tests.ImageDimensionsTests.Las_dimensiones_de_un_png_se_leen_del_IHDR(ancho: 4096, alto: 2160)	2026-10-06T12:22:46.6954301-05:00	00:00:00.0000697
Passed	Sillar.Core.Tests.ImageDimensionsTests	Sillar.Core.Tests.ImageDimensionsTests.Las_dimensiones_de_un_png_se_leen_del_IHDR(ancho: 800, alto: 600)	2026-10-06T12:22:46.5844261-05:00	00:00:00.0701735
Passed	Sillar.Core.Tests.ImageDimensionsTests	Sillar.Core.Tests.ImageDimensionsTests.Las_dimensiones_de_un_webp_se_leen_en_sus_tres_variantes(variante: "VP8 ", ancho: 640, alto: 480)	2026-10-06T12:22:46.5577602-05:00	00:00:00.0000861
Passed	Sillar.Core.Tests.ImageDimensionsTests	Sillar.Core.Tests.ImageDimensionsTests.Las_dimensiones_de_un_webp_se_leen_en_sus_tres_variantes(variante: "VP8L", ancho: 1, alto: 1)	2026-10-06T12:22:45.9790402-05:00	00:00:00.3000994
Passed	Sillar.Core.Tests.ImageDimensionsTests	Sillar.Core.Tests.ImageDimensionsTests.Las_dimensiones_de_un_webp_se_leen_en_sus_tres_variantes(variante: "VP8L", ancho: 640, alto: 480)	2026-10-06T12:22:46.5486540-05:00	00:00:00.0000833
Passed	Sillar.Core.Tests.ImageDimensionsTests	Sillar.Core.Tests.ImageDimensionsTests.Las_dimensiones_de_un_webp_se_leen_en_sus_tres_variantes(variante: "VP8X", ancho: 16383, alto: 16383)	2026-10-06T12:22:46.4747296-05:00	00:00:00.0716748
Passed	Sillar.Core.Tests.ImageDimensionsTests	Sillar.Core.Tests.ImageDimensionsTests.Las_dimensiones_de_un_webp_se_leen_en_sus_tres_variantes(variante: "VP8X", ancho: 640, alto: 480)	2026-10-06T12:22:46.5538230-05:00	00:00:00.0031419
Passed	Sillar.Core.Tests.ImageDimensionsTests	Sillar.Core.Tests.ImageDimensionsTests.Un_jpeg_sin_inicio_de_fotograma_devuelve_nulo_y_no_se_queda_dando_vueltas	2026-10-06T12:22:47.0022222-05:00	00:00:00.0050966
Passed	Sillar.Core.Tests.ImageDimensionsTests	Sillar.Core.Tests.ImageDimensionsTests.Un_webp_de_variante_desconocida_devuelve_nulo	2026-10-06T12:22:46.9804486-05:00	00:00:00.0135543
Passed	Sillar.Core.Tests.ImageDimensionsTests	Sillar.Core.Tests.ImageDimensionsTests.Una_cabecera_truncada_devuelve_nulo_sin_reventar	2026-10-06T12:22:46.8550913-05:00	00:00:00.0124746
Passed	Sillar.Core.Tests.InstalacionDeModulosTests	Sillar.Core.Tests.InstalacionDeModulosTests.Base_pristina_la_instalacion_deja_todos_los_schemas_desplegados_y_termina_operativa	2026-10-06T12:24:42.0000106-05:00	00:00:07.3074326
Passed	Sillar.Core.Tests.InstalacionDeModulosTests	Sillar.Core.Tests.InstalacionDeModulosTests.CORE_se_instala_el_primero_y_no_por_casualidad	2026-10-06T12:24:06.0937975-05:00	00:00:00.0011377
Passed	Sillar.Core.Tests.InstalacionDeModulosTests	Sillar.Core.Tests.InstalacionDeModulosTests.Clasificar_con_algo_ajeno_no_es_seguro	2026-10-06T12:24:41.9985902-05:00	00:00:00.0005924
Passed	Sillar.Core.Tests.InstalacionDeModulosTests	Sillar.Core.Tests.InstalacionDeModulosTests.Clasificar_con_solo_lo_nuestro_es_reanudable	2026-10-06T12:23:22.7374430-05:00	00:00:00.0209615
Passed	Sillar.Core.Tests.InstalacionDeModulosTests	Sillar.Core.Tests.InstalacionDeModulosTests.Clasificar_sin_nada_es_pristina	2026-10-06T12:24:06.0917490-05:00	00:00:00.0008748
Passed	Sillar.Core.Tests.InstalacionDeModulosTests	Sillar.Core.Tests.InstalacionDeModulosTests.El_503_nombra_base_servidor_puerto_y_la_evidencia_y_manda_comprobar_la_conexion	2026-10-06T12:24:27.8550388-05:00	00:00:02.5884884
Passed	Sillar.Core.Tests.InstalacionDeModulosTests	Sillar.Core.Tests.InstalacionDeModulosTests.El_orden_es_el_mismo_llegue_como_llegue_el_catalogo_de_modulos	2026-10-06T12:23:53.8174798-05:00	00:00:00.0048149
Passed	Sillar.Core.Tests.InstalacionDeModulosTests	Sillar.Core.Tests.InstalacionDeModulosTests.Las_extensiones_en_public_no_convierten_la_base_en_ajena	2026-10-06T12:24:30.4448983-05:00	00:00:05.3359707
Passed	Sillar.Core.Tests.InstalacionDeModulosTests	Sillar.Core.Tests.InstalacionDeModulosTests.POST_setup_sobre_base_pristina_responde_201	2026-10-06T12:23:22.7731601-05:00	00:00:13.1468881
Passed	Sillar.Core.Tests.InstalacionDeModulosTests	Sillar.Core.Tests.InstalacionDeModulosTests.Repetir_la_instalacion_no_reaplica_nada_y_sigue_operativa	2026-10-06T12:24:06.0956264-05:00	00:00:12.9184933
Passed	Sillar.Core.Tests.InstalacionDeModulosTests	Sillar.Core.Tests.InstalacionDeModulosTests.Un_historial_con_migraciones_que_este_binario_no_conoce_no_se_toca	2026-10-06T12:23:35.9212943-05:00	00:00:08.8853259
Passed	Sillar.Core.Tests.InstalacionDeModulosTests	Sillar.Core.Tests.InstalacionDeModulosTests.Un_schema_ajeno_hace_que_se_niegue_antes_de_migrar_nada	2026-10-06T12:23:53.8247083-05:00	00:00:12.2659119
Passed	Sillar.Core.Tests.InstalacionDeModulosTests	Sillar.Core.Tests.InstalacionDeModulosTests.Un_schema_con_nuestro_nombre_pero_sin_nuestro_historial_no_se_toca	2026-10-06T12:24:35.7818112-05:00	00:00:06.2161491
Passed	Sillar.Core.Tests.InstalacionDeModulosTests	Sillar.Core.Tests.InstalacionDeModulosTests.Un_schema_de_SILLAR_cuya_primera_migracion_fallo_sigue_siendo_reanudable	2026-10-06T12:24:19.0148850-05:00	00:00:08.8315109
Passed	Sillar.Core.Tests.InstalacionDeModulosTests	Sillar.Core.Tests.InstalacionDeModulosTests.Una_instalacion_a_medias_se_reanuda_y_se_completa	2026-10-06T12:22:47.9260139-05:00	00:00:34.7864455
Passed	Sillar.Core.Tests.InstalacionDeModulosTests	Sillar.Core.Tests.InstalacionDeModulosTests.Una_tabla_ajena_en_public_hace_que_se_niegue	2026-10-06T12:23:44.8118110-05:00	00:00:09.0032753
Passed	Sillar.Core.Tests.LockoutPolicyTests	Sillar.Core.Tests.LockoutPolicyTests.El_bloqueo_termina_solo_al_pasar_el_plazo	2026-10-06T12:22:46.8943116-05:00	00:00:00.0479795
Passed	Sillar.Core.Tests.LockoutPolicyTests	Sillar.Core.Tests.LockoutPolicyTests.El_quinto_fallo_bloquea_quince_minutos	2026-10-06T12:22:46.9559746-05:00	00:00:00.0836363
Passed	Sillar.Core.Tests.LockoutPolicyTests	Sillar.Core.Tests.LockoutPolicyTests.Los_fallos_siguientes_reinician_los_quince_minutos	2026-10-06T12:22:47.0523539-05:00	00:00:00.0296305
Passed	Sillar.Core.Tests.LockoutPolicyTests	Sillar.Core.Tests.LockoutPolicyTests.Menos_de_cinco_fallos_no_bloquean(fallos: 1)	2026-10-06T12:22:47.0472973-05:00	00:00:00.0037731
Passed	Sillar.Core.Tests.LockoutPolicyTests	Sillar.Core.Tests.LockoutPolicyTests.Menos_de_cinco_fallos_no_bloquean(fallos: 4)	2026-10-06T12:22:47.0415587-05:00	00:00:00.0047748
Passed	Sillar.Core.Tests.LockoutPolicyTests	Sillar.Core.Tests.LockoutPolicyTests.Una_cuenta_sin_bloqueo_no_esta_bloqueada	2026-10-06T12:22:46.8751993-05:00	00:00:00.0010959
Passed	Sillar.Core.Tests.LoginEvaluatorTests	Sillar.Core.Tests.LoginEvaluatorTests.Con_la_contrasena_correcta_y_la_cuenta_bloqueada_devuelve_423	2026-10-06T12:22:47.8222776-05:00	00:00:00.1057576
Passed	Sillar.Core.Tests.LoginEvaluatorTests	Sillar.Core.Tests.LoginEvaluatorTests.Con_la_contrasena_incorrecta_y_la_cuenta_bloqueada_devuelve_401_y_no_423	2026-10-06T12:22:48.0106330-05:00	00:00:00.0079189
Passed	Sillar.Core.Tests.LoginEvaluatorTests	Sillar.Core.Tests.LoginEvaluatorTests.Con_todo_en_orden_concede_el_acceso	2026-10-06T12:22:47.9735973-05:00	00:00:00.0005450
Passed	Sillar.Core.Tests.LoginEvaluatorTests	Sillar.Core.Tests.LoginEvaluatorTests.El_senuelo_no_se_calcula_cuando_la_cuenta_existe	2026-10-06T12:22:47.9837653-05:00	00:00:00.0006977
Passed	Sillar.Core.Tests.LoginEvaluatorTests	Sillar.Core.Tests.LoginEvaluatorTests.Un_bloqueo_ya_vencido_no_impide_entrar	2026-10-06T12:22:47.9664523-05:00	00:00:00.0008027
Passed	Sillar.Core.Tests.LoginEvaluatorTests	Sillar.Core.Tests.LoginEvaluatorTests.Un_correo_que_no_existe_devuelve_401_y_gasta_el_tiempo_del_senuelo	2026-10-06T12:22:47.9302891-05:00	00:00:00.0292768
Passed	Sillar.Core.Tests.LoginEvaluatorTests	Sillar.Core.Tests.LoginEvaluatorTests.Una_contrasena_incorrecta_devuelve_401	2026-10-06T12:22:48.0030696-05:00	00:00:00.0059002
Passed	Sillar.Core.Tests.LoginEvaluatorTests	Sillar.Core.Tests.LoginEvaluatorTests.Una_cuenta_desactivada_devuelve_401_generico	2026-10-06T12:22:48.0197358-05:00	00:00:00.0066992
Passed	Sillar.Core.Tests.LoginEvaluatorTests	Sillar.Core.Tests.LoginEvaluatorTests.Una_cuenta_desactivada_y_bloqueada_devuelve_423_porque_el_bloqueo_se_mira_antes	2026-10-06T12:22:47.9948920-05:00	00:00:00.0006707
Passed	Sillar.Core.Tests.ModuleRegistryTests	Sillar.Core.Tests.ModuleRegistryTests.IsActive_devuelve_false_si_el_modulo_no_esta_en_la_foto_activa	2026-10-06T12:22:45.9779764-05:00	00:00:00.2715891
Passed	Sillar.Core.Tests.ModuleRegistryTests	Sillar.Core.Tests.ModuleRegistryTests.IsActive_devuelve_true_si_el_modulo_esta_en_la_foto_activa	2026-10-06T12:22:46.5716912-05:00	00:00:00.0770726
Passed	Sillar.Core.Tests.ModuleSynchronizerReadActivePostgresTests	Sillar.Core.Tests.ModuleSynchronizerReadActivePostgresTests.ReadActiveAsync_devuelve_exactamente_el_modulo_activo_de_PostgreSQL	2026-10-06T12:22:47.5091179-05:00	00:00:35.1721631
Passed	Sillar.Core.Tests.NodoYAutoriaTests	Sillar.Core.Tests.NodoYAutoriaTests.Al_subir_la_fotografia_lleva_el_nodo_de_la_cuenta_y_no_el_de_la_instalacion	2026-10-06T12:24:08.9564552-05:00	00:00:10.0470317
Passed	Sillar.Core.Tests.NodoYAutoriaTests	Sillar.Core.Tests.NodoYAutoriaTests.El_nodo_viaja_en_la_conexion_solo_si_esta_configurado	2026-10-06T12:24:08.9450974-05:00	00:00:00.0072006
Passed	Sillar.Core.Tests.NodoYAutoriaTests	Sillar.Core.Tests.NodoYAutoriaTests.En_una_instalacion_limpia_la_migracion_no_necesita_nodo_y_deja_el_esquema_nuevo	2026-10-06T12:24:28.5426858-05:00	00:00:07.2434517
Passed	Sillar.Core.Tests.NodoYAutoriaTests	Sillar.Core.Tests.NodoYAutoriaTests.ICurrentAdmin_da_lo_de_siempre_y_ademas_el_nombre_visible_y_el_nodo_de_la_cuenta	2026-10-06T12:23:33.7019808-05:00	00:00:11.0848837
Passed	Sillar.Core.Tests.NodoYAutoriaTests	Sillar.Core.Tests.NodoYAutoriaTests.La_fotografia_del_autor_no_se_modifica_una_vez_escrita	2026-10-06T12:23:44.8103444-05:00	00:00:08.2402013
Passed	Sillar.Core.Tests.NodoYAutoriaTests	Sillar.Core.Tests.NodoYAutoriaTests.Media_fotografia_del_autor_no_se_admite	2026-10-06T12:23:22.7416750-05:00	00:00:10.9494037
Passed	Sillar.Core.Tests.NodoYAutoriaTests	Sillar.Core.Tests.NodoYAutoriaTests.Sin_nodo_configurado_y_con_cuentas_la_migracion_aborta_sin_cambiar_nada	2026-10-06T12:24:19.0220468-05:00	00:00:09.5197149
Passed	Sillar.Core.Tests.NodoYAutoriaTests	Sillar.Core.Tests.NodoYAutoriaTests.Sin_sesion_ICurrentAdmin_no_lanza_y_lo_nuevo_tambien_es_nulo	2026-10-06T12:23:33.6924561-05:00	00:00:00.0040424
Passed	Sillar.Core.Tests.NodoYAutoriaTests	Sillar.Core.Tests.NodoYAutoriaTests.Sobre_datos_preexistentes_rellena_el_nodo_de_las_cuentas_y_fotografia_al_autor_valido	2026-10-06T12:23:53.0554856-05:00	00:00:15.8836026
Passed	Sillar.Core.Tests.NodoYAutoriaTests	Sillar.Core.Tests.NodoYAutoriaTests.Un_autor_que_no_existe_es_corrupcion_la_migracion_aborta_dice_cuantas_y_como_localizarlas	2026-10-06T12:22:45.9771263-05:00	00:00:36.6589079
Passed	Sillar.Core.Tests.PasswordPolicyTests	Sillar.Core.Tests.PasswordPolicyTests.Doce_caracteres_se_aceptan	2026-10-06T12:22:46.8391763-05:00	00:00:00.0005253
Passed	Sillar.Core.Tests.PasswordPolicyTests	Sillar.Core.Tests.PasswordPolicyTests.El_apellido_si_se_comprueba_aunque_el_nombre_sea_corto	2026-10-06T12:22:45.9790043-05:00	00:00:00.2688505
Passed	Sillar.Core.Tests.PasswordPolicyTests	Sillar.Core.Tests.PasswordPolicyTests.El_motivo_del_rechazo_esta_en_espanol	2026-10-06T12:22:46.8522274-05:00	00:00:00.0008185
Passed	Sillar.Core.Tests.PasswordPolicyTests	Sillar.Core.Tests.PasswordPolicyTests.La_comparacion_con_la_identidad_ignora_mayusculas	2026-10-06T12:22:46.8349061-05:00	00:00:00.0006100
Passed	Sillar.Core.Tests.PasswordPolicyTests	Sillar.Core.Tests.PasswordPolicyTests.Las_contrasenas_comunes_se_rechazan(contrasena: "123456789012")	2026-10-06T12:22:46.8334995-05:00	00:00:00.0000757
Passed	Sillar.Core.Tests.PasswordPolicyTests	Sillar.Core.Tests.PasswordPolicyTests.Las_contrasenas_comunes_se_rechazan(contrasena: "CONTRASEÑA12")	2026-10-06T12:22:46.7996176-05:00	00:00:00.0006621
Passed	Sillar.Core.Tests.PasswordPolicyTests	Sillar.Core.Tests.PasswordPolicyTests.Las_contrasenas_comunes_se_rechazan(contrasena: "administrador")	2026-10-06T12:22:46.8324017-05:00	00:00:00.0000911
Passed	Sillar.Core.Tests.PasswordPolicyTests	Sillar.Core.Tests.PasswordPolicyTests.Las_contrasenas_comunes_se_rechazan(contrasena: "contrasena12")	2026-10-06T12:22:46.7986093-05:00	00:00:00.0002761
Passed	Sillar.Core.Tests.PasswordPolicyTests	Sillar.Core.Tests.PasswordPolicyTests.Las_palabras_cortas_del_nombre_no_invalidan_media_lengua	2026-10-06T12:22:46.8508051-05:00	00:00:00.0003546
Passed	Sillar.Core.Tests.PasswordPolicyTests	Sillar.Core.Tests.PasswordPolicyTests.Mas_de_setenta_y_dos_caracteres_se_rechaza	2026-10-06T12:22:46.8425984-05:00	00:00:00.0031782
Passed	Sillar.Core.Tests.PasswordPolicyTests	Sillar.Core.Tests.PasswordPolicyTests.No_se_exigen_mayusculas_ni_digitos_ni_simbolos	2026-10-06T12:22:46.8470794-05:00	00:00:00.0003740
Passed	Sillar.Core.Tests.PasswordPolicyTests	Sillar.Core.Tests.PasswordPolicyTests.Once_caracteres_se_rechazan	2026-10-06T12:22:46.5855433-05:00	00:00:00.2116275
Passed	Sillar.Core.Tests.PasswordPolicyTests	Sillar.Core.Tests.PasswordPolicyTests.Una_contrasena_que_contiene_el_correo_se_rechaza	2026-10-06T12:22:46.8408868-05:00	00:00:00.0004247
Passed	Sillar.Core.Tests.PasswordPolicyTests	Sillar.Core.Tests.PasswordPolicyTests.Una_contrasena_que_contiene_el_nombre_se_rechaza	2026-10-06T12:22:46.8375680-05:00	00:00:00.0003821
Passed	Sillar.Core.Tests.PasswordPolicyTests	Sillar.Core.Tests.PasswordPolicyTests.Una_contrasena_que_contiene_la_parte_previa_a_la_arroba_se_rechaza	2026-10-06T12:22:46.5648472-05:00	00:00:00.0058806
Passed	Sillar.Core.Tests.PasswordPolicyTests	Sillar.Core.Tests.PasswordPolicyTests.Una_contrasena_vacia_se_rechaza	2026-10-06T12:22:46.8487670-05:00	00:00:00.0005465
Passed	Sillar.Core.Tests.RoleHierarchyTests	Sillar.Core.Tests.RoleHierarchyTests.Un_rol_desconocido_no_satisface_nada(rol: "")	2026-10-06T12:22:46.9705702-05:00	00:00:00.0107962
Passed	Sillar.Core.Tests.RoleHierarchyTests	Sillar.Core.Tests.RoleHierarchyTests.Un_rol_desconocido_no_satisface_nada(rol: "Admin")	2026-10-06T12:22:47.0006247-05:00	00:00:00.0000576
Passed	Sillar.Core.Tests.RoleHierarchyTests	Sillar.Core.Tests.RoleHierarchyTests.Un_rol_desconocido_no_satisface_nada(rol: "jefe")	2026-10-06T12:22:46.9823799-05:00	00:00:00.0000654
Passed	Sillar.Core.Tests.RoleHierarchyTests	Sillar.Core.Tests.RoleHierarchyTests.Un_rol_desconocido_no_satisface_nada(rol: null)	2026-10-06T12:22:46.9428001-05:00	00:00:00.0087000
Passed	Sillar.Core.Tests.RoleHierarchyTests	Sillar.Core.Tests.RoleHierarchyTests.Un_rol_no_alcanza_lo_que_esta_por_encima(rol: "admin", exigido: "super_admin")	2026-10-06T12:22:47.0234586-05:00	00:00:00.0134854
Passed	Sillar.Core.Tests.RoleHierarchyTests	Sillar.Core.Tests.RoleHierarchyTests.Un_rol_no_alcanza_lo_que_esta_por_encima(rol: "editor", exigido: "admin")	2026-10-06T12:22:47.0378612-05:00	00:00:00.0000991
Passed	Sillar.Core.Tests.RoleHierarchyTests	Sillar.Core.Tests.RoleHierarchyTests.Un_rol_no_alcanza_lo_que_esta_por_encima(rol: "editor", exigido: "super_admin")	2026-10-06T12:22:47.0222354-05:00	00:00:00.0003535
Passed	Sillar.Core.Tests.RoleHierarchyTests	Sillar.Core.Tests.RoleHierarchyTests.Un_rol_satisface_lo_que_se_le_exige_por_debajo(rol: "admin", exigido: "admin")	2026-10-06T12:22:47.0485333-05:00	00:00:00.0003244
Passed	Sillar.Core.Tests.RoleHierarchyTests	Sillar.Core.Tests.RoleHierarchyTests.Un_rol_satisface_lo_que_se_le_exige_por_debajo(rol: "admin", exigido: "editor")	2026-10-06T12:22:47.0928979-05:00	00:00:00.0000677
Passed	Sillar.Core.Tests.RoleHierarchyTests	Sillar.Core.Tests.RoleHierarchyTests.Un_rol_satisface_lo_que_se_le_exige_por_debajo(rol: "editor", exigido: "editor")	2026-10-06T12:22:47.0845101-05:00	00:00:00.0000757
Passed	Sillar.Core.Tests.RoleHierarchyTests	Sillar.Core.Tests.RoleHierarchyTests.Un_rol_satisface_lo_que_se_le_exige_por_debajo(rol: "super_admin", exigido: "admin")	2026-10-06T12:22:47.0920698-05:00	00:00:00.0000602
Passed	Sillar.Core.Tests.RoleHierarchyTests	Sillar.Core.Tests.RoleHierarchyTests.Un_rol_satisface_lo_que_se_le_exige_por_debajo(rol: "super_admin", exigido: "editor")	2026-10-06T12:22:47.0938523-05:00	00:00:00.0073130
Passed	Sillar.Core.Tests.RoleHierarchyTests	Sillar.Core.Tests.RoleHierarchyTests.Un_rol_satisface_lo_que_se_le_exige_por_debajo(rol: "super_admin", exigido: "super_admin")	2026-10-06T12:22:47.0497845-05:00	00:00:00.0337648
Passed	Sillar.Core.Tests.SessionPolicyTests	Sillar.Core.Tests.SessionPolicyTests.Cerca_del_septimo_dia_manda_el_tope_absoluto	2026-10-06T12:22:46.5874265-05:00	00:00:00.0648924
Passed	Sillar.Core.Tests.SessionPolicyTests	Sillar.Core.Tests.SessionPolicyTests.Dentro_del_minuto_siguiente_no_se_reescribe_last_seen_at	2026-10-06T12:22:46.7576999-05:00	00:00:00.0029175
Passed	Sillar.Core.Tests.SessionPolicyTests	Sillar.Core.Tests.SessionPolicyTests.La_caducidad_es_la_inactividad_mientras_no_choque_con_el_tope	2026-10-06T12:22:46.6840032-05:00	00:00:00.0053302
Passed	Sillar.Core.Tests.SessionPolicyTests	Sillar.Core.Tests.SessionPolicyTests.Ocho_horas_sin_actividad_caducan_la_sesion	2026-10-06T12:22:46.7084145-05:00	00:00:00.0130571
Passed	Sillar.Core.Tests.SessionPolicyTests	Sillar.Core.Tests.SessionPolicyTests.Pasado_el_minuto_se_reescribe_last_seen_at	2026-10-06T12:22:46.7803311-05:00	00:00:00.0086335
Passed	Sillar.Core.Tests.SessionPolicyTests	Sillar.Core.Tests.SessionPolicyTests.Siete_dias_desde_la_emision_caducan_la_sesion_aunque_se_acabe_de_usar	2026-10-06T12:22:46.5657660-05:00	00:00:00.0155136
Passed	Sillar.Core.Tests.SessionPolicyTests	Sillar.Core.Tests.SessionPolicyTests.Una_sesion_recien_usada_sirve	2026-10-06T12:22:46.7295729-05:00	00:00:00.0186349
Passed	Sillar.Core.Tests.SessionPolicyTests	Sillar.Core.Tests.SessionPolicyTests.Una_sesion_revocada_no_sirve_aunque_este_en_plazo	2026-10-06T12:22:45.9780240-05:00	00:00:00.2693569
Passed	Sillar.Core.Tests.SessionTokenTests	Sillar.Core.Tests.SessionTokenTests.Dos_tokens_seguidos_no_se_parecen	2026-10-06T12:22:47.1059881-05:00	00:00:00.1223803
Passed	Sillar.Core.Tests.SessionTokenTests	Sillar.Core.Tests.SessionTokenTests.El_hash_cabe_en_la_columna	2026-10-06T12:22:47.0882825-05:00	00:00:00.0004630
Passed	Sillar.Core.Tests.SessionTokenTests	Sillar.Core.Tests.SessionTokenTests.El_hash_no_contiene_el_token	2026-10-06T12:22:47.0238575-05:00	00:00:00.0025872
Passed	Sillar.Core.Tests.SessionTokenTests	Sillar.Core.Tests.SessionTokenTests.El_token_de_otra_sesion_no_coincide	2026-10-06T12:22:47.0981961-05:00	00:00:00.0004454
Passed	Sillar.Core.Tests.SessionTokenTests	Sillar.Core.Tests.SessionTokenTests.El_token_de_sesion_lleva_256_bits	2026-10-06T12:22:47.0280050-05:00	00:00:00.0004764
Passed	Sillar.Core.Tests.SessionTokenTests	Sillar.Core.Tests.SessionTokenTests.El_token_viaja_en_una_cookie_y_una_cabecera_sin_escapar_nada	2026-10-06T12:22:47.2296085-05:00	00:00:00.1055045
Passed	Sillar.Core.Tests.SessionTokenTests	Sillar.Core.Tests.SessionTokenTests.Sin_token_o_sin_hash_no_hay_coincidencia(token: "", hash: "algo")	2026-10-06T12:22:47.0804573-05:00	00:00:00.0000727
Passed	Sillar.Core.Tests.SessionTokenTests	Sillar.Core.Tests.SessionTokenTests.Sin_token_o_sin_hash_no_hay_coincidencia(token: "algo", hash: "")	2026-10-06T12:22:47.0524344-05:00	00:00:00.0000470
Passed	Sillar.Core.Tests.SessionTokenTests	Sillar.Core.Tests.SessionTokenTests.Sin_token_o_sin_hash_no_hay_coincidencia(token: "algo", hash: null)	2026-10-06T12:22:47.0449547-05:00	00:00:00.0005885
Passed	Sillar.Core.Tests.SessionTokenTests	Sillar.Core.Tests.SessionTokenTests.Sin_token_o_sin_hash_no_hay_coincidencia(token: null, hash: "algo")	2026-10-06T12:22:47.0298709-05:00	00:00:00.0141402
Passed	Sillar.Core.Tests.SessionTokenTests	Sillar.Core.Tests.SessionTokenTests.Un_token_coincide_con_su_propio_hash	2026-10-06T12:22:46.8943116-05:00	00:00:00.0610843
Passed	Sillar.Core.Tests.SettingValueValidatorTests	Sillar.Core.Tests.SettingValueValidatorTests.El_motivo_del_rechazo_dice_que_se_esperaba	2026-10-06T12:22:47.8136509-05:00	00:00:00.0005327
Passed	Sillar.Core.Tests.SettingValueValidatorTests	Sillar.Core.Tests.SettingValueValidatorTests.El_numero_se_interpreta_con_punto_decimal_no_con_coma	2026-10-06T12:22:47.5974076-05:00	00:00:00.0003107
Passed	Sillar.Core.Tests.SettingValueValidatorTests	Sillar.Core.Tests.SettingValueValidatorTests.Los_booleanos_reconocibles_se_interpretan(valor: "0", esperado: False)	2026-10-06T12:22:47.7322184-05:00	00:00:00.0000797
Passed	Sillar.Core.Tests.SettingValueValidatorTests	Sillar.Core.Tests.SettingValueValidatorTests.Los_booleanos_reconocibles_se_interpretan(valor: "1", esperado: True)	2026-10-06T12:22:47.7119822-05:00	00:00:00.0000798
Passed	Sillar.Core.Tests.SettingValueValidatorTests	Sillar.Core.Tests.SettingValueValidatorTests.Los_booleanos_reconocibles_se_interpretan(valor: "SÍ", esperado: True)	2026-10-06T12:22:47.7128591-05:00	00:00:00.0002994
Passed	Sillar.Core.Tests.SettingValueValidatorTests	Sillar.Core.Tests.SettingValueValidatorTests.Los_booleanos_reconocibles_se_interpretan(valor: "false", esperado: False)	2026-10-06T12:22:47.6084326-05:00	00:00:00.0851048
Passed	Sillar.Core.Tests.SettingValueValidatorTests	Sillar.Core.Tests.SettingValueValidatorTests.Los_booleanos_reconocibles_se_interpretan(valor: "no", esperado: False)	2026-10-06T12:22:47.6984304-05:00	00:00:00.0000836
Passed	Sillar.Core.Tests.SettingValueValidatorTests	Sillar.Core.Tests.SettingValueValidatorTests.Los_booleanos_reconocibles_se_interpretan(valor: "true", esperado: True)	2026-10-06T12:22:47.6946271-05:00	00:00:00.0027320
Passed	Sillar.Core.Tests.SettingValueValidatorTests	Sillar.Core.Tests.SettingValueValidatorTests.Un_valor_que_encaja_con_su_tipo_se_acepta(tipo: "boolean", valor: "0")	2026-10-06T12:22:47.5818096-05:00	00:00:00.0000559
Passed	Sillar.Core.Tests.SettingValueValidatorTests	Sillar.Core.Tests.SettingValueValidatorTests.Un_valor_que_encaja_con_su_tipo_se_acepta(tipo: "boolean", valor: "SI")	2026-10-06T12:22:47.5065069-05:00	00:00:00.0000635
Passed	Sillar.Core.Tests.SettingValueValidatorTests	Sillar.Core.Tests.SettingValueValidatorTests.Un_valor_que_encaja_con_su_tipo_se_acepta(tipo: "boolean", valor: "true")	2026-10-06T12:22:47.5055666-05:00	00:00:00.0000645
Passed	Sillar.Core.Tests.SettingValueValidatorTests	Sillar.Core.Tests.SettingValueValidatorTests.Un_valor_que_encaja_con_su_tipo_se_acepta(tipo: "email", valor: "contacto@ejemplo.pe")	2026-10-06T12:22:47.5145584-05:00	00:00:00.0125195
Passed	Sillar.Core.Tests.SettingValueValidatorTests	Sillar.Core.Tests.SettingValueValidatorTests.Un_valor_que_encaja_con_su_tipo_se_acepta(tipo: "json", valor: "{\"horario\":\"9-18\"}")	2026-10-06T12:22:47.4506895-05:00	00:00:00.0437416
Passed	Sillar.Core.Tests.SettingValueValidatorTests	Sillar.Core.Tests.SettingValueValidatorTests.Un_valor_que_encaja_con_su_tipo_se_acepta(tipo: "number", valor: "-3.5")	2026-10-06T12:22:47.4358242-05:00	00:00:00.0006738
Passed	Sillar.Core.Tests.SettingValueValidatorTests	Sillar.Core.Tests.SettingValueValidatorTests.Un_valor_que_encaja_con_su_tipo_se_acepta(tipo: "number", valor: "42")	2026-10-06T12:22:47.5687559-05:00	00:00:00.0000742
Passed	Sillar.Core.Tests.SettingValueValidatorTests	Sillar.Core.Tests.SettingValueValidatorTests.Un_valor_que_encaja_con_su_tipo_se_acepta(tipo: "text", valor: "Cualquier cosa")	2026-10-06T12:22:47.5135615-05:00	00:00:00.0000705
Passed	Sillar.Core.Tests.SettingValueValidatorTests	Sillar.Core.Tests.SettingValueValidatorTests.Un_valor_que_encaja_con_su_tipo_se_acepta(tipo: "url", valor: "https://ejemplo.pe/local")	2026-10-06T12:22:47.4166113-05:00	00:00:00.0181714
Passed	Sillar.Core.Tests.SettingValueValidatorTests	Sillar.Core.Tests.SettingValueValidatorTests.Un_valor_que_no_encaja_se_rechaza(tipo: "boolean", valor: "quizás")	2026-10-06T12:22:47.2359811-05:00	00:00:00.0194202
Passed	Sillar.Core.Tests.SettingValueValidatorTests	Sillar.Core.Tests.SettingValueValidatorTests.Un_valor_que_no_encaja_se_rechaza(tipo: "email", valor: "arroba-no-hay")	2026-10-06T12:22:47.3727310-05:00	00:00:00.0419883
Passed	Sillar.Core.Tests.SettingValueValidatorTests	Sillar.Core.Tests.SettingValueValidatorTests.Un_valor_que_no_encaja_se_rechaza(tipo: "json", valor: "{esto no es json}")	2026-10-06T12:22:47.0884063-05:00	00:00:00.1368599
Passed	Sillar.Core.Tests.SettingValueValidatorTests	Sillar.Core.Tests.SettingValueValidatorTests.Un_valor_que_no_encaja_se_rechaza(tipo: "number", valor: "muchos")	2026-10-06T12:22:47.2565350-05:00	00:00:00.0001697
Passed	Sillar.Core.Tests.SettingValueValidatorTests	Sillar.Core.Tests.SettingValueValidatorTests.Un_valor_que_no_encaja_se_rechaza(tipo: "url", valor: "ejemplo.pe")	2026-10-06T12:22:47.3632180-05:00	00:00:00.0001138
Passed	Sillar.Core.Tests.SettingValueValidatorTests	Sillar.Core.Tests.SettingValueValidatorTests.Un_valor_que_no_encaja_se_rechaza(tipo: "url", valor: "ftp://ejemplo.pe")	2026-10-06T12:22:47.2627552-05:00	00:00:00.0945372
Passed	Sillar.Core.Tests.SettingValueValidatorTests	Sillar.Core.Tests.SettingValueValidatorTests.Un_valor_vacio_se_rechaza_sea_cual_sea_el_tipo(valor: "   ")	2026-10-06T12:22:47.7339105-05:00	00:00:00.0004100
Passed	Sillar.Core.Tests.SettingValueValidatorTests	Sillar.Core.Tests.SettingValueValidatorTests.Un_valor_vacio_se_rechaza_sea_cual_sea_el_tipo(valor: "")	2026-10-06T12:22:47.7650557-05:00	00:00:00.0000548
Passed	Sillar.Core.Tests.SettingValueValidatorTests	Sillar.Core.Tests.SettingValueValidatorTests.Un_valor_vacio_se_rechaza_sea_cual_sea_el_tipo(valor: null)	2026-10-06T12:22:47.7524302-05:00	00:00:00.0116071
Passed	Sillar.Core.Tests.SettingsReaderPostgresTests	Sillar.Core.Tests.SettingsReaderPostgresTests.GetT_con_cache_fria_lee_PostgreSQL_y_respeta_conversion_defaults_e_inactivos	2026-10-06T12:22:45.9780469-05:00	00:00:36.4554780
Passed	Sillar.Modules.B2B.Tests.AtribucionDelPersonalTests	Sillar.Modules.B2B.Tests.AtribucionDelPersonalTests.El_nodo_es_el_de_la_cuenta_y_no_se_deriva_del_identificador	2026-10-06T12:22:48.3608865-05:00	00:00:00.0007306
Passed	Sillar.Modules.B2B.Tests.AtribucionDelPersonalTests	Sillar.Modules.B2B.Tests.AtribucionDelPersonalTests.El_nombre_visible_nunca_es_el_correo	2026-10-06T12:22:48.2673695-05:00	00:00:00.0294426
Passed	Sillar.Modules.B2B.Tests.AtribucionDelPersonalTests	Sillar.Modules.B2B.Tests.AtribucionDelPersonalTests.La_atribucion_llega_recortada	2026-10-06T12:22:48.5343947-05:00	00:00:00.0488866
Passed	Sillar.Modules.B2B.Tests.AtribucionDelPersonalTests	Sillar.Modules.B2B.Tests.AtribucionDelPersonalTests.La_cotizacion_solo_atribuye_el_pago_y_ninguna_otra_actuacion	2026-10-06T12:22:48.7198677-05:00	00:00:00.0046827
Passed	Sillar.Modules.B2B.Tests.AtribucionDelPersonalTests	Sillar.Modules.B2B.Tests.AtribucionDelPersonalTests.La_migracion_no_declara_ninguna_clave_foranea_hacia_core_admin_users	2026-10-06T12:22:48.6613394-05:00	00:00:00.0512950
Passed	Sillar.Modules.B2B.Tests.AtribucionDelPersonalTests	Sillar.Modules.B2B.Tests.AtribucionDelPersonalTests.La_migracion_solo_referencia_los_dos_schemas_de_sus_dependencias_duras	2026-10-06T12:22:48.5866217-05:00	00:00:00.0735196
Passed	Sillar.Modules.B2B.Tests.AtribucionDelPersonalTests	Sillar.Modules.B2B.Tests.AtribucionDelPersonalTests.Sin_identificador_local_valido_no_hay_atribucion	2026-10-06T12:22:48.3093134-05:00	00:00:00.0064491
Passed	Sillar.Modules.B2B.Tests.AtribucionDelPersonalTests	Sillar.Modules.B2B.Tests.AtribucionDelPersonalTests.Sin_nodo_de_la_cuenta_no_hay_atribucion	2026-10-06T12:22:48.3234407-05:00	00:00:00.0194305
Passed	Sillar.Modules.B2B.Tests.AtribucionDelPersonalTests	Sillar.Modules.B2B.Tests.AtribucionDelPersonalTests.Sin_nombre_visible_no_hay_atribucion	2026-10-06T12:22:48.7338782-05:00	00:00:00.0005776
Passed	Sillar.Modules.B2B.Tests.AtribucionDelPersonalTests	Sillar.Modules.B2B.Tests.AtribucionDelPersonalTests.Una_sesion_completa_da_los_tres_datos	2026-10-06T12:22:48.3789662-05:00	00:00:00.1541631
Passed	Sillar.Modules.B2B.Tests.BandejaYCatalogoTests	Sillar.Modules.B2B.Tests.BandejaYCatalogoTests.Actualizar_el_producto_refresca_la_instantanea_de_la_solicitud	2026-10-06T12:24:49.4052832-05:00	00:00:04.7513694
Passed	Sillar.Modules.B2B.Tests.BandejaYCatalogoTests	Sillar.Modules.B2B.Tests.BandejaYCatalogoTests.Desactivar_el_producto_marca_el_reenlace_y_no_invalida_ninguna_cotizacion	2026-10-06T12:25:02.2027558-05:00	00:00:04.0925203
Passed	Sillar.Modules.B2B.Tests.BandejaYCatalogoTests	Sillar.Modules.B2B.Tests.BandejaYCatalogoTests.E3b_una_linea_a_consultar_no_invalida_su_cotizacion_aunque_el_precio_cambie	2026-10-06T12:23:22.7177163-05:00	00:00:11.9803139
Passed	Sillar.Modules.B2B.Tests.BandejaYCatalogoTests	Sillar.Modules.B2B.Tests.BandejaYCatalogoTests.La_baja_es_logica_la_saca_de_lo_del_cliente_y_no_admite_mas_cambios	2026-10-06T12:24:35.8376005-05:00	00:00:06.7984260
Passed	Sillar.Modules.B2B.Tests.BandejaYCatalogoTests	Sillar.Modules.B2B.Tests.BandejaYCatalogoTests.La_bandeja_dice_de_quien_es_cada_fila_y_no_devuelve_su_identificador	2026-10-06T12:24:08.9304798-05:00	00:00:10.0761844
Passed	Sillar.Modules.B2B.Tests.BandejaYCatalogoTests	Sillar.Modules.B2B.Tests.BandejaYCatalogoTests.Las_notas_internas_estan_en_el_detalle_del_panel_y_no_en_la_bandeja_ni_en_lo_del_cliente	2026-10-06T12:25:06.2998098-05:00	00:00:03.7809963
Passed	Sillar.Modules.B2B.Tests.BandejaYCatalogoTests	Sillar.Modules.B2B.Tests.BandejaYCatalogoTests.Ningun_DTO_de_la_bandeja_lleva_el_identificador_del_cliente	2026-10-06T12:25:06.2969754-05:00	00:00:00.0022618
Passed	Sillar.Modules.B2B.Tests.BandejaYCatalogoTests	Sillar.Modules.B2B.Tests.BandejaYCatalogoTests.Reenlazar_a_un_producto_activo_refresca_la_instantanea_y_quita_el_pendiente	2026-10-06T12:24:42.6380161-05:00	00:00:06.7664004
Passed	Sillar.Modules.B2B.Tests.BandejaYCatalogoTests	Sillar.Modules.B2B.Tests.BandejaYCatalogoTests.Reenlazar_a_un_producto_dado_de_baja_se_rechaza	2026-10-06T12:23:55.0659796-05:00	00:00:13.8635679
Passed	Sillar.Modules.B2B.Tests.BandejaYCatalogoTests	Sillar.Modules.B2B.Tests.BandejaYCatalogoTests.Sin_cambio_de_precio_no_se_invalida_nada_y_aplicar_dos_veces_da_lo_mismo	2026-10-06T12:23:45.8224302-05:00	00:00:09.2372886
Passed	Sillar.Modules.B2B.Tests.BandejaYCatalogoTests	Sillar.Modules.B2B.Tests.BandejaYCatalogoTests.Un_cambio_de_precio_invalida_solo_las_cotizaciones_enviadas	2026-10-06T12:22:47.3451158-05:00	00:00:35.2483138
Passed	Sillar.Modules.B2B.Tests.BandejaYCatalogoTests	Sillar.Modules.B2B.Tests.BandejaYCatalogoTests.Un_cliente_que_M04_no_da_deja_la_fila_sin_cliente_y_no_se_rellena	2026-10-06T12:24:19.0074594-05:00	00:00:09.5437473
Passed	Sillar.Modules.B2B.Tests.BandejaYCatalogoTests	Sillar.Modules.B2B.Tests.BandejaYCatalogoTests.Un_estado_inventado_es_invalido	2026-10-06T12:24:28.5527806-05:00	00:00:07.2830519
Passed	Sillar.Modules.B2B.Tests.BandejaYCatalogoTests	Sillar.Modules.B2B.Tests.BandejaYCatalogoTests.Un_listado_pregunta_una_sola_vez_y_sin_repetir_identificadores	2026-10-06T12:24:58.1272698-05:00	00:00:04.0741650
Passed	Sillar.Modules.B2B.Tests.BandejaYCatalogoTests	Sillar.Modules.B2B.Tests.BandejaYCatalogoTests.Una_transicion_no_permitida_se_rechaza_y_no_cambia_nada	2026-10-06T12:23:34.6996519-05:00	00:00:11.1215621
Passed	Sillar.Modules.B2B.Tests.BandejaYCatalogoTests	Sillar.Modules.B2B.Tests.BandejaYCatalogoTests.Una_transicion_permitida_cambia_el_estado_y_nombra_la_fila	2026-10-06T12:24:54.1577966-05:00	00:00:03.9684876
Passed	Sillar.Modules.B2B.Tests.CotizacionesTests	Sillar.Modules.B2B.Tests.CotizacionesTests.Con_umbral_se_compara_el_importe_a_precio_de_lista_y_una_linea_libre_lo_hace_no_evaluable	2026-10-06T12:23:23.2203856-05:00	00:00:00.0390674
Passed	Sillar.Modules.B2B.Tests.CotizacionesTests	Sillar.Modules.B2B.Tests.CotizacionesTests.Crear_con_el_umbral_pendiente_no_toca_ningun_precio	2026-10-06T12:25:06.6844337-05:00	00:00:03.1107140
Passed	Sillar.Modules.B2B.Tests.CotizacionesTests	Sillar.Modules.B2B.Tests.CotizacionesTests.De_un_precio_a_a_consultar_si_invalida	2026-10-06T12:23:23.2670314-05:00	00:00:20.0128996
Passed	Sillar.Modules.B2B.Tests.CotizacionesTests	Sillar.Modules.B2B.Tests.CotizacionesTests.Dos_cotizaciones_concurrentes_reciben_correlativos_distintos_y_consecutivos	2026-10-06T12:24:35.8310657-05:00	00:00:06.8091826
Passed	Sillar.Modules.B2B.Tests.CotizacionesTests	Sillar.Modules.B2B.Tests.CotizacionesTests.E3b_de_a_consultar_a_un_precio_no_invalida	2026-10-06T12:24:08.9333786-05:00	00:00:10.0595397
Passed	Sillar.Modules.B2B.Tests.CotizacionesTests	Sillar.Modules.B2B.Tests.CotizacionesTests.El_formato_es_C_anio_y_cuatro_cifras	2026-10-06T12:24:28.7083341-05:00	00:00:00.0005369
Passed	Sillar.Modules.B2B.Tests.CotizacionesTests	Sillar.Modules.B2B.Tests.CotizacionesTests.El_numerador_se_niega_a_trabajar_fuera_de_una_transaccion	2026-10-06T12:24:28.7201214-05:00	00:00:07.1090169
Passed	Sillar.Modules.B2B.Tests.CotizacionesTests	Sillar.Modules.B2B.Tests.CotizacionesTests.El_pago_congela_el_nombre_el_identificador_local_y_el_nodo_de_la_cuenta	2026-10-06T12:25:02.5846346-05:00	00:00:04.0984891
Passed	Sillar.Modules.B2B.Tests.CotizacionesTests	Sillar.Modules.B2B.Tests.CotizacionesTests.El_umbral_solo_se_consume_por_el_contrato_ISettingsReader	2026-10-06T12:24:54.1646328-05:00	00:00:00.0203031
Passed	Sillar.Modules.B2B.Tests.CotizacionesTests	Sillar.Modules.B2B.Tests.CotizacionesTests.En_borrador_se_editan_las_lineas_y_se_congela_el_precio_de_catalogo	2026-10-06T12:24:42.6415961-05:00	00:00:06.7542724
Passed	Sillar.Modules.B2B.Tests.CotizacionesTests	Sillar.Modules.B2B.Tests.CotizacionesTests.La_auditoria_nombra_la_cotizacion_por_su_numero_visible	2026-10-06T12:24:54.1858556-05:00	00:00:04.5084298
Passed	Sillar.Modules.B2B.Tests.CotizacionesTests	Sillar.Modules.B2B.Tests.CotizacionesTests.Las_lineas_libres_no_participan_en_la_invalidacion	2026-10-06T12:22:47.3451571-05:00	00:00:35.7695235
Passed	Sillar.Modules.B2B.Tests.CotizacionesTests	Sillar.Modules.B2B.Tests.CotizacionesTests.Sin_umbral_configurado_lo_dice_y_no_inventa_importe(valor: "-1")	2026-10-06T12:24:54.1642240-05:00	00:00:00.0000476
Passed	Sillar.Modules.B2B.Tests.CotizacionesTests	Sillar.Modules.B2B.Tests.CotizacionesTests.Sin_umbral_configurado_lo_dice_y_no_inventa_importe(valor: "PENDIENTE_DEFINIR")	2026-10-06T12:24:54.1618147-05:00	00:00:00.0006756
Passed	Sillar.Modules.B2B.Tests.CotizacionesTests	Sillar.Modules.B2B.Tests.CotizacionesTests.Sin_umbral_configurado_lo_dice_y_no_inventa_importe(valor: "doscientos")	2026-10-06T12:24:54.1637783-05:00	00:00:00.0000494
Passed	Sillar.Modules.B2B.Tests.CotizacionesTests	Sillar.Modules.B2B.Tests.CotizacionesTests.Sin_umbral_configurado_lo_dice_y_no_inventa_importe(valor: null)	2026-10-06T12:24:54.1629117-05:00	00:00:00.0004160
Passed	Sillar.Modules.B2B.Tests.CotizacionesTests	Sillar.Modules.B2B.Tests.CotizacionesTests.Un_rollback_no_consume_correlativo	2026-10-06T12:24:58.6948732-05:00	00:00:03.8881556
Passed	Sillar.Modules.B2B.Tests.CotizacionesTests	Sillar.Modules.B2B.Tests.CotizacionesTests.Una_cotizacion_sin_lineas_no_se_envia	2026-10-06T12:23:43.2818041-05:00	00:00:10.5330413
Passed	Sillar.Modules.B2B.Tests.CotizacionesTests	Sillar.Modules.B2B.Tests.CotizacionesTests.Una_enviada_caducada_no_se_aprueba_y_una_vigente_si_hasta_pagarse	2026-10-06T12:24:49.3975226-05:00	00:00:04.7629908
Passed	Sillar.Modules.B2B.Tests.CotizacionesTests	Sillar.Modules.B2B.Tests.CotizacionesTests.Una_enviada_con_precio_conocido_que_cambia_se_invalida	2026-10-06T12:23:53.8158228-05:00	00:00:15.1165200
Passed	Sillar.Modules.B2B.Tests.CotizacionesTests	Sillar.Modules.B2B.Tests.CotizacionesTests.Una_enviada_no_admite_edicion_de_lineas	2026-10-06T12:24:18.9956781-05:00	00:00:09.7113710
Passed	Sillar.Modules.B2B.Tests.CotizacionesTests	Sillar.Modules.B2B.Tests.CotizacionesTests.Una_sesion_sin_los_tres_datos_no_registra_el_pago_ni_inventa_a_nadie	2026-10-06T12:25:09.7961356-05:00	00:00:03.2227492
Passed	Sillar.Modules.B2B.Tests.DependenciasDurasTests	Sillar.Modules.B2B.Tests.DependenciasDurasTests.Con_M07_activo_el_panel_no_desactiva_M01_ni_M04	2026-10-06T12:22:48.7170419-05:00	00:00:00.0074762
Passed	Sillar.Modules.B2B.Tests.DependenciasDurasTests	Sillar.Modules.B2B.Tests.DependenciasDurasTests.Con_M07_inactivo_el_panel_deja_desactivar_M01_porque_desactivar_no_borra	2026-10-06T12:22:48.5457162-05:00	00:00:00.0218751
Passed	Sillar.Modules.B2B.Tests.DependenciasDurasTests	Sillar.Modules.B2B.Tests.DependenciasDurasTests.El_instalador_aplica_M07_despues_de_M01_y_M04	2026-10-06T12:22:48.6115500-05:00	00:00:00.0997794
Passed	Sillar.Modules.B2B.Tests.DependenciasDurasTests	Sillar.Modules.B2B.Tests.DependenciasDurasTests.El_instalador_rechaza_un_despliegue_con_M07_y_sin_M01	2026-10-06T12:22:47.3450683-05:00	00:00:00.6796046
Passed	Sillar.Modules.B2B.Tests.DependenciasDurasTests	Sillar.Modules.B2B.Tests.DependenciasDurasTests.El_instalador_rechaza_un_despliegue_con_M07_y_sin_M04	2026-10-06T12:22:48.5990591-05:00	00:00:00.0114904
Passed	Sillar.Modules.B2B.Tests.DependenciasDurasTests	Sillar.Modules.B2B.Tests.DependenciasDurasTests.El_panel_no_activa_M07_si_falta_M01	2026-10-06T12:22:48.5779223-05:00	00:00:00.0114828
Passed	Sillar.Modules.B2B.Tests.DependenciasDurasTests	Sillar.Modules.B2B.Tests.DependenciasDurasTests.El_panel_no_activa_M07_si_falta_M04	2026-10-06T12:22:48.1054129-05:00	00:00:00.4013483
Passed	Sillar.Modules.B2B.Tests.DependenciasDurasTests	Sillar.Modules.B2B.Tests.DependenciasDurasTests.M07_declara_dependencia_dura_de_core_catalogo_y_clientes	2026-10-06T12:22:48.5211986-05:00	00:00:00.0229493
Passed	Sillar.Modules.B2B.Tests.InstalacionYDesinstalacionTests	Sillar.Modules.B2B.Tests.InstalacionYDesinstalacionTests.Ck_quotes_origen_rechaza_dos_origenes_y_ninguno_y_acepta_uno	2026-10-06T12:22:47.3449841-05:00	00:00:35.1880294
Passed	Sillar.Modules.B2B.Tests.InstalacionYDesinstalacionTests	Sillar.Modules.B2B.Tests.InstalacionYDesinstalacionTests.Con_M07_instalado_el_99_drop_de_una_dependencia_dura_se_rechaza_sin_borrar_nada(modulo: "catalog", nombre: "M01 Catálogo")	2026-10-06T12:24:28.7080519-05:00	00:00:07.1260583
Passed	Sillar.Modules.B2B.Tests.InstalacionYDesinstalacionTests	Sillar.Modules.B2B.Tests.InstalacionYDesinstalacionTests.Con_M07_instalado_el_99_drop_de_una_dependencia_dura_se_rechaza_sin_borrar_nada(modulo: "crm", nombre: "M04 Clientes")	2026-10-06T12:24:19.0313656-05:00	00:00:09.6756475
Passed	Sillar.Modules.B2B.Tests.InstalacionYDesinstalacionTests	Sillar.Modules.B2B.Tests.InstalacionYDesinstalacionTests.Desinstalar_M07_primero_permite_despues_desinstalar_M01_y_M04	2026-10-06T12:23:53.2337676-05:00	00:00:15.6914921
Passed	Sillar.Modules.B2B.Tests.InstalacionYDesinstalacionTests	Sillar.Modules.B2B.Tests.InstalacionYDesinstalacionTests.Desinstalar_y_reinstalar_M07_deja_M01_M04_y_CORE_como_estaban_y_devuelve_sus_FK	2026-10-06T12:24:42.6436242-05:00	00:00:06.7577132
Passed	Sillar.Modules.B2B.Tests.InstalacionYDesinstalacionTests	Sillar.Modules.B2B.Tests.InstalacionYDesinstalacionTests.Instalar_M07_con_M01_y_M04_crea_sus_cinco_claves_foraneas_duras	2026-10-06T12:23:45.0656955-05:00	00:00:08.1672042
Passed	Sillar.Modules.B2B.Tests.InstalacionYDesinstalacionTests	Sillar.Modules.B2B.Tests.InstalacionYDesinstalacionTests.Instalar_M07_sin_M01_falla_diciendo_que_falta_y_no_deja_tablas_de_M07	2026-10-06T12:24:49.4025337-05:00	00:00:04.5987668
Passed	Sillar.Modules.B2B.Tests.InstalacionYDesinstalacionTests	Sillar.Modules.B2B.Tests.InstalacionYDesinstalacionTests.Instalar_M07_sin_M04_falla_diciendo_que_falta_y_no_deja_tablas_de_M07	2026-10-06T12:24:08.9308399-05:00	00:00:10.0887793
Passed	Sillar.Modules.B2B.Tests.InstalacionYDesinstalacionTests	Sillar.Modules.B2B.Tests.InstalacionYDesinstalacionTests.La_guarda_rechaza_por_el_registro_de_modulos_aunque_las_FK_ya_no_esten	2026-10-06T12:24:35.8352470-05:00	00:00:06.8050213
Passed	Sillar.Modules.B2B.Tests.InstalacionYDesinstalacionTests	Sillar.Modules.B2B.Tests.InstalacionYDesinstalacionTests.Lanzado_como_psql_sin_detenerse_en_errores_el_99_drop_tampoco_borra_nada(modulo: "catalog")	2026-10-06T12:23:22.6385966-05:00	00:00:11.0516410
Passed	Sillar.Modules.B2B.Tests.InstalacionYDesinstalacionTests	Sillar.Modules.B2B.Tests.InstalacionYDesinstalacionTests.Lanzado_como_psql_sin_detenerse_en_errores_el_99_drop_tampoco_borra_nada(modulo: "crm")	2026-10-06T12:23:33.6979221-05:00	00:00:11.3655227
Passed	Sillar.Modules.B2B.Tests.LimitePorCuentaTests	Sillar.Modules.B2B.Tests.LimitePorCuentaTests.La_solicitud_N_dentro_de_la_ventana_pasa	2026-10-06T12:22:48.0733160-05:00	00:00:00.0113145
Passed	Sillar.Modules.B2B.Tests.LimitePorCuentaTests	Sillar.Modules.B2B.Tests.LimitePorCuentaTests.La_solicitud_N_mas_1_se_rechaza_y_dice_cuando_volver	2026-10-06T12:22:47.8591541-05:00	00:00:00.1766316
Passed	Sillar.Modules.B2B.Tests.LimitePorCuentaTests	Sillar.Modules.B2B.Tests.LimitePorCuentaTests.Pasada_la_ventana_la_cuenta_vuelve_a_poder	2026-10-06T12:22:47.3414761-05:00	00:00:00.2555301
Passed	Sillar.Modules.B2B.Tests.LimitePorCuentaTests	Sillar.Modules.B2B.Tests.LimitePorCuentaTests.Una_cuenta_agotada_no_bloquea_a_otra	2026-10-06T12:22:47.8427709-05:00	00:00:00.0082121
Passed	Sillar.Modules.B2B.Tests.PermisosDeRutasTests	Sillar.Modules.B2B.Tests.PermisosDeRutasTests.Las_bajas_y_el_pago_exigen_admin_y_nada_mas_lo_exige	2026-10-06T12:22:52.0301453-05:00	00:00:01.7287437
Passed	Sillar.Modules.B2B.Tests.PermisosDeRutasTests	Sillar.Modules.B2B.Tests.PermisosDeRutasTests.Las_cuatro_rutas_publicas_exigen_la_sesion_de_cliente_de_M04	2026-10-06T12:22:48.2610149-05:00	00:00:03.6960866
Passed	Sillar.Modules.B2B.Tests.PermisosDeRutasTests	Sillar.Modules.B2B.Tests.PermisosDeRutasTests.Todas_las_rutas_del_panel_exigen_al_menos_editor	2026-10-06T12:22:53.7706193-05:00	00:00:01.6840968
Passed	Sillar.Modules.B2B.Tests.SelectoresDeCatalogoTests	Sillar.Modules.B2B.Tests.SelectoresDeCatalogoTests.Con_el_catalogo_real_no_se_eligen_productos_dados_de_baja	2026-10-06T12:22:49.2549027-05:00	00:00:33.4632181
Passed	Sillar.Modules.B2B.Tests.SelectoresDeCatalogoTests	Sillar.Modules.B2B.Tests.SelectoresDeCatalogoTests.El_frontend_de_M07_solo_llama_a_rutas_de_M07	2026-10-06T12:22:49.0683321-05:00	00:00:00.1637360
Passed	Sillar.Modules.B2B.Tests.SelectoresDeCatalogoTests	Sillar.Modules.B2B.Tests.SelectoresDeCatalogoTests.El_selector_de_presentaciones_usa_el_contrato_y_no_expone_codigos_internos_de_M01	2026-10-06T12:22:47.3431285-05:00	00:00:01.4552533
Passed	Sillar.Modules.B2B.Tests.SelectoresDeCatalogoTests	Sillar.Modules.B2B.Tests.SelectoresDeCatalogoTests.El_selector_de_productos_proyecta_solo_el_DTO_de_M07_y_descarta_los_inactivos	2026-10-06T12:22:48.8822525-05:00	00:00:00.1813420
Passed	Sillar.Modules.B2B.Tests.SelectoresDeCatalogoTests	Sillar.Modules.B2B.Tests.SelectoresDeCatalogoTests.Sin_texto_no_devuelven_nada_ni_preguntan_al_catalogo(q: "   ")	2026-10-06T12:23:22.7362742-05:00	00:00:00.0312798
Passed	Sillar.Modules.B2B.Tests.SelectoresDeCatalogoTests	Sillar.Modules.B2B.Tests.SelectoresDeCatalogoTests.Sin_texto_no_devuelven_nada_ni_preguntan_al_catalogo(q: "")	2026-10-06T12:23:22.7891101-05:00	00:00:00.0093423
Passed	Sillar.Modules.B2B.Tests.SelectoresDeCatalogoTests	Sillar.Modules.B2B.Tests.SelectoresDeCatalogoTests.Sin_texto_no_devuelven_nada_ni_preguntan_al_catalogo(q: null)	2026-10-06T12:23:22.8048504-05:00	00:00:00.0002105
Passed	Sillar.Modules.B2B.Tests.SolicitudesClienteTests	Sillar.Modules.B2B.Tests.SolicitudesClienteTests.Las_dos_formas_de_solicitud_comparten_el_cupo_de_la_cuenta	2026-10-06T12:24:08.9304956-05:00	00:00:10.0713743
Passed	Sillar.Modules.B2B.Tests.SolicitudesClienteTests	Sillar.Modules.B2B.Tests.SolicitudesClienteTests.Las_solicitudes_propias_no_traen_notas_internas_ni_las_de_otros	2026-10-06T12:24:28.7200701-05:00	00:00:07.1141077
Passed	Sillar.Modules.B2B.Tests.SolicitudesClienteTests	Sillar.Modules.B2B.Tests.SolicitudesClienteTests.Sobre_un_producto_no_publicado_dado_de_baja_o_inexistente_no_se_crea_nada(producto: "00000000-0000-7000-8000-0000000000a2")	2026-10-06T12:23:34.7005904-05:00	00:00:11.1244576
Passed	Sillar.Modules.B2B.Tests.SolicitudesClienteTests	Sillar.Modules.B2B.Tests.SolicitudesClienteTests.Sobre_un_producto_no_publicado_dado_de_baja_o_inexistente_no_se_crea_nada(producto: "00000000-0000-7000-8000-0000000000a3")	2026-10-06T12:23:22.7200574-05:00	00:00:11.9761327
Passed	Sillar.Modules.B2B.Tests.SolicitudesClienteTests	Sillar.Modules.B2B.Tests.SolicitudesClienteTests.Sobre_un_producto_no_publicado_dado_de_baja_o_inexistente_no_se_crea_nada(producto: "00000000-0000-7000-8000-0000000000ff")	2026-10-06T12:23:45.8288895-05:00	00:00:07.3981434
Passed	Sillar.Modules.B2B.Tests.SolicitudesClienteTests	Sillar.Modules.B2B.Tests.SolicitudesClienteTests.Una_cotizacion_ajena_o_en_borrador_no_se_distingue_de_una_inexistente	2026-10-06T12:22:47.3489881-05:00	00:00:35.2428815
Passed	Sillar.Modules.B2B.Tests.SolicitudesClienteTests	Sillar.Modules.B2B.Tests.SolicitudesClienteTests.Una_personalizacion_sobre_un_producto_publicado_se_crea_con_su_instantanea	2026-10-06T12:24:19.0046746-05:00	00:00:09.7023631
Passed	Sillar.Modules.B2B.Tests.SolicitudesClienteTests	Sillar.Modules.B2B.Tests.SolicitudesClienteTests.Una_peticion_invalida_no_crea_nada_ni_gasta_cupo	2026-10-06T12:23:53.2286550-05:00	00:00:15.7005328
Passed	Sillar.Modules.B2B.Tests.TransicionesDeSolicitudTests	Sillar.Modules.B2B.Tests.TransicionesDeSolicitudTests.Cerrada_y_rechazada_son_finales_y_la_frase_lo_dice	2026-10-06T12:22:47.8309074-05:00	00:00:00.2774393
Passed	Sillar.Modules.B2B.Tests.TransicionesDeSolicitudTests	Sillar.Modules.B2B.Tests.TransicionesDeSolicitudTests.Solo_se_permiten_las_seis_transiciones_de_la_regla_5	2026-10-06T12:22:48.1209613-05:00	00:00:00.0931710
Passed	Sillar.Modules.B2B.Tests.TransicionesDeSolicitudTests	Sillar.Modules.B2B.Tests.TransicionesDeSolicitudTests.Un_estado_inventado_no_es_estado	2026-10-06T12:22:47.3446661-05:00	00:00:00.2384431
Passed	Sillar.Modules.Catalog.Tests.BreadcrumbTests	Sillar.Modules.Catalog.Tests.BreadcrumbTests.Entre_varias_activas_se_elige_por_nombre_no_por_orden_de_llegada	2026-10-06T12:22:43.7488778-05:00	00:00:00.0413629
Passed	Sillar.Modules.Catalog.Tests.BreadcrumbTests	Sillar.Modules.Catalog.Tests.BreadcrumbTests.La_ruta_se_corta_en_el_primer_antecesor_inactivo_sin_incluirlo	2026-10-06T12:22:43.2057471-05:00	00:00:00.4747124
Passed	Sillar.Modules.Catalog.Tests.BreadcrumbTests	Sillar.Modules.Catalog.Tests.BreadcrumbTests.La_ruta_sube_de_la_categoria_hasta_la_raiz	2026-10-06T12:22:43.8467349-05:00	00:00:00.0111321
Passed	Sillar.Modules.Catalog.Tests.BreadcrumbTests	Sillar.Modules.Catalog.Tests.BreadcrumbTests.Si_la_principal_esta_activa_se_usa_ella	2026-10-06T12:22:43.7976045-05:00	00:00:00.0008443
Passed	Sillar.Modules.Catalog.Tests.BreadcrumbTests	Sillar.Modules.Catalog.Tests.BreadcrumbTests.Si_la_principal_esta_inactiva_se_usa_otra_activa_del_producto	2026-10-06T12:22:43.8763027-05:00	00:00:00.0006705
Passed	Sillar.Modules.Catalog.Tests.BreadcrumbTests	Sillar.Modules.Catalog.Tests.BreadcrumbTests.Si_ninguna_categoria_esta_activa_no_hay_miga	2026-10-06T12:22:43.8198463-05:00	00:00:00.0006589
Passed	Sillar.Modules.Catalog.Tests.BreadcrumbTests	Sillar.Modules.Catalog.Tests.BreadcrumbTests.Sin_categoria_principal_se_usa_otra_activa_igual	2026-10-06T12:22:43.8291174-05:00	00:00:00.0063118
Passed	Sillar.Modules.Catalog.Tests.CatalogContractPostgresTests	Sillar.Modules.Catalog.Tests.CatalogContractPostgresTests.BuscarPorCodigo_traduce_con_inner_join_y_respeta_actividad_y_proyeccion	2026-10-06T12:23:05.3418934-05:00	00:00:00.3730693
Passed	Sillar.Modules.Catalog.Tests.CatalogContractPostgresTests	Sillar.Modules.Catalog.Tests.CatalogContractPostgresTests.Buscar_traduce_con_inner_join_full_text_filtros_orden_y_limite_cero	2026-10-06T12:23:04.7067631-05:00	00:00:00.5942862
Passed	Sillar.Modules.Catalog.Tests.CatalogContractPostgresTests	Sillar.Modules.Catalog.Tests.CatalogContractPostgresTests.ItemExisteYEstaActivo_traduce_en_postgresql_y_distingue_activa_inactiva_e_inexistente	2026-10-06T12:22:43.2056402-05:00	00:00:19.6154135
Passed	Sillar.Modules.Catalog.Tests.CatalogContractPostgresTests	Sillar.Modules.Catalog.Tests.CatalogContractPostgresTests.ObtenerItem_traduce_con_inner_join_y_relee_variante_inactiva	2026-10-06T12:23:04.4192720-05:00	00:00:00.2699627
Passed	Sillar.Modules.Catalog.Tests.CatalogContractPostgresTests	Sillar.Modules.Catalog.Tests.CatalogContractPostgresTests.VariantesDe_traduce_con_inner_join_y_conserva_solo_item_activo_y_orden	2026-10-06T12:23:03.0601542-05:00	00:00:01.3362581
Passed	Sillar.Modules.Catalog.Tests.CatalogSelectionTests	Sillar.Modules.Catalog.Tests.CatalogSelectionTests.Pedir_cero_o_menos_devuelve_uno	2026-10-06T12:22:43.2136597-05:00	00:00:00.2259101
Passed	Sillar.Modules.Catalog.Tests.CatalogSelectionTests	Sillar.Modules.Catalog.Tests.CatalogSelectionTests.Pedir_mas_del_tope_devuelve_el_tope	2026-10-06T12:22:43.5958672-05:00	00:00:00.0008949
Passed	Sillar.Modules.Catalog.Tests.CatalogSelectionTests	Sillar.Modules.Catalog.Tests.CatalogSelectionTests.Un_limite_razonable_se_respeta	2026-10-06T12:22:43.6844223-05:00	00:00:00.0004257
Passed	Sillar.Modules.Catalog.Tests.CatalogTranslationTests	Sillar.Modules.Catalog.Tests.CatalogTranslationTests.Buscar_para_seleccion_se_traduce_y_se_ejecuta	2026-10-06T12:23:03.3050443-05:00	00:00:00.5291465
Passed	Sillar.Modules.Catalog.Tests.CatalogTranslationTests	Sillar.Modules.Catalog.Tests.CatalogTranslationTests.La_busqueda_no_distingue_tildes_ni_mayusculas	2026-10-06T12:22:43.2056675-05:00	00:00:20.0339269
Passed	Sillar.Modules.Catalog.Tests.CatalogTranslationTests	Sillar.Modules.Catalog.Tests.CatalogTranslationTests.Obtener_para_seleccion_se_traduce_y_devuelve_lo_mismo_que_buscar	2026-10-06T12:23:04.9128942-05:00	00:00:00.2857938
Passed	Sillar.Modules.Catalog.Tests.CatalogTranslationTests	Sillar.Modules.Catalog.Tests.CatalogTranslationTests.Un_producto_de_baja_no_se_puede_elegir_pero_si_releer	2026-10-06T12:23:04.6751162-05:00	00:00:00.2357981
Passed	Sillar.Modules.Catalog.Tests.CatalogTranslationTests	Sillar.Modules.Catalog.Tests.CatalogTranslationTests.Un_producto_que_no_existe_se_relee_como_nulo	2026-10-06T12:23:03.8428036-05:00	00:00:00.8203392
Passed	Sillar.Modules.Catalog.Tests.CategoryTreeTests	Sillar.Modules.Catalog.Tests.CategoryTreeTests.Asignar_un_padre_sin_relacion_no_es_ciclo	2026-10-06T12:22:43.6929059-05:00	00:00:00.0269894
Passed	Sillar.Modules.Catalog.Tests.CategoryTreeTests	Sillar.Modules.Catalog.Tests.CategoryTreeTests.Asignar_una_raiz_nueva_no_es_ciclo	2026-10-06T12:22:43.2057009-05:00	00:00:00.1897407
Passed	Sillar.Modules.Catalog.Tests.CategoryTreeTests	Sillar.Modules.Catalog.Tests.CategoryTreeTests.Mover_una_hoja_a_otra_rama_no_es_ciclo	2026-10-06T12:22:43.7206796-05:00	00:00:00.0007387
Passed	Sillar.Modules.Catalog.Tests.CategoryTreeTests	Sillar.Modules.Catalog.Tests.CategoryTreeTests.Ser_padre_de_si_misma_es_ciclo	2026-10-06T12:22:43.5958656-05:00	00:00:00.0082109
Passed	Sillar.Modules.Catalog.Tests.CategoryTreeTests	Sillar.Modules.Catalog.Tests.CategoryTreeTests.Un_ciclo_largo_tambien_se_detecta	2026-10-06T12:22:43.7282875-05:00	00:00:00.0007755
Passed	Sillar.Modules.Catalog.Tests.ItemPricingTests	Sillar.Modules.Catalog.Tests.ItemPricingTests.Cero_no_es_lo_mismo_que_nulo	2026-10-06T12:22:43.8752814-05:00	00:00:00.0074015
Passed	Sillar.Modules.Catalog.Tests.ItemPricingTests	Sillar.Modules.Catalog.Tests.ItemPricingTests.Con_precio_propio_lo_usa_a_el	2026-10-06T12:22:43.7636649-05:00	00:00:00.0784981
Passed	Sillar.Modules.Catalog.Tests.ItemPricingTests	Sillar.Modules.Catalog.Tests.ItemPricingTests.El_minimo_cuenta_lo_que_se_hereda_no_solo_lo_propio	2026-10-06T12:22:43.2047091-05:00	00:00:00.2627888
Passed	Sillar.Modules.Catalog.Tests.ItemPricingTests	Sillar.Modules.Catalog.Tests.ItemPricingTests.Gratis_es_un_precio_y_puede_ser_el_minimo	2026-10-06T12:22:43.6892883-05:00	00:00:00.0180378
Passed	Sillar.Modules.Catalog.Tests.ItemPricingTests	Sillar.Modules.Catalog.Tests.ItemPricingTests.Nulo_en_los_dos_es_consultar_precio_no_cero	2026-10-06T12:22:43.7206941-05:00	00:00:00.0157765
Passed	Sillar.Modules.Catalog.Tests.ItemPricingTests	Sillar.Modules.Catalog.Tests.ItemPricingTests.Si_cuestan_distinto_la_tarjeta_ensena_el_minimo_con_desde	2026-10-06T12:22:43.7465722-05:00	00:00:00.0055737
Passed	Sillar.Modules.Catalog.Tests.ItemPricingTests	Sillar.Modules.Catalog.Tests.ItemPricingTests.Si_todas_las_presentaciones_cuestan_igual_la_tarjeta_no_dice_desde	2026-10-06T12:22:43.6024219-05:00	00:00:00.0857697
Passed	Sillar.Modules.Catalog.Tests.ItemPricingTests	Sillar.Modules.Catalog.Tests.ItemPricingTests.Sin_precio_propio_usa_el_de_lista	2026-10-06T12:22:43.8434222-05:00	00:00:00.0116872
Passed	Sillar.Modules.Catalog.Tests.ItemPricingTests	Sillar.Modules.Catalog.Tests.ItemPricingTests.Un_producto_sin_presentaciones_ensena_su_precio_de_lista	2026-10-06T12:22:43.7085760-05:00	00:00:00.0110769
Passed	Sillar.Modules.Catalog.Tests.ItemPricingTests	Sillar.Modules.Catalog.Tests.ItemPricingTests.Una_sola_a_consultar_deja_toda_la_tarjeta_a_consultar	2026-10-06T12:22:43.8562346-05:00	00:00:00.0005828
Passed	Sillar.Modules.Catalog.Tests.ProductEventTests	Sillar.Modules.Catalog.Tests.ProductEventTests.Cambiar_las_categorias_avisa	2026-10-06T12:23:03.0572775-05:00	00:00:02.6579240
Passed	Sillar.Modules.Catalog.Tests.ProductEventTests	Sillar.Modules.Catalog.Tests.ProductEventTests.Dar_de_baja_y_reactivar_avisan_los_dos	2026-10-06T12:23:05.7257631-05:00	00:00:01.1310434
Passed	Sillar.Modules.Catalog.Tests.ProductEventTests	Sillar.Modules.Catalog.Tests.ProductEventTests.Editar_una_presentacion_avisa_de_que_cambio_el_producto	2026-10-06T12:22:43.2055744-05:00	00:00:19.6541478
Passed	Sillar.Modules.Catalog.Tests.ProductEventTests	Sillar.Modules.Catalog.Tests.ProductEventTests.La_forma_interna_del_producto_no_cambia_lo_que_se_emite	2026-10-06T12:23:06.8626626-05:00	00:00:00.6344760
Passed	Sillar.Modules.Catalog.Tests.ProductItemRulesTests	Sillar.Modules.Catalog.Tests.ProductItemRulesTests.El_mensaje_no_es_un_error_generico	2026-10-06T12:22:43.5967135-05:00	00:00:00.0009911
Passed	Sillar.Modules.Catalog.Tests.ProductItemRulesTests	Sillar.Modules.Catalog.Tests.ProductItemRulesTests.Si_es_la_ultima_el_mensaje_propone_desactivar_el_producto	2026-10-06T12:22:43.6070908-05:00	00:00:00.0104689
Passed	Sillar.Modules.Catalog.Tests.ProductItemRulesTests	Sillar.Modules.Catalog.Tests.ProductItemRulesTests.Si_no_es_la_ultima_no_hay_bloqueo	2026-10-06T12:22:43.2057272-05:00	00:00:00.1906134
Passed	Sillar.Modules.Catalog.Tests.SlugGeneratorTests	Sillar.Modules.Catalog.Tests.SlugGeneratorTests.Formatos_invalidos_no_pasan(slug: "")	2026-10-06T12:22:43.9585158-05:00	00:00:00.0006030
Passed	Sillar.Modules.Catalog.Tests.SlugGeneratorTests	Sillar.Modules.Catalog.Tests.SlugGeneratorTests.Formatos_invalidos_no_pasan(slug: "-artesco")	2026-10-06T12:22:43.9900146-05:00	00:00:00.0000819
Passed	Sillar.Modules.Catalog.Tests.SlugGeneratorTests	Sillar.Modules.Catalog.Tests.SlugGeneratorTests.Formatos_invalidos_no_pasan(slug: "Artesco")	2026-10-06T12:22:43.9684315-05:00	00:00:00.0105155
Passed	Sillar.Modules.Catalog.Tests.SlugGeneratorTests	Sillar.Modules.Catalog.Tests.SlugGeneratorTests.Formatos_invalidos_no_pasan(slug: "artesco verde")	2026-10-06T12:22:43.9673688-05:00	00:00:00.0000864
Passed	Sillar.Modules.Catalog.Tests.SlugGeneratorTests	Sillar.Modules.Catalog.Tests.SlugGeneratorTests.Formatos_invalidos_no_pasan(slug: "artesco-")	2026-10-06T12:22:43.9430931-05:00	00:00:00.0003130
Passed	Sillar.Modules.Catalog.Tests.SlugGeneratorTests	Sillar.Modules.Catalog.Tests.SlugGeneratorTests.Formatos_invalidos_no_pasan(slug: "artesco--verde")	2026-10-06T12:22:43.9800646-05:00	00:00:00.0000709
Passed	Sillar.Modules.Catalog.Tests.SlugGeneratorTests	Sillar.Modules.Catalog.Tests.SlugGeneratorTests.Formatos_invalidos_no_pasan(slug: null)	2026-10-06T12:22:43.9909868-05:00	00:00:00.0000596
Passed	Sillar.Modules.Catalog.Tests.SlugGeneratorTests	Sillar.Modules.Catalog.Tests.SlugGeneratorTests.Formatos_validos_pasan(slug: "a4-100-hojas")	2026-10-06T12:22:43.9178974-05:00	00:00:00.0009479
Passed	Sillar.Modules.Catalog.Tests.SlugGeneratorTests	Sillar.Modules.Catalog.Tests.SlugGeneratorTests.Formatos_validos_pasan(slug: "artesco")	2026-10-06T12:22:43.9356214-05:00	00:00:00.0000737
Passed	Sillar.Modules.Catalog.Tests.SlugGeneratorTests	Sillar.Modules.Catalog.Tests.SlugGeneratorTests.Formatos_validos_pasan(slug: "plumon-de-pizarra-verde")	2026-10-06T12:22:43.8482569-05:00	00:00:00.0686964
Passed	Sillar.Modules.Catalog.Tests.SlugGeneratorTests	Sillar.Modules.Catalog.Tests.SlugGeneratorTests.La_ene_con_virgulilla_pliega_a_ene	2026-10-06T12:22:44.0721326-05:00	00:00:00.0003186
Passed	Sillar.Modules.Catalog.Tests.SlugGeneratorTests	Sillar.Modules.Catalog.Tests.SlugGeneratorTests.Las_tildes_desaparecen_sin_dejar_hueco	2026-10-06T12:22:44.0869025-05:00	00:00:00.0003521
Passed	Sillar.Modules.Catalog.Tests.SlugGeneratorTests	Sillar.Modules.Catalog.Tests.SlugGeneratorTests.Lo_que_genera_esta_clase_siempre_es_valido_para_ella_misma	2026-10-06T12:22:44.0403418-05:00	00:00:00.0098592
Passed	Sillar.Modules.Catalog.Tests.SlugGeneratorTests	Sillar.Modules.Catalog.Tests.SlugGeneratorTests.Los_espacios_multiples_no_dejan_guiones_dobles	2026-10-06T12:22:44.0624511-05:00	00:00:00.0003340
Passed	Sillar.Modules.Catalog.Tests.SlugGeneratorTests	Sillar.Modules.Catalog.Tests.SlugGeneratorTests.No_hay_guion_al_principio_ni_al_final	2026-10-06T12:22:44.0515908-05:00	00:00:00.0096686
Passed	Sillar.Modules.Catalog.Tests.SlugGeneratorTests	Sillar.Modules.Catalog.Tests.SlugGeneratorTests.Un_nombre_simple_se_pasa_a_minusculas_y_guiones	2026-10-06T12:22:44.0043597-05:00	00:00:00.0348747
Passed	Sillar.Modules.Cms.Tests.ContratosHttpTests	Sillar.Modules.Cms.Tests.ContratosHttpTests.Administracion_de_trabajos_distingue_los_incompletos	2026-10-06T12:22:46.2984578-05:00	00:00:00.0173335
Passed	Sillar.Modules.Cms.Tests.ContratosHttpTests	Sillar.Modules.Cms.Tests.ContratosHttpTests.Administracion_distingue_el_estado_del_producto_del_estado_del_destacado	2026-10-06T12:22:48.1805117-05:00	00:00:00.0151787
Passed	Sillar.Modules.Cms.Tests.ContratosHttpTests	Sillar.Modules.Cms.Tests.ContratosHttpTests.Destacados_exponen_el_snapshot_sin_precio_formateado	2026-10-06T12:22:48.1106083-05:00	00:00:00.0525865
Passed	Sillar.Modules.Cms.Tests.ContratosHttpTests	Sillar.Modules.Cms.Tests.ContratosHttpTests.Editar_no_permite_desactivar_ni_reordenar_por_un_campo_suelto	2026-10-06T12:22:45.7611313-05:00	00:00:00.2545931
Passed	Sillar.Modules.Cms.Tests.ContratosHttpTests	Sillar.Modules.Cms.Tests.ContratosHttpTests.Las_tres_respuestas_programables_exponen_un_estado_controlado	2026-10-06T12:22:46.3416012-05:00	00:00:01.7200193
Passed	Sillar.Modules.Cms.Tests.ContratosHttpTests	Sillar.Modules.Cms.Tests.ContratosHttpTests.Ninguna_respuesta_publica_expone_identificadores_de_medios	2026-10-06T12:22:48.0734125-05:00	00:00:00.0357841
Passed	Sillar.Modules.Cms.Tests.ContratosHttpTests	Sillar.Modules.Cms.Tests.ContratosHttpTests.Trabajos_y_redes_no_exponen_estado_de_ventana	2026-10-06T12:22:48.1642954-05:00	00:00:00.0005032
Passed	Sillar.Modules.Cms.Tests.EventosCatalogoTests	Sillar.Modules.Cms.Tests.EventosCatalogoTests.Los_tres_manejadores_se_registran_como_singleton_para_el_bus_raiz	2026-10-06T12:22:45.7612287-05:00	00:00:00.5245123
Passed	Sillar.Modules.Cms.Tests.ProductoDestacadoTests	Sillar.Modules.Cms.Tests.ProductoDestacadoTests.Precio_a_consultar_gratis_y_positivo_son_validos	2026-10-06T12:22:47.6943006-05:00	00:00:00.0013810
Passed	Sillar.Modules.Cms.Tests.ProductoDestacadoTests	Sillar.Modules.Cms.Tests.ProductoDestacadoTests.Precio_negativo_se_rechaza	2026-10-06T12:22:47.8074777-05:00	00:00:00.0265924
Passed	Sillar.Modules.Cms.Tests.ProductoDestacadoTests	Sillar.Modules.Cms.Tests.ProductoDestacadoTests.Producto_dado_de_baja_no_puede_publicarse_aunque_siga_publico	2026-10-06T12:22:47.7178857-05:00	00:00:00.0304800
Passed	Sillar.Modules.Cms.Tests.ProductoDestacadoTests	Sillar.Modules.Cms.Tests.ProductoDestacadoTests.Producto_no_publico_no_puede_publicarse	2026-10-06T12:22:47.7804738-05:00	00:00:00.0255526
Passed	Sillar.Modules.Cms.Tests.ProductoDestacadoTests	Sillar.Modules.Cms.Tests.ProductoDestacadoTests.Producto_publico_y_enlazado_puede_publicarse	2026-10-06T12:22:47.7563355-05:00	00:00:00.0158365
Passed	Sillar.Modules.Cms.Tests.ProductoDestacadoTests	Sillar.Modules.Cms.Tests.ProductoDestacadoTests.Releer_el_snapshot_sobrescribe_el_estado_del_producto_y_es_idempotente	2026-10-06T12:22:47.5942414-05:00	00:00:00.0905108
Passed	Sillar.Modules.Cms.Tests.ProductoDestacadoTests	Sillar.Modules.Cms.Tests.ProductoDestacadoTests.Respuesta_conserva_precio_nulo_cero_y_positivo_como_estados_distintos	2026-10-06T12:22:45.7612536-05:00	00:00:01.7753426
Passed	Sillar.Modules.Cms.Tests.ProductoDestacadoTests	Sillar.Modules.Cms.Tests.ProductoDestacadoTests.Snapshot_con_producto_no_esta_pendiente_de_volver_a_enlazar	2026-10-06T12:22:47.7082943-05:00	00:00:00.0082291
Passed	Sillar.Modules.Cms.Tests.ProductoDestacadoTests	Sillar.Modules.Cms.Tests.ProductoDestacadoTests.Snapshot_sin_producto_esta_pendiente_de_volver_a_enlazar	2026-10-06T12:22:47.8355191-05:00	00:00:00.0240877
Passed	Sillar.Modules.Cms.Tests.ReactivacionRedSocialTests	Sillar.Modules.Cms.Tests.ReactivacionRedSocialTests.Crear_desactivar_y_reactivar_instagram_recupera_la_misma_fila	2026-10-06T12:22:45.7609902-05:00	00:00:18.0781975
Passed	Sillar.Modules.Cms.Tests.ReactivacionRedSocialTests	Sillar.Modules.Cms.Tests.ReactivacionRedSocialTests.Reactivar_exige_editor_y_admin_para_aplicar_la_jerarquia_existente	2026-10-06T12:23:04.4819077-05:00	00:00:01.4125099
Passed	Sillar.Modules.Cms.Tests.ReactivacionRedSocialTests	Sillar.Modules.Cms.Tests.ReactivacionRedSocialTests.Reactivar_una_activa_es_idempotente_y_un_id_inexistente_no_se_inventa	2026-10-06T12:23:04.0188421-05:00	00:00:00.4411245
Passed	Sillar.Modules.Cms.Tests.ReglasContenidoTests	Sillar.Modules.Cms.Tests.ReglasContenidoTests.Enlace_sin_texto_visible_se_rechaza	2026-10-06T12:22:46.7562878-05:00	00:00:00.0004060
Passed	Sillar.Modules.Cms.Tests.ReglasContenidoTests	Sillar.Modules.Cms.Tests.ReglasContenidoTests.Fecha_de_fin_anterior_nombra_la_fecha_que_hay_que_corregir	2026-10-06T12:22:46.8203113-05:00	00:00:00.0122580
Passed	Sillar.Modules.Cms.Tests.ReglasContenidoTests	Sillar.Modules.Cms.Tests.ReglasContenidoTests.Fecha_de_fin_igual_al_inicio_tambien_se_rechaza	2026-10-06T12:22:46.7386962-05:00	00:00:00.0076403
Passed	Sillar.Modules.Cms.Tests.ReglasContenidoTests	Sillar.Modules.Cms.Tests.ReglasContenidoTests.Imagen_sin_texto_alternativo_se_rechaza	2026-10-06T12:22:45.7611957-05:00	00:00:00.2441791
Passed	Sillar.Modules.Cms.Tests.ReglasContenidoTests	Sillar.Modules.Cms.Tests.ReglasContenidoTests.Plataforma_social_fuera_de_la_lista_se_rechaza	2026-10-06T12:22:46.7887462-05:00	00:00:00.0235568
Passed	Sillar.Modules.Cms.Tests.ReglasContenidoTests	Sillar.Modules.Cms.Tests.ReglasContenidoTests.Plataforma_social_se_normaliza(original: " WHATSAPP ", expected: "whatsapp")	2026-10-06T12:22:46.6526651-05:00	00:00:00.0005386
Passed	Sillar.Modules.Cms.Tests.ReglasContenidoTests	Sillar.Modules.Cms.Tests.ReglasContenidoTests.Plataforma_social_se_normaliza(original: "Instagram", expected: "instagram")	2026-10-06T12:22:46.5068341-05:00	00:00:00.1122364
Passed	Sillar.Modules.Cms.Tests.ReglasContenidoTests	Sillar.Modules.Cms.Tests.ReglasContenidoTests.Ruta_interna_y_https_con_etiqueta_se_aceptan(url: "/catalogo")	2026-10-06T12:22:46.3365741-05:00	00:00:00.0250824
Passed	Sillar.Modules.Cms.Tests.ReglasContenidoTests	Sillar.Modules.Cms.Tests.ReglasContenidoTests.Ruta_interna_y_https_con_etiqueta_se_aceptan(url: "https://sillar.example/catalogo")	2026-10-06T12:22:46.3790130-05:00	00:00:00.1061501
Passed	Sillar.Modules.Cms.Tests.ReglasContenidoTests	Sillar.Modules.Cms.Tests.ReglasContenidoTests.Sin_imagen_el_texto_alternativo_puede_ser_nulo	2026-10-06T12:22:46.7873930-05:00	00:00:00.0002907
Passed	Sillar.Modules.Cms.Tests.ReglasContenidoTests	Sillar.Modules.Cms.Tests.ReglasContenidoTests.Texto_alternativo_de_espacios_se_rechaza_aunque_no_haya_imagen	2026-10-06T12:22:46.6874953-05:00	00:00:00.0003828
Passed	Sillar.Modules.Cms.Tests.ReordenamientoTests	Sillar.Modules.Cms.Tests.ReordenamientoTests.Cinco_elementos_reciben_exactamente_el_orden_solicitado	2026-10-06T12:22:46.4009203-05:00	00:00:00.7580424
Passed	Sillar.Modules.Cms.Tests.ReordenamientoTests	Sillar.Modules.Cms.Tests.ReordenamientoTests.Omitir_un_elemento_invalida_la_lista_completa	2026-10-06T12:22:46.3658695-05:00	00:00:00.0150113
Passed	Sillar.Modules.Cms.Tests.ReordenamientoTests	Sillar.Modules.Cms.Tests.ReordenamientoTests.Un_identificador_inexistente_invalida_el_plan_entero	2026-10-06T12:22:47.1766135-05:00	00:00:00.0007486
Passed	Sillar.Modules.Cms.Tests.ReordenamientoTests	Sillar.Modules.Cms.Tests.ReordenamientoTests.Un_identificador_repetido_no_produce_asignaciones_parciales	2026-10-06T12:22:45.7595111-05:00	00:00:00.4023663
Passed	Sillar.Modules.Cms.Tests.ReordenamientoTests	Sillar.Modules.Cms.Tests.ReordenamientoTests.Una_seccion_vacia_acepta_una_lista_vacia	2026-10-06T12:22:46.2880153-05:00	00:00:00.0762451
Passed	Sillar.Modules.Cms.Tests.TrabajoDestacadoTests	Sillar.Modules.Cms.Tests.TrabajoDestacadoTests.Con_imagen_activa_y_texto_alternativo_el_trabajo_esta_completo	2026-10-06T12:22:46.3024917-05:00	00:00:00.0302073
Passed	Sillar.Modules.Cms.Tests.TrabajoDestacadoTests	Sillar.Modules.Cms.Tests.TrabajoDestacadoTests.Con_medio_inactivo_el_trabajo_esta_incompleto	2026-10-06T12:22:46.2902959-05:00	00:00:00.0110154
Passed	Sillar.Modules.Cms.Tests.TrabajoDestacadoTests	Sillar.Modules.Cms.Tests.TrabajoDestacadoTests.Sin_imagen_el_trabajo_esta_incompleto	2026-10-06T12:22:45.7610935-05:00	00:00:00.2531869
Passed	Sillar.Modules.Cms.Tests.VigenciaPublicacionTests	Sillar.Modules.Cms.Tests.VigenciaPublicacionTests.Activo_sin_fechas_esta_vigente	2026-10-06T12:22:47.6937733-05:00	00:00:00.0178363
Passed	Sillar.Modules.Cms.Tests.VigenciaPublicacionTests	Sillar.Modules.Cms.Tests.VigenciaPublicacionTests.Banners_promociones_y_destacados_usan_la_misma_clasificacion	2026-10-06T12:22:47.6152246-05:00	00:00:00.0355259
Passed	Sillar.Modules.Cms.Tests.VigenciaPublicacionTests	Sillar.Modules.Cms.Tests.VigenciaPublicacionTests.Banners_promociones_y_destacados_usan_la_misma_expresion	2026-10-06T12:22:47.5678256-05:00	00:00:00.0438669
Passed	Sillar.Modules.Cms.Tests.VigenciaPublicacionTests	Sillar.Modules.Cms.Tests.VigenciaPublicacionTests.Dentro_del_intervalo_esta_vigente	2026-10-06T12:22:46.4538637-05:00	00:00:00.0335863
Passed	Sillar.Modules.Cms.Tests.VigenciaPublicacionTests	Sillar.Modules.Cms.Tests.VigenciaPublicacionTests.Empieza_exactamente_ahora_y_esta_vigente	2026-10-06T12:22:47.6681506-05:00	00:00:00.0107828
Passed	Sillar.Modules.Cms.Tests.VigenciaPublicacionTests	Sillar.Modules.Cms.Tests.VigenciaPublicacionTests.Estado_administrativo_respeta_la_misma_ventana(isActive: False, startMinutes: null, endMinutes: null, expected: Inactive)	2026-10-06T12:22:47.0484227-05:00	00:00:00.0511659
Passed	Sillar.Modules.Cms.Tests.VigenciaPublicacionTests	Sillar.Modules.Cms.Tests.VigenciaPublicacionTests.Estado_administrativo_respeta_la_misma_ventana(isActive: True, startMinutes: -1, endMinutes: 0, expected: Expired)	2026-10-06T12:22:47.1819773-05:00	00:00:00.1320561
Passed	Sillar.Modules.Cms.Tests.VigenciaPublicacionTests	Sillar.Modules.Cms.Tests.VigenciaPublicacionTests.Estado_administrativo_respeta_la_misma_ventana(isActive: True, startMinutes: -1, endMinutes: 1, expected: Current)	2026-10-06T12:22:47.3976339-05:00	00:00:00.0649469
Passed	Sillar.Modules.Cms.Tests.VigenciaPublicacionTests	Sillar.Modules.Cms.Tests.VigenciaPublicacionTests.Estado_administrativo_respeta_la_misma_ventana(isActive: True, startMinutes: -1, endMinutes: null, expected: Current)	2026-10-06T12:22:47.1007078-05:00	00:00:00.0699893
Passed	Sillar.Modules.Cms.Tests.VigenciaPublicacionTests	Sillar.Modules.Cms.Tests.VigenciaPublicacionTests.Estado_administrativo_respeta_la_misma_ventana(isActive: True, startMinutes: -2, endMinutes: -1, expected: Expired)	2026-10-06T12:22:47.4750303-05:00	00:00:00.0460332
Passed	Sillar.Modules.Cms.Tests.VigenciaPublicacionTests	Sillar.Modules.Cms.Tests.VigenciaPublicacionTests.Estado_administrativo_respeta_la_misma_ventana(isActive: True, startMinutes: 0, endMinutes: 1, expected: Current)	2026-10-06T12:22:46.5478071-05:00	00:00:00.4651042
Passed	Sillar.Modules.Cms.Tests.VigenciaPublicacionTests	Sillar.Modules.Cms.Tests.VigenciaPublicacionTests.Estado_administrativo_respeta_la_misma_ventana(isActive: True, startMinutes: 1, endMinutes: null, expected: Scheduled)	2026-10-06T12:22:47.3252381-05:00	00:00:00.0630478
Passed	Sillar.Modules.Cms.Tests.VigenciaPublicacionTests	Sillar.Modules.Cms.Tests.VigenciaPublicacionTests.Inactivo_no_esta_vigente_aunque_no_tenga_fechas	2026-10-06T12:22:45.7611632-05:00	00:00:00.6263820
Passed	Sillar.Modules.Cms.Tests.VigenciaPublicacionTests	Sillar.Modules.Cms.Tests.VigenciaPublicacionTests.Programado_para_despues_no_esta_vigente	2026-10-06T12:22:47.5313683-05:00	00:00:00.0317250
Passed	Sillar.Modules.Cms.Tests.VigenciaPublicacionTests	Sillar.Modules.Cms.Tests.VigenciaPublicacionTests.Termina_exactamente_ahora_y_ya_no_esta_vigente	2026-10-06T12:22:47.6534587-05:00	00:00:00.0102565
Passed	Sillar.Modules.Crm.Tests.ContactMessageContractTests	Sillar.Modules.Crm.Tests.ContactMessageContractTests.Respuestas_de_contacto_no_exponen_secretos(type: typeof(Sillar.Modules.Crm.Dtos.AdminContactMessageDetailResponse))	2026-10-06T12:22:46.4021312-05:00	00:00:00.0001432
Passed	Sillar.Modules.Crm.Tests.ContactMessageContractTests	Sillar.Modules.Crm.Tests.ContactMessageContractTests.Respuestas_de_contacto_no_exponen_secretos(type: typeof(Sillar.Modules.Crm.Dtos.AdminContactMessageListItemResponse))	2026-10-06T12:22:45.9860384-05:00	00:00:00.2022313
Passed	Sillar.Modules.Crm.Tests.ContactMessageContractTests	Sillar.Modules.Crm.Tests.ContactMessageContractTests.Respuestas_de_contacto_no_exponen_secretos(type: typeof(Sillar.Modules.Crm.Dtos.PublicContactAcceptedResponse))	2026-10-06T12:22:46.3909133-05:00	00:00:00.0100350
Passed	Sillar.Modules.Crm.Tests.ContactMessageServiceTests	Sillar.Modules.Crm.Tests.ContactMessageServiceTests.Admin_lee_y_da_de_baja_sin_borrar	2026-10-06T12:22:45.9861352-05:00	00:00:21.8513905
Passed	Sillar.Modules.Crm.Tests.ContactMessageServiceTests	Sillar.Modules.Crm.Tests.ContactMessageServiceTests.Sesion_valida_puede_vincular_customer_y_conserva_snapshot	2026-10-06T12:23:09.8649805-05:00	00:00:01.9379433
Passed	Sillar.Modules.Crm.Tests.ContactMessageServiceTests	Sillar.Modules.Crm.Tests.ContactMessageServiceTests.Sin_correo_ni_telefono_se_rechaza	2026-10-06T12:23:07.9464142-05:00	00:00:01.9127367
Passed	Sillar.Modules.Crm.Tests.ContactMessageServiceTests	Sillar.Modules.Crm.Tests.ContactMessageServiceTests.Visitante_guarda_mensaje_sin_customer_id	2026-10-06T12:23:11.8084098-05:00	00:00:00.9963246
Passed	Sillar.Modules.Crm.Tests.ContactSubmissionThrottleTests	Sillar.Modules.Crm.Tests.ContactSubmissionThrottleTests.Al_terminar_la_ventana_la_ip_puede_enviar_de_nuevo	2026-10-06T12:22:46.8307019-05:00	00:00:00.0117991
Passed	Sillar.Modules.Crm.Tests.ContactSubmissionThrottleTests	Sillar.Modules.Crm.Tests.ContactSubmissionThrottleTests.Cinco_intentos_entran_y_el_sexto_se_limita	2026-10-06T12:22:46.6713145-05:00	00:00:00.1394004
Passed	Sillar.Modules.Crm.Tests.ContactSubmissionThrottleTests	Sillar.Modules.Crm.Tests.ContactSubmissionThrottleTests.Otra_ip_tiene_su_propio_contador	2026-10-06T12:22:46.8124630-05:00	00:00:00.0167634
Passed	Sillar.Modules.Crm.Tests.CrmPersistenceTests	Sillar.Modules.Crm.Tests.CrmPersistenceTests.Test01_CrmInitial_aplica_desde_cero	2026-10-06T12:25:14.5817425-05:00	00:00:00.0363595
Passed	Sillar.Modules.Crm.Tests.CrmPersistenceTests	Sillar.Modules.Crm.Tests.CrmPersistenceTests.Test02_customer_y_address_generan_uuid_v7	2026-10-06T12:25:15.3721367-05:00	00:00:00.2002445
Passed	Sillar.Modules.Crm.Tests.CrmPersistenceTests	Sillar.Modules.Crm.Tests.CrmPersistenceTests.Test03_segunda_account_para_mismo_customer_falla	2026-10-06T12:25:16.7947205-05:00	00:00:00.2150043
Passed	Sillar.Modules.Crm.Tests.CrmPersistenceTests	Sillar.Modules.Crm.Tests.CrmPersistenceTests.Test04_email_duplicado_falla_con_ficha_no_activa(label: "baja")	2026-10-06T12:24:59.2878264-05:00	00:00:00.9056015
Passed	Sillar.Modules.Crm.Tests.CrmPersistenceTests	Sillar.Modules.Crm.Tests.CrmPersistenceTests.Test04_email_duplicado_falla_con_ficha_no_activa(label: "bloqueada")	2026-10-06T12:24:57.5984889-05:00	00:00:01.6888626
Passed	Sillar.Modules.Crm.Tests.CrmPersistenceTests	Sillar.Modules.Crm.Tests.CrmPersistenceTests.Test05_documento_duplicado_falla	2026-10-06T12:25:11.0792832-05:00	00:00:00.8295922
Passed	Sillar.Modules.Crm.Tests.CrmPersistenceTests	Sillar.Modules.Crm.Tests.CrmPersistenceTests.Test06_combinaciones_invalidas_lifecycle_fallan(isActive: False, hasDeact: False, hasBlocked: False, label: "inactiva sin deactivated_at ni blocked_at")	2026-10-06T12:25:04.8134404-05:00	00:00:01.3874994
Passed	Sillar.Modules.Crm.Tests.CrmPersistenceTests	Sillar.Modules.Crm.Tests.CrmPersistenceTests.Test06_combinaciones_invalidas_lifecycle_fallan(isActive: False, hasDeact: True, hasBlocked: True, label: "de baja y bloqueada a la vez")	2026-10-06T12:25:06.2080417-05:00	00:00:01.4088254
Passed	Sillar.Modules.Crm.Tests.CrmPersistenceTests	Sillar.Modules.Crm.Tests.CrmPersistenceTests.Test06_combinaciones_invalidas_lifecycle_fallan(isActive: True, hasDeact: False, hasBlocked: True, label: "activa pero con blocked_at")	2026-10-06T12:25:07.6175899-05:00	00:00:00.7865417
Passed	Sillar.Modules.Crm.Tests.CrmPersistenceTests	Sillar.Modules.Crm.Tests.CrmPersistenceTests.Test06_combinaciones_invalidas_lifecycle_fallan(isActive: True, hasDeact: True, hasBlocked: False, label: "activa pero con deactivated_at")	2026-10-06T12:25:03.8413048-05:00	00:00:00.9714308
Passed	Sillar.Modules.Crm.Tests.CrmPersistenceTests	Sillar.Modules.Crm.Tests.CrmPersistenceTests.Test07_reactivation_resolved_sin_requested_falla	2026-10-06T12:25:14.3942428-05:00	00:00:00.1859502
Passed	Sillar.Modules.Crm.Tests.CrmPersistenceTests	Sillar.Modules.Crm.Tests.CrmPersistenceTests.Test08_reactivation_resolved_anterior_a_requested_falla	2026-10-06T12:25:16.3231681-05:00	00:00:00.1901425
Passed	Sillar.Modules.Crm.Tests.CrmPersistenceTests	Sillar.Modules.Crm.Tests.CrmPersistenceTests.Test09_dos_preferidas_activas_del_mismo_cliente_falla	2026-10-06T12:25:01.0710433-05:00	00:00:01.0226209
Passed	Sillar.Modules.Crm.Tests.CrmPersistenceTests	Sillar.Modules.Crm.Tests.CrmPersistenceTests.Test10_purpose_invalido_falla(purpose: "")	2026-10-06T12:25:13.2158484-05:00	00:00:00.4527683
Passed	Sillar.Modules.Crm.Tests.CrmPersistenceTests	Sillar.Modules.Crm.Tests.CrmPersistenceTests.Test10_purpose_invalido_falla(purpose: "login")	2026-10-06T12:25:12.6241859-05:00	00:00:00.5911575
Passed	Sillar.Modules.Crm.Tests.CrmPersistenceTests	Sillar.Modules.Crm.Tests.CrmPersistenceTests.Test10_purpose_invalido_falla(purpose: "reset")	2026-10-06T12:25:11.9236192-05:00	00:00:00.7001927
Passed	Sillar.Modules.Crm.Tests.CrmPersistenceTests	Sillar.Modules.Crm.Tests.CrmPersistenceTests.Test11_consumo_concurrente_del_mismo_token_produce_un_ganador	2026-10-06T12:25:16.1018372-05:00	00:00:00.2204844
Passed	Sillar.Modules.Crm.Tests.CrmPersistenceTests	Sillar.Modules.Crm.Tests.CrmPersistenceTests.Test12_eliminar_schema_crm_no_toca_core_ni_catalog	2026-10-06T12:25:14.0992179-05:00	00:00:00.2944097
Passed	Sillar.Modules.Crm.Tests.CrmPersistenceTests	Sillar.Modules.Crm.Tests.CrmPersistenceTests.Test13_reinstalar_crminitial_sobre_schema_limpio_funciona	2026-10-06T12:25:13.6904539-05:00	00:00:00.4072409
Passed	Sillar.Modules.Crm.Tests.CrmPersistenceTests	Sillar.Modules.Crm.Tests.CrmPersistenceTests.Test14_nfc_y_nfd_chocan_en_uq_customers_email	2026-10-06T12:25:10.2721993-05:00	00:00:00.8059058
Passed	Sillar.Modules.Crm.Tests.CrmPersistenceTests	Sillar.Modules.Crm.Tests.CrmPersistenceTests.Test14b_base_rechaza_todos_los_blancos_que_dotnet_trim_recorta	2026-10-06T12:25:08.4052488-05:00	00:00:01.0442463
Passed	Sillar.Modules.Crm.Tests.CrmPersistenceTests	Sillar.Modules.Crm.Tests.CrmPersistenceTests.Test14c_migracion_falla_y_no_corrige_correos_preexistentes	2026-10-06T12:25:02.0946092-05:00	00:00:01.7441641
Passed	Sillar.Modules.Crm.Tests.CrmPersistenceTests	Sillar.Modules.Crm.Tests.CrmPersistenceTests.Test15_cambiar_email_limpia_email_verified_at	2026-10-06T12:25:15.7879074-05:00	00:00:00.3131426
Passed	Sillar.Modules.Crm.Tests.CrmPersistenceTests	Sillar.Modules.Crm.Tests.CrmPersistenceTests.Test16_cambiar_solo_mayusculas_no_invalida_email_verified_at	2026-10-06T12:25:00.1977301-05:00	00:00:00.8726957
Passed	Sillar.Modules.Crm.Tests.CrmPersistenceTests	Sillar.Modules.Crm.Tests.CrmPersistenceTests.Test17_sql_directo_nfc_nfd_is_distinct_from	2026-10-06T12:25:15.1678728-05:00	00:00:00.2032456
Passed	Sillar.Modules.Crm.Tests.CrmPersistenceTests	Sillar.Modules.Crm.Tests.CrmPersistenceTests.Test18_tablas_no_replicadas_no_tienen_origin_node_ni_row_version	2026-10-06T12:25:13.6694225-05:00	00:00:00.0202037
Passed	Sillar.Modules.Crm.Tests.CrmPersistenceTests	Sillar.Modules.Crm.Tests.CrmPersistenceTests.Test19_tablas_replicadas_tienen_origin_node_y_row_version_se_incrementa	2026-10-06T12:25:15.5732052-05:00	00:00:00.2097019
Passed	Sillar.Modules.Crm.Tests.CrmPersistenceTests	Sillar.Modules.Crm.Tests.CrmPersistenceTests.Test20_set_updated_at_modifica_updated_at	2026-10-06T12:25:17.0108093-05:00	00:00:00.2816280
Passed	Sillar.Modules.Crm.Tests.CrmPersistenceTests	Sillar.Modules.Crm.Tests.CrmPersistenceTests.Test21_busqueda_parcial_email_trgm	2026-10-06T12:24:56.7180839-05:00	00:00:00.8793343
Passed	Sillar.Modules.Crm.Tests.CrmPersistenceTests	Sillar.Modules.Crm.Tests.CrmPersistenceTests.Test22_busqueda_full_name_tsvector_pena	2026-10-06T12:25:14.6186660-05:00	00:00:00.1777944
Passed	Sillar.Modules.Crm.Tests.CrmPersistenceTests	Sillar.Modules.Crm.Tests.CrmPersistenceTests.Test23_contact_message_sin_customer_id	2026-10-06T12:25:09.4504703-05:00	00:00:00.8208981
Passed	Sillar.Modules.Crm.Tests.CrmPersistenceTests	Sillar.Modules.Crm.Tests.CrmPersistenceTests.Test24_contact_message_vinculado_y_fk_inexistente	2026-10-06T12:25:14.9852447-05:00	00:00:00.1818468
Passed	Sillar.Modules.Crm.Tests.CrmPersistenceTests	Sillar.Modules.Crm.Tests.CrmPersistenceTests.Test25_contact_message_sin_email_ni_phone_falla	2026-10-06T12:25:14.7974130-05:00	00:00:00.1872571
Passed	Sillar.Modules.Crm.Tests.CrmPersistenceTests	Sillar.Modules.Crm.Tests.CrmPersistenceTests.Test26_contact_messages_no_tiene_origin_node_ni_row_version	2026-10-06T12:25:11.9101061-05:00	00:00:00.0124778
Passed	Sillar.Modules.Crm.Tests.CrmPersistenceTests	Sillar.Modules.Crm.Tests.CrmPersistenceTests.Test27_contact_messages_set_updated_at_modifica_updated_at	2026-10-06T12:25:16.5136932-05:00	00:00:00.2806098
Passed	Sillar.Modules.Crm.Tests.CustomerAccountTokenServiceTests	Sillar.Modules.Crm.Tests.CustomerAccountTokenServiceTests.Invitacion_crea_cuenta_y_verifica_correo	2026-10-06T12:23:33.6290536-05:00	00:00:09.8274676
Passed	Sillar.Modules.Crm.Tests.CustomerAccountTokenServiceTests	Sillar.Modules.Crm.Tests.CustomerAccountTokenServiceTests.Recuperar_password_revoca_todas_las_sesiones	2026-10-06T12:23:12.8248306-05:00	00:00:14.5107489
Passed	Sillar.Modules.Crm.Tests.CustomerAccountTokenServiceTests	Sillar.Modules.Crm.Tests.CustomerAccountTokenServiceTests.Verificacion_guarda_hash_y_solo_el_ultimo_token_es_valido	2026-10-06T12:23:27.3398208-05:00	00:00:06.2755438
Passed	Sillar.Modules.Crm.Tests.CustomerAdminContractTests	Sillar.Modules.Crm.Tests.CustomerAdminContractTests.Respuestas_admin_no_exponen_secretos(type: typeof(Sillar.Modules.Crm.Dtos.AdminCustomerAccessResponse))	2026-10-06T12:22:46.3870801-05:00	00:00:00.0123877
Passed	Sillar.Modules.Crm.Tests.CustomerAdminContractTests	Sillar.Modules.Crm.Tests.CustomerAdminContractTests.Respuestas_admin_no_exponen_secretos(type: typeof(Sillar.Modules.Crm.Dtos.AdminCustomerAddressResponse))	2026-10-06T12:22:46.4034727-05:00	00:00:00.0001198
Passed	Sillar.Modules.Crm.Tests.CustomerAdminContractTests	Sillar.Modules.Crm.Tests.CustomerAdminContractTests.Respuestas_admin_no_exponen_secretos(type: typeof(Sillar.Modules.Crm.Dtos.AdminCustomerDetailResponse))	2026-10-06T12:22:46.4174869-05:00	00:00:00.0001452
Passed	Sillar.Modules.Crm.Tests.CustomerAdminContractTests	Sillar.Modules.Crm.Tests.CustomerAdminContractTests.Respuestas_admin_no_exponen_secretos(type: typeof(Sillar.Modules.Crm.Dtos.AdminCustomerInvitationResponse))	2026-10-06T12:22:45.9862276-05:00	00:00:00.2141257
Passed	Sillar.Modules.Crm.Tests.CustomerAdminContractTests	Sillar.Modules.Crm.Tests.CustomerAdminContractTests.Respuestas_admin_no_exponen_secretos(type: typeof(Sillar.Modules.Crm.Dtos.AdminCustomerListItemResponse))	2026-10-06T12:22:46.4187663-05:00	00:00:00.0232243
Passed	Sillar.Modules.Crm.Tests.CustomerAdminContractTests	Sillar.Modules.Crm.Tests.CustomerAdminContractTests.Solo_la_ficha_admin_puede_exponer_notas_internas	2026-10-06T12:22:46.5227346-05:00	00:00:00.0609500
Passed	Sillar.Modules.Crm.Tests.CustomerAdminServiceTests	Sillar.Modules.Crm.Tests.CustomerAdminServiceTests.Baja_revoca_sesiones_y_reactivar_no_las_resucita	2026-10-06T12:23:43.4631000-05:00	00:00:03.1783496
Passed	Sillar.Modules.Crm.Tests.CustomerAdminServiceTests	Sillar.Modules.Crm.Tests.CustomerAdminServiceTests.Crea_ficha_sin_cuenta_y_la_encuentra_por_busqueda	2026-10-06T12:23:50.2900389-05:00	00:00:02.0251308
Passed	Sillar.Modules.Crm.Tests.CustomerAdminServiceTests	Sillar.Modules.Crm.Tests.CustomerAdminServiceTests.Editar_correo_de_cuenta_verificada_la_deja_sin_verificar	2026-10-06T12:23:52.3165850-05:00	00:00:05.4816205
Passed	Sillar.Modules.Crm.Tests.CustomerAdminServiceTests	Sillar.Modules.Crm.Tests.CustomerAdminServiceTests.Invitacion_marca_estado_y_no_expone_el_token	2026-10-06T12:23:46.6703004-05:00	00:00:03.6176829
Passed	Sillar.Modules.Crm.Tests.CustomerAuthenticationServiceTests	Sillar.Modules.Crm.Tests.CustomerAuthenticationServiceTests.Cliente_inactivo_no_puede_abrir_sesion	2026-10-06T12:25:21.3540788-05:00	00:00:01.5166227
Passed	Sillar.Modules.Crm.Tests.CustomerAuthenticationServiceTests	Sillar.Modules.Crm.Tests.CustomerAuthenticationServiceTests.Correo_inexistente_y_password_incorrecto_tienen_mismo_resultado	2026-10-06T12:25:19.4090551-05:00	00:00:01.9445756
Passed	Sillar.Modules.Crm.Tests.CustomerAuthenticationServiceTests	Sillar.Modules.Crm.Tests.CustomerAuthenticationServiceTests.Login_correcto_crea_customer_session	2026-10-06T12:25:17.9354438-05:00	00:00:01.4729784
Passed	Sillar.Modules.Crm.Tests.CustomerIdentityReaderTests	Sillar.Modules.Crm.Tests.CustomerIdentityReaderTests.El_contrato_es_solo_lectura	2026-10-06T12:24:15.3173773-05:00	00:00:00.0028013
Passed	Sillar.Modules.Crm.Tests.CustomerIdentityReaderTests	Sillar.Modules.Crm.Tests.CustomerIdentityReaderTests.El_contrato_no_pide_direccion	2026-10-06T12:23:57.8011557-05:00	00:00:00.0048473
Passed	Sillar.Modules.Crm.Tests.CustomerIdentityReaderTests	Sillar.Modules.Crm.Tests.CustomerIdentityReaderTests.La_identidad_solo_lleva_id_nombre_correo_y_telefono	2026-10-06T12:24:15.3065503-05:00	00:00:00.0095931
Passed	Sillar.Modules.Crm.Tests.CustomerIdentityReaderTests	Sillar.Modules.Crm.Tests.CustomerIdentityReaderTests.Los_contratos_no_arrastran_la_implementacion_de_CRM_ni_EF	2026-10-06T12:24:07.3191106-05:00	00:00:00.0053940
Passed	Sillar.Modules.Crm.Tests.CustomerIdentityReaderTests	Sillar.Modules.Crm.Tests.CustomerIdentityReaderTests.No_expone_notas_internas	2026-10-06T12:24:08.6324190-05:00	00:00:06.6540194
Passed	Sillar.Modules.Crm.Tests.CustomerIdentityReaderTests	Sillar.Modules.Crm.Tests.CustomerIdentityReaderTests.Por_lotes_devuelve_solo_los_activos_existentes_una_vez_cada_uno	2026-10-06T12:24:07.3259963-05:00	00:00:01.3019481
Passed	Sillar.Modules.Crm.Tests.CustomerIdentityReaderTests	Sillar.Modules.Crm.Tests.CustomerIdentityReaderTests.Por_lotes_una_coleccion_vacia_devuelve_un_diccionario_vacio	2026-10-06T12:24:15.2877054-05:00	00:00:00.0175139
Passed	Sillar.Modules.Crm.Tests.CustomerIdentityReaderTests	Sillar.Modules.Crm.Tests.CustomerIdentityReaderTests.Un_cliente_activo_devuelve_nombre_correo_y_telefono	2026-10-06T12:24:04.6663434-05:00	00:00:01.0133062
Passed	Sillar.Modules.Crm.Tests.CustomerIdentityReaderTests	Sillar.Modules.Crm.Tests.CustomerIdentityReaderTests.Un_cliente_de_baja_o_bloqueado_devuelve_null(estado: "baja")	2026-10-06T12:24:02.9105966-05:00	00:00:01.7547681
Passed	Sillar.Modules.Crm.Tests.CustomerIdentityReaderTests	Sillar.Modules.Crm.Tests.CustomerIdentityReaderTests.Un_cliente_de_baja_o_bloqueado_devuelve_null(estado: "bloqueo")	2026-10-06T12:23:57.8085117-05:00	00:00:05.1006059
Passed	Sillar.Modules.Crm.Tests.CustomerIdentityReaderTests	Sillar.Modules.Crm.Tests.CustomerIdentityReaderTests.Un_cliente_inexistente_devuelve_null	2026-10-06T12:24:15.3213954-05:00	00:00:01.1066230
Passed	Sillar.Modules.Crm.Tests.CustomerIdentityReaderTests	Sillar.Modules.Crm.Tests.CustomerIdentityReaderTests.Una_ficha_sin_cuenta_tambien_tiene_identidad	2026-10-06T12:24:05.6804833-05:00	00:00:01.6377145
Passed	Sillar.Modules.Crm.Tests.CustomerIdentityTests	Sillar.Modules.Crm.Tests.CustomerIdentityTests.Cookie_csrf_de_cliente_es_legible_y_conserva_barreras	2026-10-06T12:22:46.6791917-05:00	00:00:00.0526536
Passed	Sillar.Modules.Crm.Tests.CustomerIdentityTests	Sillar.Modules.Crm.Tests.CustomerIdentityTests.Cookie_csrf_no_reemplaza_la_cookie_de_sesion	2026-10-06T12:22:46.9806751-05:00	00:00:00.0476803
Passed	Sillar.Modules.Crm.Tests.CustomerIdentityTests	Sillar.Modules.Crm.Tests.CustomerIdentityTests.Cookie_de_cliente_conserva_las_barreras_del_spec	2026-10-06T12:22:46.7646864-05:00	00:00:00.0045463
Passed	Sillar.Modules.Crm.Tests.CustomerIdentityTests	Sillar.Modules.Crm.Tests.CustomerIdentityTests.CurrentCustomer_ignora_claims_administrativos	2026-10-06T12:22:46.7735333-05:00	00:00:00.0947007
Passed	Sillar.Modules.Crm.Tests.CustomerIdentityTests	Sillar.Modules.Crm.Tests.CustomerIdentityTests.CurrentCustomer_lee_solo_claims_de_cliente	2026-10-06T12:22:46.8751640-05:00	00:00:00.0942925
Passed	Sillar.Modules.Crm.Tests.CustomerIdentityTests	Sillar.Modules.Crm.Tests.CustomerIdentityTests.Identidad_de_cliente_tiene_namespace_cookie_y_esquema_propios	2026-10-06T12:22:46.7351905-05:00	00:00:00.0017433
Passed	Sillar.Modules.Crm.Tests.CustomerLoginPolicyTests	Sillar.Modules.Crm.Tests.CustomerLoginPolicyTests.BCrypt_cliente_nunca_baja_de_factor_12	2026-10-06T12:22:46.5040220-05:00	00:00:00.0142200
Passed	Sillar.Modules.Crm.Tests.CustomerLoginPolicyTests	Sillar.Modules.Crm.Tests.CustomerLoginPolicyTests.Cuenta_no_se_bloquea_y_la_espera_crece	2026-10-06T12:22:46.5491939-05:00	00:00:00.0048808
Passed	Sillar.Modules.Crm.Tests.CustomerLoginPolicyTests	Sillar.Modules.Crm.Tests.CustomerLoginPolicyTests.Ip_tiene_un_margen_mucho_mas_generoso	2026-10-06T12:22:46.5196532-05:00	00:00:00.0247572
Passed	Sillar.Modules.Crm.Tests.CustomerLoginPolicyTests	Sillar.Modules.Crm.Tests.CustomerLoginPolicyTests.Sesion_cliente_tiene_politica_propia	2026-10-06T12:22:45.9862070-05:00	00:00:00.2232508
Passed	Sillar.Modules.Crm.Tests.CustomerPasswordExposureTests	Sillar.Modules.Crm.Tests.CustomerPasswordExposureTests.Criterio13_los_contratos_de_respuesta_no_exponen_password_ni_hash	2026-10-06T12:22:45.9840084-05:00	00:00:00.2906389
Passed	Sillar.Modules.Crm.Tests.CustomerProfileContractTests	Sillar.Modules.Crm.Tests.CustomerProfileContractTests.Contratos_publicos_no_exponen_campos_internos(type: typeof(Sillar.Modules.Crm.Contracts.CustomerIdentity))	2026-10-06T12:22:46.4406754-05:00	00:00:00.0138782
Passed	Sillar.Modules.Crm.Tests.CustomerProfileContractTests	Sillar.Modules.Crm.Tests.CustomerProfileContractTests.Contratos_publicos_no_exponen_campos_internos(type: typeof(Sillar.Modules.Crm.Contracts.CustomerOrderAddressSnapshot))	2026-10-06T12:22:46.3890399-05:00	00:00:00.0152059
Passed	Sillar.Modules.Crm.Tests.CustomerProfileContractTests	Sillar.Modules.Crm.Tests.CustomerProfileContractTests.Contratos_publicos_no_exponen_campos_internos(type: typeof(Sillar.Modules.Crm.Contracts.CustomerOrderContactSnapshot))	2026-10-06T12:22:45.9861085-05:00	00:00:00.2045713
Passed	Sillar.Modules.Crm.Tests.CustomerProfileContractTests	Sillar.Modules.Crm.Tests.CustomerProfileContractTests.Contratos_publicos_no_exponen_campos_internos(type: typeof(Sillar.Modules.Crm.Contracts.CustomerOrderSnapshot))	2026-10-06T12:22:46.4248860-05:00	00:00:00.0146175
Passed	Sillar.Modules.Crm.Tests.CustomerProfileContractTests	Sillar.Modules.Crm.Tests.CustomerProfileContractTests.Contratos_publicos_no_exponen_campos_internos(type: typeof(Sillar.Modules.Crm.Dtos.CustomerAddressResponse))	2026-10-06T12:22:46.4062454-05:00	00:00:00.0001473
Passed	Sillar.Modules.Crm.Tests.CustomerProfileContractTests	Sillar.Modules.Crm.Tests.CustomerProfileContractTests.Contratos_publicos_no_exponen_campos_internos(type: typeof(Sillar.Modules.Crm.Dtos.CustomerProfileResponse))	2026-10-06T12:22:46.4236906-05:00	00:00:00.0001092
Passed	Sillar.Modules.Crm.Tests.CustomerProfileServiceTests	Sillar.Modules.Crm.Tests.CustomerProfileServiceTests.Agrega_dos_direcciones_y_cambia_la_preferida	2026-10-06T12:24:52.3647228-05:00	00:00:01.5434146
Passed	Sillar.Modules.Crm.Tests.CustomerProfileServiceTests	Sillar.Modules.Crm.Tests.CustomerProfileServiceTests.Cambiar_correo_invalida_verificacion	2026-10-06T12:24:50.4782726-05:00	00:00:00.9226798
Passed	Sillar.Modules.Crm.Tests.CustomerProfileServiceTests	Sillar.Modules.Crm.Tests.CustomerProfileServiceTests.No_modifica_una_direccion_de_otro_cliente	2026-10-06T12:24:55.7478256-05:00	00:00:00.9689284
Passed	Sillar.Modules.Crm.Tests.CustomerProfileServiceTests	Sillar.Modules.Crm.Tests.CustomerProfileServiceTests.Perfil_no_expone_notas_internas	2026-10-06T12:24:53.9092365-05:00	00:00:01.8374190
Passed	Sillar.Modules.Crm.Tests.CustomerProfileServiceTests	Sillar.Modules.Crm.Tests.CustomerProfileServiceTests.Snapshot_para_M03_usa_solo_datos_publicables_del_cliente	2026-10-06T12:24:51.4019760-05:00	00:00:00.9620201
Passed	Sillar.Modules.Crm.Tests.CustomerRegistrationPolicyTests	Sillar.Modules.Crm.Tests.CustomerRegistrationPolicyTests.Password_comun_se_rechaza	2026-10-06T12:22:46.5474518-05:00	00:00:00.0022544
Passed	Sillar.Modules.Crm.Tests.CustomerRegistrationPolicyTests	Sillar.Modules.Crm.Tests.CustomerRegistrationPolicyTests.Password_con_identidad_se_rechaza	2026-10-06T12:22:46.5103241-05:00	00:00:00.0016187
Passed	Sillar.Modules.Crm.Tests.CustomerRegistrationPolicyTests	Sillar.Modules.Crm.Tests.CustomerRegistrationPolicyTests.Password_larga_sin_identidad_se_acepta	2026-10-06T12:22:45.9861854-05:00	00:00:00.2190556
Passed	Sillar.Modules.Crm.Tests.CustomerRegistrationPolicyTests	Sillar.Modules.Crm.Tests.CustomerRegistrationPolicyTests.Password_menor_de_12_se_rechaza	2026-10-06T12:22:46.5653298-05:00	00:00:00.0003646
Passed	Sillar.Modules.Crm.Tests.CustomerRegistrationServiceTests	Sillar.Modules.Crm.Tests.CustomerRegistrationServiceTests.Ficha_con_cuenta_no_reemplaza_la_password_existente	2026-10-06T12:24:43.2594304-05:00	00:00:04.0921879
Passed	Sillar.Modules.Crm.Tests.CustomerRegistrationServiceTests	Sillar.Modules.Crm.Tests.CustomerRegistrationServiceTests.Ficha_existente_sin_cuenta_se_enlaza_sin_duplicarla_ni_pisar_notas	2026-10-06T12:24:41.1587376-05:00	00:00:02.1000882
Passed	Sillar.Modules.Crm.Tests.CustomerRegistrationServiceTests	Sillar.Modules.Crm.Tests.CustomerRegistrationServiceTests.Registro_nuevo_crea_ficha_y_cuenta_no_verificada	2026-10-06T12:24:47.3521279-05:00	00:00:03.1212066
Passed	Sillar.Modules.Crm.Tests.CustomerSessionServiceTests	Sillar.Modules.Crm.Tests.CustomerSessionServiceTests.Abrir_sesion_guarda_solo_hashes_de_los_secretos	2026-10-06T12:25:17.7303878-05:00	00:00:00.2023580
Passed	Sillar.Modules.Crm.Tests.CustomerSessionServiceTests	Sillar.Modules.Crm.Tests.CustomerSessionServiceTests.Logout_revoca_la_fila_y_no_se_puede_rotar_csrf	2026-10-06T12:25:17.2942550-05:00	00:00:00.2365079
Passed	Sillar.Modules.Crm.Tests.CustomerSessionServiceTests	Sillar.Modules.Crm.Tests.CustomerSessionServiceTests.Rotar_csrf_invalida_el_token_anterior	2026-10-06T12:25:17.5311563-05:00	00:00:00.1987441
Passed	Sillar.Modules.Crm.Tests.CustomerSnapshotReaderTests	Sillar.Modules.Crm.Tests.CustomerSnapshotReaderTests.Cliente_de_baja_o_bloqueado_devuelve_null_en_las_dos_variantes(estado: "baja")	2026-10-06T12:24:24.7145826-05:00	00:00:01.1800451
Passed	Sillar.Modules.Crm.Tests.CustomerSnapshotReaderTests	Sillar.Modules.Crm.Tests.CustomerSnapshotReaderTests.Cliente_de_baja_o_bloqueado_devuelve_null_en_las_dos_variantes(estado: "bloqueo")	2026-10-06T12:24:18.7956970-05:00	00:00:05.9143882
Passed	Sillar.Modules.Crm.Tests.CustomerSnapshotReaderTests	Sillar.Modules.Crm.Tests.CustomerSnapshotReaderTests.Cliente_inexistente_devuelve_null_en_las_dos_variantes	2026-10-06T12:24:34.0828267-05:00	00:00:01.0588676
Passed	Sillar.Modules.Crm.Tests.CustomerSnapshotReaderTests	Sillar.Modules.Crm.Tests.CustomerSnapshotReaderTests.Con_direccion_ajena_devuelve_null	2026-10-06T12:24:17.5998885-05:00	00:00:01.1943623
Passed	Sillar.Modules.Crm.Tests.CustomerSnapshotReaderTests	Sillar.Modules.Crm.Tests.CustomerSnapshotReaderTests.Con_direccion_de_baja_devuelve_null	2026-10-06T12:24:25.8956350-05:00	00:00:01.2797260
Passed	Sillar.Modules.Crm.Tests.CustomerSnapshotReaderTests	Sillar.Modules.Crm.Tests.CustomerSnapshotReaderTests.Con_direccion_inexistente_devuelve_null_y_no_cae_en_la_variante_sin_direccion	2026-10-06T12:24:36.0664609-05:00	00:00:03.8575229
Passed	Sillar.Modules.Crm.Tests.CustomerSnapshotReaderTests	Sillar.Modules.Crm.Tests.CustomerSnapshotReaderTests.Con_direccion_valida_devuelve_cliente_y_direccion_como_en_1_0_0	2026-10-06T12:24:27.1762666-05:00	00:00:01.1084460
Passed	Sillar.Modules.Crm.Tests.CustomerSnapshotReaderTests	Sillar.Modules.Crm.Tests.CustomerSnapshotReaderTests.Ficha_sin_cuenta_devuelve_null_en_las_dos_variantes	2026-10-06T12:24:35.1490163-05:00	00:00:00.9166634
Passed	Sillar.Modules.Crm.Tests.CustomerSnapshotReaderTests	Sillar.Modules.Crm.Tests.CustomerSnapshotReaderTests.Las_instantaneas_no_se_pueden_modificar_despues_de_creadas(tipo: typeof(Sillar.Modules.Crm.Contracts.CustomerOrderAddressSnapshot))	2026-10-06T12:24:34.0808402-05:00	00:00:00.0007178
Passed	Sillar.Modules.Crm.Tests.CustomerSnapshotReaderTests	Sillar.Modules.Crm.Tests.CustomerSnapshotReaderTests.Las_instantaneas_no_se_pueden_modificar_despues_de_creadas(tipo: typeof(Sillar.Modules.Crm.Contracts.CustomerOrderContactSnapshot))	2026-10-06T12:24:34.0821342-05:00	00:00:00.0000878
Passed	Sillar.Modules.Crm.Tests.CustomerSnapshotReaderTests	Sillar.Modules.Crm.Tests.CustomerSnapshotReaderTests.Las_instantaneas_no_se_pueden_modificar_despues_de_creadas(tipo: typeof(Sillar.Modules.Crm.Contracts.CustomerOrderSnapshot))	2026-10-06T12:24:34.0786301-05:00	00:00:00.0016420
Passed	Sillar.Modules.Crm.Tests.CustomerSnapshotReaderTests	Sillar.Modules.Crm.Tests.CustomerSnapshotReaderTests.Sin_direccion_devuelve_los_datos_del_cliente_aunque_no_tenga_ninguna_direccion	2026-10-06T12:24:28.2860827-05:00	00:00:04.6801660
Passed	Sillar.Modules.Crm.Tests.CustomerSnapshotReaderTests	Sillar.Modules.Crm.Tests.CustomerSnapshotReaderTests.Sin_direccion_no_expone_ninguna_propiedad_de_direccion	2026-10-06T12:24:34.0740212-05:00	00:00:00.0031851
Passed	Sillar.Modules.Crm.Tests.CustomerSnapshotReaderTests	Sillar.Modules.Crm.Tests.CustomerSnapshotReaderTests.Sin_direccion_no_filtra_notas_internas	2026-10-06T12:24:16.4301423-05:00	00:00:01.1686371
Passed	Sillar.Modules.Crm.Tests.CustomerSnapshotReaderTests	Sillar.Modules.Crm.Tests.CustomerSnapshotReaderTests.Sin_direccion_refleja_correo_sin_verificar	2026-10-06T12:24:32.9673912-05:00	00:00:01.1053320
Passed	Sillar.Modules.Crm.Tests.CustomerSnapshotReaderTests	Sillar.Modules.Crm.Tests.CustomerSnapshotReaderTests.Un_cambio_posterior_del_perfil_no_altera_la_instantanea_ya_tomada	2026-10-06T12:24:39.9250284-05:00	00:00:01.2320800
Passed	Sillar.Modules.Crm.Tests.CustomerTokenPolicyTests	Sillar.Modules.Crm.Tests.CustomerTokenPolicyTests.Invitacion_caduca	2026-10-06T12:22:46.5491178-05:00	00:00:00.0004102
Passed	Sillar.Modules.Crm.Tests.CustomerTokenPolicyTests	Sillar.Modules.Crm.Tests.CustomerTokenPolicyTests.Propósitos_coinciden_con_el_schema	2026-10-06T12:22:45.9861594-05:00	00:00:00.1932023
Passed	Sillar.Modules.Crm.Tests.CustomerTokenPolicyTests	Sillar.Modules.Crm.Tests.CustomerTokenPolicyTests.Recuperacion_es_corta	2026-10-06T12:22:46.5644591-05:00	00:00:00.0107135
Passed	Sillar.Modules.Crm.Tests.CustomerTokenPolicyTests	Sillar.Modules.Crm.Tests.CustomerTokenPolicyTests.Verificacion_caduca	2026-10-06T12:22:46.5235448-05:00	00:00:00.0012316
Passed	Sillar.Modules.Sales.Tests.AtribucionDelPersonalTests	Sillar.Modules.Sales.Tests.AtribucionDelPersonalTests.El_nodo_de_la_cuenta_no_se_deriva_del_nodo_de_la_actuacion	2026-10-06T12:23:04.7320031-05:00	00:00:00.0206013
Passed	Sillar.Modules.Sales.Tests.AtribucionDelPersonalTests	Sillar.Modules.Sales.Tests.AtribucionDelPersonalTests.El_nodo_de_la_cuenta_puede_ser_distinto_del_nodo_de_la_actuacion	2026-10-06T12:23:04.9478003-05:00	00:00:00.0143260
Passed	Sillar.Modules.Sales.Tests.AtribucionDelPersonalTests	Sillar.Modules.Sales.Tests.AtribucionDelPersonalTests.El_pedido_no_interviene_en_la_interpretacion_de_la_atribucion	2026-10-06T12:23:04.9332102-05:00	00:00:00.0010552
Passed	Sillar.Modules.Sales.Tests.AtribucionDelPersonalTests	Sillar.Modules.Sales.Tests.AtribucionDelPersonalTests.La_atribucion_de_un_cambio_se_resuelve_sin_leer_el_pedido	2026-10-06T12:23:04.7060322-05:00	00:00:00.0150457
Passed	Sillar.Modules.Sales.Tests.AtribucionDelPersonalTests	Sillar.Modules.Sales.Tests.AtribucionDelPersonalTests.La_cabecera_del_pedido_no_atribuye_a_ningun_trabajador	2026-10-06T12:23:05.3136478-05:00	00:00:00.0052245
Passed	Sillar.Modules.Sales.Tests.AtribucionDelPersonalTests	Sillar.Modules.Sales.Tests.AtribucionDelPersonalTests.La_migracion_no_declara_ninguna_clave_foranea_hacia_core_admin_users	2026-10-06T12:23:04.7905626-05:00	00:00:00.1283720
Passed	Sillar.Modules.Sales.Tests.AtribucionDelPersonalTests	Sillar.Modules.Sales.Tests.AtribucionDelPersonalTests.La_migracion_solo_referencia_dos_schemas_ajenos_y_ninguno_es_core	2026-10-06T12:23:05.3285814-05:00	00:00:00.0397374
Passed	Sillar.Modules.Sales.Tests.AtribucionDelPersonalTests	Sillar.Modules.Sales.Tests.AtribucionDelPersonalTests.La_tabla_orders_de_la_migracion_no_tiene_columna_de_atribucion	2026-10-06T12:23:05.2813230-05:00	00:00:00.0077998
Passed	Sillar.Modules.Sales.Tests.AtribucionDelPersonalTests	Sillar.Modules.Sales.Tests.AtribucionDelPersonalTests.Ningun_CHECK_exige_que_los_dos_nodos_coincidan	2026-10-06T12:23:04.9916292-05:00	00:00:00.2883287
Passed	Sillar.Modules.Sales.Tests.AtribucionDelPersonalTests	Sillar.Modules.Sales.Tests.AtribucionDelPersonalTests.Ninguna_de_las_seis_atribuciones_parciales_se_acepta	2026-10-06T12:23:04.6802965-05:00	00:00:00.0200875
Passed	Sillar.Modules.Sales.Tests.AtribucionDelPersonalTests	Sillar.Modules.Sales.Tests.AtribucionDelPersonalTests.Un_cambio_automatico_leido_desde_la_entidad_no_atribuye_a_nadie	2026-10-06T12:23:03.8135545-05:00	00:00:00.3415182
Passed	Sillar.Modules.Sales.Tests.AtribucionDelPersonalTests	Sillar.Modules.Sales.Tests.AtribucionDelPersonalTests.Un_cambio_automatico_lleva_los_tres_datos_nulos_y_no_atribuye_a_nadie	2026-10-06T12:23:05.3716482-05:00	00:00:00.0009108
Passed	Sillar.Modules.Sales.Tests.AtribucionDelPersonalTests	Sillar.Modules.Sales.Tests.AtribucionDelPersonalTests.Un_cambio_humano_lleva_los_tres_datos_presentes	2026-10-06T12:23:05.3232820-05:00	00:00:00.0004574
Passed	Sillar.Modules.Sales.Tests.AtribucionDelPersonalTests	Sillar.Modules.Sales.Tests.AtribucionDelPersonalTests.Un_identificador_local_cero_o_negativo_no_se_acepta	2026-10-06T12:23:04.9768101-05:00	00:00:00.0134980
Passed	Sillar.Modules.Sales.Tests.AtribucionDelPersonalTests	Sillar.Modules.Sales.Tests.AtribucionDelPersonalTests.Un_pago_humano_exige_los_tres_datos	2026-10-06T12:23:04.7709800-05:00	00:00:00.0181178
Passed	Sillar.Modules.Sales.Tests.AtribucionDelPersonalTests	Sillar.Modules.Sales.Tests.AtribucionDelPersonalTests.Un_pago_sin_identificador_local_no_se_registra	2026-10-06T12:23:05.2956599-05:00	00:00:00.0010089
Passed	Sillar.Modules.Sales.Tests.AtribucionDelPersonalTests	Sillar.Modules.Sales.Tests.AtribucionDelPersonalTests.Un_pago_sin_nodo_de_la_cuenta_no_se_registra	2026-10-06T12:23:04.5614564-05:00	00:00:00.1176381
Passed	Sillar.Modules.Sales.Tests.AtribucionDelPersonalTests	Sillar.Modules.Sales.Tests.AtribucionDelPersonalTests.Un_pago_sin_nombre_no_se_registra	2026-10-06T12:23:05.3041271-05:00	00:00:00.0083372
Passed	Sillar.Modules.Sales.Tests.CodigoVisibleTests	Sillar.Modules.Sales.Tests.CodigoVisibleTests.Dos_anios_distintos_dan_codigos_distintos_con_el_mismo_correlativo	2026-10-06T12:23:04.8045285-05:00	00:00:00.0216800
Passed	Sillar.Modules.Sales.Tests.CodigoVisibleTests	Sillar.Modules.Sales.Tests.CodigoVisibleTests.Dos_nodos_distintos_dan_codigos_distintos_con_la_misma_serie	2026-10-06T12:23:03.8160692-05:00	00:00:00.3658554
Passed	Sillar.Modules.Sales.Tests.CodigoVisibleTests	Sillar.Modules.Sales.Tests.CodigoVisibleTests.El_codigo_visible_de_un_pedido_tiene_la_forma_P_2026_0147	2026-10-06T12:23:04.7246965-05:00	00:00:00.0102082
Passed	Sillar.Modules.Sales.Tests.CodigoVisibleTests	Sillar.Modules.Sales.Tests.CodigoVisibleTests.El_correlativo_se_rellena_hasta_cuatro_digitos	2026-10-06T12:23:04.5778567-05:00	00:00:00.0005037
Passed	Sillar.Modules.Sales.Tests.CodigoVisibleTests	Sillar.Modules.Sales.Tests.CodigoVisibleTests.El_mensaje_de_la_etiqueta_ausente_dice_que_no_hay_valor_por_defecto	2026-10-06T12:23:04.5978579-05:00	00:00:00.0466194
Passed	Sillar.Modules.Sales.Tests.CodigoVisibleTests	Sillar.Modules.Sales.Tests.CodigoVisibleTests.La_etiqueta_del_nodo_va_delante_del_anio	2026-10-06T12:23:04.7731153-05:00	00:00:00.0299684
Passed	Sillar.Modules.Sales.Tests.CodigoVisibleTests	Sillar.Modules.Sales.Tests.CodigoVisibleTests.La_etiqueta_se_recorta_pero_no_se_transforma	2026-10-06T12:23:04.5632428-05:00	00:00:00.0029874
Passed	Sillar.Modules.Sales.Tests.CodigoVisibleTests	Sillar.Modules.Sales.Tests.CodigoVisibleTests.Sin_etiqueta_de_nodo_no_se_compone_ningun_codigo	2026-10-06T12:23:04.7065433-05:00	00:00:00.0037714
Passed	Sillar.Modules.Sales.Tests.CodigoVisibleTests	Sillar.Modules.Sales.Tests.CodigoVisibleTests.Un_correlativo_de_cinco_cifras_no_se_recorta	2026-10-06T12:23:04.6916079-05:00	00:00:00.0003403
Passed	Sillar.Modules.Sales.Tests.CodigoVisibleTests	Sillar.Modules.Sales.Tests.CodigoVisibleTests.Un_correlativo_menor_que_uno_no_se_acepta	2026-10-06T12:23:04.7440012-05:00	00:00:00.0277400
Passed	Sillar.Modules.Sales.Tests.CongelarClienteTests	Sillar.Modules.Sales.Tests.CongelarClienteTests.Congelar_copia_los_seis_campos_al_pedido	2026-10-06T12:23:04.5963705-05:00	00:00:00.1191537
Passed	Sillar.Modules.Sales.Tests.CongelarClienteTests	Sillar.Modules.Sales.Tests.CongelarClienteTests.El_pedido_no_recibe_ninguna_direccion	2026-10-06T12:23:04.8167007-05:00	00:00:00.0937809
Passed	Sillar.Modules.Sales.Tests.CongelarClienteTests	Sillar.Modules.Sales.Tests.CongelarClienteTests.Los_motivos_de_rechazo_no_nombran_ninguna_causa_que_M04_no_garantice	2026-10-06T12:23:04.7644857-05:00	00:00:00.0265189
Passed	Sillar.Modules.Sales.Tests.CongelarClienteTests	Sillar.Modules.Sales.Tests.CongelarClienteTests.Se_usa_la_sobrecarga_SIN_direccion	2026-10-06T12:23:04.5648024-05:00	00:00:00.0302897
Passed	Sillar.Modules.Sales.Tests.CongelarClienteTests	Sillar.Modules.Sales.Tests.CongelarClienteTests.Si_M04_devuelve_null_no_se_inventa_la_causa	2026-10-06T12:23:04.7316040-05:00	00:00:00.0246825
Passed	Sillar.Modules.Sales.Tests.CongelarClienteTests	Sillar.Modules.Sales.Tests.CongelarClienteTests.Un_cliente_verificado_se_congela_con_sus_seis_datos	2026-10-06T12:23:03.8139989-05:00	00:00:00.4723507
Passed	Sillar.Modules.Sales.Tests.CongelarClienteTests	Sillar.Modules.Sales.Tests.CongelarClienteTests.Un_correo_sin_verificar_no_compra	2026-10-06T12:23:04.7925509-05:00	00:00:00.0232250
Passed	Sillar.Modules.Sales.Tests.CrearPedidoPersistenciaTests	Sillar.Modules.Sales.Tests.CrearPedidoPersistenciaTests.El_precio_de_la_linea_lo_pone_M01_y_no_quien_llama	2026-10-06T12:23:19.9580822-05:00	00:00:00.2612033
Passed	Sillar.Modules.Sales.Tests.CrearPedidoPersistenciaTests	Sillar.Modules.Sales.Tests.CrearPedidoPersistenciaTests.El_rollback_de_la_transaccion_exterior_devuelve_el_numero	2026-10-06T12:23:20.4305912-05:00	00:00:00.1647829
Passed	Sillar.Modules.Sales.Tests.CrearPedidoPersistenciaTests	Sillar.Modules.Sales.Tests.CrearPedidoPersistenciaTests.El_snapshot_sigue_congelado_cuando_M01_cambia_despues	2026-10-06T12:23:20.3218942-05:00	00:00:00.0742159
Passed	Sillar.Modules.Sales.Tests.CrearPedidoPersistenciaTests	Sillar.Modules.Sales.Tests.CrearPedidoPersistenciaTests.Se_pregunta_por_la_vendibilidad_antes_de_tomar_el_precio	2026-10-06T12:23:20.2207615-05:00	00:00:00.0186404
Passed	Sillar.Modules.Sales.Tests.CrearPedidoPersistenciaTests	Sillar.Modules.Sales.Tests.CrearPedidoPersistenciaTests.Un_carrito_vacio_no_entra_en_confirmacion	2026-10-06T12:23:20.5979543-05:00	00:00:00.0301828
Passed	Sillar.Modules.Sales.Tests.CrearPedidoPersistenciaTests	Sillar.Modules.Sales.Tests.CrearPedidoPersistenciaTests.Un_correo_sin_verificar_no_llega_a_preguntar_por_el_catalogo	2026-10-06T12:23:20.7963978-05:00	00:00:00.0104598
Passed	Sillar.Modules.Sales.Tests.CrearPedidoPersistenciaTests	Sillar.Modules.Sales.Tests.CrearPedidoPersistenciaTests.Un_item_inexistente_o_inactivo_no_produce_pedido	2026-10-06T12:23:20.6361918-05:00	00:00:00.0284791
Passed	Sillar.Modules.Sales.Tests.CrearPedidoPersistenciaTests	Sillar.Modules.Sales.Tests.CrearPedidoPersistenciaTests.Un_pedido_que_no_llega_a_crearse_no_consume_numero	2026-10-06T12:23:20.7766669-05:00	00:00:00.0166820
Passed	Sillar.Modules.Sales.Tests.CrearPedidoPersistenciaTests	Sillar.Modules.Sales.Tests.CrearPedidoPersistenciaTests.Un_pedido_se_crea_con_el_precio_de_M01_y_su_snapshot_congelado	2026-10-06T12:23:20.6678563-05:00	00:00:00.1066711
Passed	Sillar.Modules.Sales.Tests.CrearPedidoPersistenciaTests	Sillar.Modules.Sales.Tests.CrearPedidoPersistenciaTests.Un_precio_null_no_entra_al_pedido_y_un_precio_cero_si	2026-10-06T12:23:20.2415495-05:00	00:00:00.0757732
Passed	Sillar.Modules.Sales.Tests.CrearPedidoPersistenciaTests	Sillar.Modules.Sales.Tests.CrearPedidoPersistenciaTests.Una_cantidad_no_positiva_no_produce_pedido	2026-10-06T12:23:20.4039022-05:00	00:00:00.0184837
Passed	Sillar.Modules.Sales.Tests.EstadosYPagoTests	Sillar.Modules.Sales.Tests.EstadosYPagoTests.La_secuencia_principal_tiene_cinco_estados_en_orden	2026-10-06T12:23:04.6260731-05:00	00:00:00.0514775
Passed	Sillar.Modules.Sales.Tests.EstadosYPagoTests	Sillar.Modules.Sales.Tests.EstadosYPagoTests.Los_estados_se_guardan_en_ingles_tecnico_y_no_en_espaniol	2026-10-06T12:23:04.7479769-05:00	00:00:00.4013066
Passed	Sillar.Modules.Sales.Tests.EstadosYPagoTests	Sillar.Modules.Sales.Tests.EstadosYPagoTests.Los_estados_visibles_son_exactamente_siete	2026-10-06T12:23:03.8160918-05:00	00:00:00.3682878
Passed	Sillar.Modules.Sales.Tests.EstadosYPagoTests	Sillar.Modules.Sales.Tests.EstadosYPagoTests.Los_siete_estados_son_los_ratificados_el_26_de_septiembre	2026-10-06T12:23:04.5676848-05:00	00:00:00.0351490
Passed	Sillar.Modules.Sales.Tests.EstadosYPagoTests	Sillar.Modules.Sales.Tests.EstadosYPagoTests.Ningun_estado_esta_repetido	2026-10-06T12:23:04.6788153-05:00	00:00:00.0011235
Passed	Sillar.Modules.Sales.Tests.EstadosYPagoTests	Sillar.Modules.Sales.Tests.EstadosYPagoTests.Vencido_no_es_lo_mismo_que_cancelado	2026-10-06T12:23:04.6042576-05:00	00:00:00.0002966
Passed	Sillar.Modules.Sales.Tests.EstadosYPagoTests	Sillar.Modules.Sales.Tests.EstadosYPagoTests.Vencido_y_cancelado_estan_fuera_de_la_secuencia_principal	2026-10-06T12:23:04.6967119-05:00	00:00:00.0499894
Passed	Sillar.Modules.Sales.Tests.MediosDePagoTests	Sillar.Modules.Sales.Tests.MediosDePagoTests.Cualquier_otro_medio_queda_fuera	2026-10-06T12:23:05.2258833-05:00	00:00:00.0068549
Passed	Sillar.Modules.Sales.Tests.MediosDePagoTests	Sillar.Modules.Sales.Tests.MediosDePagoTests.El_efectivo_es_un_medio_valido	2026-10-06T12:23:05.1527072-05:00	00:00:00.0122457
Passed	Sillar.Modules.Sales.Tests.MediosDePagoTests	Sillar.Modules.Sales.Tests.MediosDePagoTests.La_tarjeta_no_se_admite_en_M03_v1	2026-10-06T12:23:05.2242466-05:00	00:00:00.0004302
Passed	Sillar.Modules.Sales.Tests.MediosDePagoTests	Sillar.Modules.Sales.Tests.MediosDePagoTests.Los_valores_van_en_minusculas_y_sin_espacios	2026-10-06T12:23:05.1954508-05:00	00:00:00.0094524
Passed	Sillar.Modules.Sales.Tests.MediosDePagoTests	Sillar.Modules.Sales.Tests.MediosDePagoTests.V1_admite_yape_y_efectivo	2026-10-06T12:23:05.2062636-05:00	00:00:00.0073750
Passed	Sillar.Modules.Sales.Tests.MediosDePagoTests	Sillar.Modules.Sales.Tests.MediosDePagoTests.Yape_es_un_medio_valido	2026-10-06T12:23:05.1804867-05:00	00:00:00.0009024
Passed	Sillar.Modules.Sales.Tests.NumeracionTests	Sillar.Modules.Sales.Tests.NumeracionTests.El_anio_de_la_serie_es_el_de_Lima_y_no_el_de_UTC	2026-10-06T12:23:13.0372778-05:00	00:00:00.0014859
Passed	Sillar.Modules.Sales.Tests.NumeracionTests	Sillar.Modules.Sales.Tests.NumeracionTests.El_codigo_de_esa_tarde_se_compone_con_el_anio_de_Lima	2026-10-06T12:23:12.1698049-05:00	00:00:00.0029031
Passed	Sillar.Modules.Sales.Tests.NumeracionTests	Sillar.Modules.Sales.Tests.NumeracionTests.El_mediodia_de_Lima_y_el_de_UTC_dan_el_mismo_anio	2026-10-06T12:23:12.1874493-05:00	00:00:00.0005666
Passed	Sillar.Modules.Sales.Tests.NumeracionTests	Sillar.Modules.Sales.Tests.NumeracionTests.Fuera_de_una_transaccion_el_numerador_se_niega_a_numerar	2026-10-06T12:23:12.1923138-05:00	00:00:00.8434012
Passed	Sillar.Modules.Sales.Tests.NumeracionTests	Sillar.Modules.Sales.Tests.NumeracionTests.La_guarda_de_transaccion_actua_antes_de_mirar_la_configuracion	2026-10-06T12:23:03.8160523-05:00	00:00:08.2279856
Passed	Sillar.Modules.Sales.Tests.NumeracionTests	Sillar.Modules.Sales.Tests.NumeracionTests.La_zona_del_negocio_se_resuelve_en_esta_maquina	2026-10-06T12:23:12.1857427-05:00	00:00:00.0005199
Passed	Sillar.Modules.Sales.Tests.NumeracionTests	Sillar.Modules.Sales.Tests.NumeracionTests.Un_pedido_de_la_tarde_del_31_de_diciembre_conserva_su_anio	2026-10-06T12:23:12.1901177-05:00	00:00:00.0006604
Passed	Sillar.Modules.Sales.Tests.PedidosPropiosPersistenciaTests	Sillar.Modules.Sales.Tests.PedidosPropiosPersistenciaTests.El_contrato_publico_acota_el_limite_en_vez_de_obedecerlo	2026-10-06T12:23:19.1017235-05:00	00:00:00.1267477
Passed	Sillar.Modules.Sales.Tests.PedidosPropiosPersistenciaTests	Sillar.Modules.Sales.Tests.PedidosPropiosPersistenciaTests.El_historial_no_devuelve_pedidos_dados_de_baja	2026-10-06T12:23:19.2421314-05:00	00:00:00.0462659
Passed	Sillar.Modules.Sales.Tests.PedidosPropiosPersistenciaTests	Sillar.Modules.Sales.Tests.PedidosPropiosPersistenciaTests.El_historial_va_del_mas_reciente_al_mas_antiguo	2026-10-06T12:23:18.9626915-05:00	00:00:00.0727585
Passed	Sillar.Modules.Sales.Tests.PedidosPropiosPersistenciaTests	Sillar.Modules.Sales.Tests.PedidosPropiosPersistenciaTests.El_pedido_de_otro_cliente_no_existe_para_la_consulta_filtrada	2026-10-06T12:23:07.6785241-05:00	00:00:09.8809745
Passed	Sillar.Modules.Sales.Tests.PedidosPropiosPersistenciaTests	Sillar.Modules.Sales.Tests.PedidosPropiosPersistenciaTests.El_resumen_cuenta_las_lineas_sin_traerlas	2026-10-06T12:23:17.6685262-05:00	00:00:01.2910189
Passed	Sillar.Modules.Sales.Tests.PedidosPropiosPersistenciaTests	Sillar.Modules.Sales.Tests.PedidosPropiosPersistenciaTests.Un_cliente_sin_pedidos_recibe_una_lista_vacia_y_no_un_error	2026-10-06T12:23:19.0375992-05:00	00:00:00.0430381
Passed	Sillar.Modules.Sales.Tests.PedidosPropiosPersistenciaTests	Sillar.Modules.Sales.Tests.PedidosPropiosPersistenciaTests.Un_cliente_solo_ve_sus_propios_pedidos	2026-10-06T12:23:19.2937733-05:00	00:00:00.0945539
Passed	Sillar.Modules.Sales.Tests.PeticionDePedidoTests	Sillar.Modules.Sales.Tests.PeticionDePedidoTests.La_peticion_no_lleva_cliente_ni_direccion	2026-10-06T12:23:04.5628875-05:00	00:00:00.0480962
Passed	Sillar.Modules.Sales.Tests.PeticionDePedidoTests	Sillar.Modules.Sales.Tests.PeticionDePedidoTests.La_peticion_no_tiene_donde_poner_un_precio_ni_un_total	2026-10-06T12:23:04.6124455-05:00	00:00:00.1108298
Passed	Sillar.Modules.Sales.Tests.PeticionDePedidoTests	Sillar.Modules.Sales.Tests.PeticionDePedidoTests.Los_motivos_de_no_creacion_distinguen_a_consultar_de_no_vendible	2026-10-06T12:23:03.8141021-05:00	00:00:00.3797938
Passed	Sillar.Modules.Sales.Tests.PeticionDePedidoTests	Sillar.Modules.Sales.Tests.PeticionDePedidoTests.Una_linea_pedida_solo_lleva_variante_y_cantidad	2026-10-06T12:23:04.7246233-05:00	00:00:00.3705336
Passed	Sillar.Modules.Sales.Tests.TransicionesTests	Sillar.Modules.Sales.Tests.TransicionesTests.El_cliente_no_cancela_directamente	2026-10-06T12:23:04.5696434-05:00	00:00:00.0153880
Passed	Sillar.Modules.Sales.Tests.TransicionesTests	Sillar.Modules.Sales.Tests.TransicionesTests.El_vencimiento_automatico_nunca_conduce_a_cancelado	2026-10-06T12:23:04.7709801-05:00	00:00:00.0054580
Passed	Sillar.Modules.Sales.Tests.TransicionesTests	Sillar.Modules.Sales.Tests.TransicionesTests.Ninguna_transicion_permitida_sale_de_los_siete_estados	2026-10-06T12:23:03.8160209-05:00	00:00:00.3819132
Passed	Sillar.Modules.Sales.Tests.TransicionesTests	Sillar.Modules.Sales.Tests.TransicionesTests.Solo_vence_un_pedido_pendiente_de_pago	2026-10-06T12:23:04.6805677-05:00	00:00:00.0011329
Passed	Sillar.Modules.Sales.Tests.TransicionesTests	Sillar.Modules.Sales.Tests.TransicionesTests.Un_pago_no_lo_registra_el_sistema	2026-10-06T12:23:04.8257947-05:00	00:00:00.0218558
Passed	Sillar.Modules.Sales.Tests.TransicionesTests	Sillar.Modules.Sales.Tests.TransicionesTests.Un_pago_sin_mercancia_no_inventa_ningun_octavo_estado	2026-10-06T12:23:04.7605529-05:00	00:00:00.0094459
Passed	Sillar.Modules.Sales.Tests.TransicionesTests	Sillar.Modules.Sales.Tests.TransicionesTests.Un_pago_tardio_con_mercancia_lleva_el_pedido_de_Vencido_a_Preparando	2026-10-06T12:23:04.7372645-05:00	00:00:00.0077349
Passed	Sillar.Modules.Sales.Tests.TransicionesTests	Sillar.Modules.Sales.Tests.TransicionesTests.Un_pago_tardio_no_pasa_por_Pago_por_verificar	2026-10-06T12:23:04.6086293-05:00	00:00:00.0205593
Passed	Sillar.Modules.Sales.Tests.TransicionesTests	Sillar.Modules.Sales.Tests.TransicionesTests.Un_pago_tardio_sin_mercancia_se_registra_y_deja_pendiente_operativo	2026-10-06T12:23:04.6305564-05:00	00:00:00.0492663
Passed	Sillar.Modules.Sales.Tests.TransicionesTests	Sillar.Modules.Sales.Tests.TransicionesTests.Un_pedido_entregado_no_se_puede_cancelar	2026-10-06T12:23:04.8116963-05:00	00:00:00.0044789
Passed	Sillar.Modules.Sales.Tests.TransicionesTests	Sillar.Modules.Sales.Tests.TransicionesTests.Un_pedido_vencido_si_se_puede_cancelar_con_motivo	2026-10-06T12:23:04.7970721-05:00	00:00:00.0081799
Passed	Sillar.Modules.Sales.Tests.TransicionesTests	Sillar.Modules.Sales.Tests.TransicionesTests.Una_cancelacion_del_personal_con_motivo_si_se_permite	2026-10-06T12:23:04.5863993-05:00	00:00:00.0208624
Passed	Sillar.Modules.Sales.Tests.TransicionesTests	Sillar.Modules.Sales.Tests.TransicionesTests.Una_cancelacion_sin_motivo_no_se_permite	2026-10-06T12:23:04.7102368-05:00	00:00:00.0258170
Passed	Sillar.Modules.Sales.Tests.VencimientoPersistenciaTests	Sillar.Modules.Sales.Tests.VencimientoPersistenciaTests.Correr_el_vencimiento_dos_veces_no_duplica_asientos	2026-10-06T12:23:19.4063564-05:00	00:00:00.2645982
Passed	Sillar.Modules.Sales.Tests.VencimientoPersistenciaTests	Sillar.Modules.Sales.Tests.VencimientoPersistenciaTests.El_asiento_del_vencimiento_deja_los_TRES_datos_de_atribucion_en_NULL	2026-10-06T12:23:19.8984300-05:00	00:00:00.0495265
Passed	Sillar.Modules.Sales.Tests.VencimientoPersistenciaTests	Sillar.Modules.Sales.Tests.VencimientoPersistenciaTests.Solo_vence_lo_que_estaba_pendiente_de_pago	2026-10-06T12:23:19.8682854-05:00	00:00:00.0254183
Passed	Sillar.Modules.Sales.Tests.VencimientoPersistenciaTests	Sillar.Modules.Sales.Tests.VencimientoPersistenciaTests.Un_plazo_cumplido_pasa_el_pedido_a_Vencido	2026-10-06T12:23:19.7922840-05:00	00:00:00.0718540
Passed	Sillar.Modules.Sales.Tests.VencimientoPersistenciaTests	Sillar.Modules.Sales.Tests.VencimientoPersistenciaTests.Un_plazo_que_no_ha_llegado_no_vence	2026-10-06T12:23:19.6739535-05:00	00:00:00.0236857
Passed	Sillar.Modules.Sales.Tests.VencimientoPersistenciaTests	Sillar.Modules.Sales.Tests.VencimientoPersistenciaTests.Vencer_no_cancela_y_no_libera_nada	2026-10-06T12:23:19.6998362-05:00	00:00:00.0905875
Passed	Sillar.Modules.Services.Tests.ServiceRulesTests	Sillar.Modules.Services.Tests.ServiceRulesTests.Imagen_exige_texto_alternativo	2026-10-06T12:23:14.3083396-05:00	00:00:00.0011115
Passed	Sillar.Modules.Services.Tests.ServiceRulesTests	Sillar.Modules.Services.Tests.ServiceRulesTests.Precio_cero_es_valido_y_distinto_de_nulo	2026-10-06T12:23:14.0058944-05:00	00:00:00.0785391
Passed	Sillar.Modules.Services.Tests.ServiceRulesTests	Sillar.Modules.Services.Tests.ServiceRulesTests.Precio_negativo_se_rechaza	2026-10-06T12:23:14.2981882-05:00	00:00:00.0015287
Passed	Sillar.Modules.Services.Tests.ServiceRulesTests	Sillar.Modules.Services.Tests.ServiceRulesTests.Precio_nulo_es_valido_para_consultar	2026-10-06T12:23:14.3067963-05:00	00:00:00.0005488
Passed	Sillar.Modules.Services.Tests.ServiceRulesTests	Sillar.Modules.Services.Tests.ServiceRulesTests.Publicar_desde_borrador_es_valido	2026-10-06T12:23:14.3038205-05:00	00:00:00.0013685
Passed	Sillar.Modules.Services.Tests.ServiceRulesTests	Sillar.Modules.Services.Tests.ServiceRulesTests.Restaurar_archivado_no_se_inventa	2026-10-06T12:23:14.3009964-05:00	00:00:00.0012500
Passed	Sillar.Modules.Services.Tests.ServiceRulesTests	Sillar.Modules.Services.Tests.ServiceRulesTests.Slug_quita_tildes_y_normaliza_separadores	2026-10-06T12:23:14.2675899-05:00	00:00:00.0288930
Passed	Sillar.Modules.Services.Tests.ServicesPostgresTests	Sillar.Modules.Services.Tests.ServicesPostgresTests.El_99_drop_quita_services_dos_veces_sin_tocar_core_y_la_migracion_reinstala	2026-10-06T12:23:14.4294267-05:00	00:00:07.8563656
Passed	Sillar.Modules.Services.Tests.ServicesPostgresTests	Sillar.Modules.Services.Tests.ServicesPostgresTests.La_direccion_publica_es_unica_sin_distinguir_mayusculas	2026-10-06T12:23:30.0282314-05:00	00:00:00.1321050
Passed	Sillar.Modules.Services.Tests.ServicesPostgresTests	Sillar.Modules.Services.Tests.ServicesPostgresTests.La_fotografia_de_un_servicio_publicado_trae_sus_datos_y_la_url_de_su_imagen	2026-10-06T12:23:30.3045209-05:00	00:00:00.1944799
Passed	Sillar.Modules.Services.Tests.ServicesPostgresTests	Sillar.Modules.Services.Tests.ServicesPostgresTests.La_migracion_crea_solo_el_schema_services_con_su_historial_dentro	2026-10-06T12:23:29.7765825-05:00	00:00:00.1021874
Passed	Sillar.Modules.Services.Tests.ServicesPostgresTests	Sillar.Modules.Services.Tests.ServicesPostgresTests.La_unica_referencia_cruzada_va_de_una_tabla_local_a_una_replicada_como_permite_la_ADR_018	2026-10-06T12:23:29.8851726-05:00	00:00:00.1338952
Passed	Sillar.Modules.Services.Tests.ServicesPostgresTests	Sillar.Modules.Services.Tests.ServicesPostgresTests.La_vitrina_publica_solo_enseña_lo_publicado_en_su_orden	2026-10-06T12:23:28.2394869-05:00	00:00:01.5309305
Passed	Sillar.Modules.Services.Tests.ServicesPostgresTests	Sillar.Modules.Services.Tests.ServicesPostgresTests.Solo_un_servicio_publicado_tiene_fotografia(caso: "archivado")	2026-10-06T12:23:26.3264521-05:00	00:00:01.4552765
Passed	Sillar.Modules.Services.Tests.ServicesPostgresTests	Sillar.Modules.Services.Tests.ServicesPostgresTests.Solo_un_servicio_publicado_tiene_fotografia(caso: "borrador")	2026-10-06T12:23:27.7872016-05:00	00:00:00.4472545
Passed	Sillar.Modules.Services.Tests.ServicesPostgresTests	Sillar.Modules.Services.Tests.ServicesPostgresTests.Solo_un_servicio_publicado_tiene_fotografia(caso: "inexistente")	2026-10-06T12:23:22.3277539-05:00	00:00:03.9919717
Passed	Sillar.Modules.Services.Tests.ServicesPostgresTests	Sillar.Modules.Services.Tests.ServicesPostgresTests.Una_transicion_no_permitida_se_explica_en_castellano	2026-10-06T12:23:30.1627758-05:00	00:00:00.1394148
Passed	Sillar.Shared.Data.Tests.ReplicationMappingTests	Sillar.Shared.Data.Tests.ReplicationMappingTests.El_nodo_de_origen_es_obligatorio	2026-10-06T12:22:55.8766999-05:00	00:00:00.0066852
Passed	Sillar.Shared.Data.Tests.ReplicationMappingTests	Sillar.Shared.Data.Tests.ReplicationMappingTests.La_fecha_de_alta_la_pone_la_base_y_solo_al_insertar	2026-10-06T12:22:55.7798514-05:00	00:00:00.0930172
Passed	Sillar.Shared.Data.Tests.ReplicationMappingTests	Sillar.Shared.Data.Tests.ReplicationMappingTests.La_fecha_de_cambio_la_pone_el_trigger_al_insertar_y_al_actualizar	2026-10-06T12:22:55.8877489-05:00	00:00:00.0055585
Passed	Sillar.Shared.Data.Tests.ReplicationMappingTests	Sillar.Shared.Data.Tests.ReplicationMappingTests.La_version_nace_en_uno_y_no_la_genera_la_base	2026-10-06T12:22:55.8972659-05:00	00:00:00.0296041
Passed	Sillar.Shared.Data.Tests.ReplicationMappingTests	Sillar.Shared.Data.Tests.ReplicationMappingTests.Las_cuatro_columnas_llevan_el_nombre_en_snake_case_del_esquema	2026-10-06T12:22:45.6976862-05:00	00:00:09.8887139
Passed	Sillar.Shared.Data.Tests.ReplicationMappingTests	Sillar.Shared.Data.Tests.ReplicationMappingTests.Sin_MapReplication_EF_las_nombraria_de_otra_forma	2026-10-06T12:22:55.7614543-05:00	00:00:00.0154805
Passed	Sillar.Shared.Data.Tests.ReplicationStampingTests	Sillar.Shared.Data.Tests.ReplicationStampingTests.Al_modificar_no_se_reescriben_ni_el_origen_ni_la_fecha_de_alta	2026-10-06T12:22:45.6989746-05:00	00:00:10.7092175
Passed	Sillar.Shared.Data.Tests.ReplicationStampingTests	Sillar.Shared.Data.Tests.ReplicationStampingTests.Al_modificar_sube_la_version_y_el_origen_no_se_toca	2026-10-06T12:22:56.5836814-05:00	00:00:00.0051039
Passed	Sillar.Shared.Data.Tests.ReplicationStampingTests	Sillar.Shared.Data.Tests.ReplicationStampingTests.El_borrado_tampoco_sube_la_version	2026-10-06T12:22:56.5313217-05:00	00:00:00.0480234
Passed	Sillar.Shared.Data.Tests.ReplicationStampingTests	Sillar.Shared.Data.Tests.ReplicationStampingTests.Una_fila_nueva_nace_con_el_nodo_la_version_uno_y_las_dos_fechas	2026-10-06T12:22:56.5926318-05:00	00:00:00.0189808
Passed	Sillar.Shared.Data.Tests.ReplicationStampingTests	Sillar.Shared.Data.Tests.ReplicationStampingTests.Una_fila_sin_cambios_no_se_sella	2026-10-06T12:22:56.4811913-05:00	00:00:00.0462267
Passed	Sillar.Shared.Tests.ModuleActivationSafetyTests	Sillar.Shared.Tests.ModuleActivationSafetyTests.Activar_con_las_dependencias_duras_activas_si_esta_permitido	2026-10-06T12:22:44.2436869-05:00	00:00:00.0011199
Passed	Sillar.Shared.Tests.ModuleActivationSafetyTests	Sillar.Shared.Tests.ModuleActivationSafetyTests.Activar_con_una_dependencia_dura_inactiva_no_esta_permitido	2026-10-06T12:22:44.2642260-05:00	00:00:00.0047551
Passed	Sillar.Shared.Tests.ModuleActivationSafetyTests	Sillar.Shared.Tests.ModuleActivationSafetyTests.Desactivar_CORE_dejaria_a_todos_los_activos_sin_su_dependencia_dura	2026-10-06T12:22:43.6191191-05:00	00:00:00.2182038
Passed	Sillar.Shared.Tests.ModuleActivationSafetyTests	Sillar.Shared.Tests.ModuleActivationSafetyTests.Desactivar_en_orden_inverso_a_las_dependencias_si_esta_permitido	2026-10-06T12:22:44.2768157-05:00	00:00:00.0006160
Passed	Sillar.Shared.Tests.ModuleActivationSafetyTests	Sillar.Shared.Tests.ModuleActivationSafetyTests.Desactivar_un_modulo_del_que_otro_activo_depende_duro_no_esta_permitido	2026-10-06T12:22:44.2524036-05:00	00:00:00.0070781
Passed	Sillar.Shared.Tests.ModuleActivationSafetyTests	Sillar.Shared.Tests.ModuleActivationSafetyTests.Ninguna_secuencia_de_operaciones_permitidas_deja_el_sistema_sin_arrancar	2026-10-06T12:22:44.1853193-05:00	00:00:00.0569478
Passed	Sillar.Shared.Tests.ModuleActivationSafetyTests	Sillar.Shared.Tests.ModuleActivationSafetyTests.Una_dependencia_blanda_inactiva_no_impide_activar	2026-10-06T12:22:44.2811594-05:00	00:00:00.0028209
Passed	Sillar.Shared.Tests.ModuleActivationSafetyTests	Sillar.Shared.Tests.ModuleActivationSafetyTests.Una_dependencia_blanda_no_impide_desactivar_al_otro	2026-10-06T12:22:44.2726745-05:00	00:00:00.0008116
Passed	Sillar.Shared.Tests.ModuleActivationTests	Sillar.Shared.Tests.ModuleActivationTests.Con_todas_las_dependencias_duras_activas_no_hay_problema	2026-10-06T12:22:44.1892103-05:00	00:00:00.0168452
Passed	Sillar.Shared.Tests.ModuleActivationTests	Sillar.Shared.Tests.ModuleActivationTests.Lo_que_esta_apagado_no_se_juzga	2026-10-06T12:22:44.4645755-05:00	00:00:00.0055808
Passed	Sillar.Shared.Tests.ModuleActivationTests	Sillar.Shared.Tests.ModuleActivationTests.Se_reportan_todas_las_dependencias_que_faltan_no_solo_la_primera	2026-10-06T12:22:43.6192146-05:00	00:00:00.2852061
Passed	Sillar.Shared.Tests.ModuleActivationTests	Sillar.Shared.Tests.ModuleActivationTests.Un_modulo_activo_con_su_dependencia_dura_apagada_es_un_problema	2026-10-06T12:22:44.2075087-05:00	00:00:00.2558729
Passed	Sillar.Shared.Tests.ModuleActivationTests	Sillar.Shared.Tests.ModuleActivationTests.Una_dependencia_blanda_apagada_no_es_un_problema	2026-10-06T12:22:44.4713063-05:00	00:00:00.0095014
Passed	Sillar.Shared.Tests.ModuleActiveButUndeclaredTests	Sillar.Shared.Tests.ModuleActiveButUndeclaredTests.Lo_inactivo_y_ausente_no_es_un_problema	2026-10-06T12:22:44.1917352-05:00	00:00:00.0317578
Passed	Sillar.Shared.Tests.ModuleActiveButUndeclaredTests	Sillar.Shared.Tests.ModuleActiveButUndeclaredTests.Se_nombran_todos_los_que_faltan_no_solo_el_primero	2026-10-06T12:22:43.6191934-05:00	00:00:00.4402152
Passed	Sillar.Shared.Tests.ModuleActiveButUndeclaredTests	Sillar.Shared.Tests.ModuleActiveButUndeclaredTests.Si_todo_lo_activo_en_la_base_esta_declarado_no_hay_problema	2026-10-06T12:22:44.2380782-05:00	00:00:00.0006713
Passed	Sillar.Shared.Tests.ModuleActiveButUndeclaredTests	Sillar.Shared.Tests.ModuleActiveButUndeclaredTests.Sin_ningun_codigo_activo_no_hay_nada_que_reportar	2026-10-06T12:22:44.2846853-05:00	00:00:00.0129000
Passed	Sillar.Shared.Tests.ModuleActiveButUndeclaredTests	Sillar.Shared.Tests.ModuleActiveButUndeclaredTests.Un_codigo_activo_que_el_binario_no_trae_se_nombra	2026-10-06T12:22:44.2516946-05:00	00:00:00.0318421
Passed	Sillar.Shared.Tests.ModuleGraphTests	Sillar.Shared.Tests.ModuleGraphTests.Declarar_la_misma_dependencia_dura_y_blanda_avisa_y_manda_la_dura	2026-10-06T12:22:44.4113219-05:00	00:00:00.0089092
Passed	Sillar.Shared.Tests.ModuleGraphTests	Sillar.Shared.Tests.ModuleGraphTests.Dos_modulos_con_el_mismo_codigo_abortan	2026-10-06T12:22:44.5264152-05:00	00:00:00.0012860
Passed	Sillar.Shared.Tests.ModuleGraphTests	Sillar.Shared.Tests.ModuleGraphTests.El_orden_deja_cada_modulo_detras_de_sus_dependencias	2026-10-06T12:22:44.2591172-05:00	00:00:00.1207470
Passed	Sillar.Shared.Tests.ModuleGraphTests	Sillar.Shared.Tests.ModuleGraphTests.El_orden_no_depende_de_como_lleguen_los_modulos	2026-10-06T12:22:44.4765808-05:00	00:00:00.0081084
Passed	Sillar.Shared.Tests.ModuleGraphTests	Sillar.Shared.Tests.ModuleGraphTests.Sin_CORE_no_se_puede_arrancar	2026-10-06T12:22:44.1946488-05:00	00:00:00.0489312
Passed	Sillar.Shared.Tests.ModuleGraphTests	Sillar.Shared.Tests.ModuleGraphTests.Sin_ningun_modulo_no_se_puede_arrancar	2026-10-06T12:22:44.4216628-05:00	00:00:00.0100259
Passed	Sillar.Shared.Tests.ModuleGraphTests	Sillar.Shared.Tests.ModuleGraphTests.Un_ciclo_a_traves_de_una_dependencia_blanda_tambien_aborta	2026-10-06T12:22:44.4415580-05:00	00:00:00.0181638
Passed	Sillar.Shared.Tests.ModuleGraphTests	Sillar.Shared.Tests.ModuleGraphTests.Un_ciclo_aborta_e_indica_el_camino	2026-10-06T12:22:44.5357712-05:00	00:00:00.0165301
Passed	Sillar.Shared.Tests.ModuleGraphTests	Sillar.Shared.Tests.ModuleGraphTests.Un_codigo_que_no_sirve_como_schema_aborta(codigo: "")	2026-10-06T12:22:44.1473069-05:00	00:00:00.0011080
Passed	Sillar.Shared.Tests.ModuleGraphTests	Sillar.Shared.Tests.ModuleGraphTests.Un_codigo_que_no_sirve_como_schema_aborta(codigo: "1catalog")	2026-10-06T12:22:44.1615353-05:00	00:00:00.0000974
Passed	Sillar.Shared.Tests.ModuleGraphTests	Sillar.Shared.Tests.ModuleGraphTests.Un_codigo_que_no_sirve_como_schema_aborta(codigo: "Catalog")	2026-10-06T12:22:44.1706145-05:00	00:00:00.0001006
Passed	Sillar.Shared.Tests.ModuleGraphTests	Sillar.Shared.Tests.ModuleGraphTests.Un_codigo_que_no_sirve_como_schema_aborta(codigo: "c")	2026-10-06T12:22:44.1717254-05:00	00:00:00.0092134
Passed	Sillar.Shared.Tests.ModuleGraphTests	Sillar.Shared.Tests.ModuleGraphTests.Un_codigo_que_no_sirve_como_schema_aborta(codigo: "cata-logo")	2026-10-06T12:22:43.6151607-05:00	00:00:00.2411817
Passed	Sillar.Shared.Tests.ModuleGraphTests	Sillar.Shared.Tests.ModuleGraphTests.Un_codigo_que_no_sirve_como_schema_aborta(codigo: "catalogo_con_un_nombre_larguisimo_que_pasa_de_cuar"···)	2026-10-06T12:22:44.1605465-05:00	00:00:00.0001232
Passed	Sillar.Shared.Tests.ModuleGraphTests	Sillar.Shared.Tests.ModuleGraphTests.Un_grafo_correcto_es_valido	2026-10-06T12:22:44.5304287-05:00	00:00:00.0037737
Passed	Sillar.Shared.Tests.ModuleGraphTests	Sillar.Shared.Tests.ModuleGraphTests.Un_modulo_que_depende_de_si_mismo_aborta	2026-10-06T12:22:44.4964383-05:00	00:00:00.0012533
Passed	Sillar.Shared.Tests.ModuleGraphTests	Sillar.Shared.Tests.ModuleGraphTests.Un_modulo_que_no_declara_CORE_aborta	2026-10-06T12:22:44.5581594-05:00	00:00:00.0023684
Passed	Sillar.Shared.Tests.ModuleGraphTests	Sillar.Shared.Tests.ModuleGraphTests.Un_modulo_sin_descripcion_aborta(descripcion: "   ")	2026-10-06T12:22:44.5202299-05:00	00:00:00.0005997
Passed	Sillar.Shared.Tests.ModuleGraphTests	Sillar.Shared.Tests.ModuleGraphTests.Un_modulo_sin_descripcion_aborta(descripcion: "")	2026-10-06T12:22:44.5118590-05:00	00:00:00.0043538
Passed	Sillar.Shared.Tests.ModuleGraphTests	Sillar.Shared.Tests.ModuleGraphTests.Un_nombre_visible_vacio_aborta	2026-10-06T12:22:44.5536269-05:00	00:00:00.0010426
Passed	Sillar.Shared.Tests.ModuleGraphTests	Sillar.Shared.Tests.ModuleGraphTests.Una_dependencia_blanda_inexistente_solo_avisa	2026-10-06T12:22:44.4884213-05:00	00:00:00.0019218
Passed	Sillar.Shared.Tests.ModuleGraphTests	Sillar.Shared.Tests.ModuleGraphTests.Una_dependencia_dura_hacia_un_modulo_inexistente_aborta	2026-10-06T12:22:44.5053082-05:00	00:00:00.0051808
Passed	Sillar.Shared.Tests.ModuleGraphTests	Sillar.Shared.Tests.ModuleGraphTests.Una_descripcion_que_no_cabe_en_la_columna_aborta	2026-10-06T12:22:44.3893431-05:00	00:00:00.0146745
Passed	Sillar.Shared.Tests.ModuleGraphTests	Sillar.Shared.Tests.ModuleGraphTests.Una_posicion_negativa_en_el_panel_aborta	2026-10-06T12:22:44.4720692-05:00	00:00:00.0030434
Passed	Sillar.Shared.Tests.ModuleGraphTests	Sillar.Shared.Tests.ModuleGraphTests.Una_version_mal_formada_aborta(version: "")	2026-10-06T12:22:44.4669128-05:00	00:00:00.0000959
Passed	Sillar.Shared.Tests.ModuleGraphTests	Sillar.Shared.Tests.ModuleGraphTests.Una_version_mal_formada_aborta(version: "1.0")	2026-10-06T12:22:44.4654121-05:00	00:00:00.0006145
Passed	Sillar.Shared.Tests.ModuleGraphTests	Sillar.Shared.Tests.ModuleGraphTests.Una_version_mal_formada_aborta(version: "v1.0.0")	2026-10-06T12:22:44.4613083-05:00	00:00:00.0011059
Passed	Sillar.Shared.Tests.PagingTests	Sillar.Shared.Tests.PagingTests.El_salto_corresponde_a_la_pagina_pedida	2026-10-06T12:22:44.2474269-05:00	00:00:00.0008350
Passed	Sillar.Shared.Tests.PagingTests	Sillar.Shared.Tests.PagingTests.El_total_de_paginas_redondea_hacia_arriba	2026-10-06T12:22:44.2625052-05:00	00:00:00.0005777
Passed	Sillar.Shared.Tests.PagingTests	Sillar.Shared.Tests.PagingTests.La_ultima_pagina_no_tiene_siguiente	2026-10-06T12:22:43.6191624-05:00	00:00:00.2011649
Passed	Sillar.Shared.Tests.PagingTests	Sillar.Shared.Tests.PagingTests.No_se_puede_pedir_mas_del_maximo	2026-10-06T12:22:44.2934024-05:00	00:00:00.0006213
Passed	Sillar.Shared.Tests.PagingTests	Sillar.Shared.Tests.PagingTests.Sin_pedir_nada_se_devuelve_la_primera_pagina_de_cincuenta	2026-10-06T12:22:44.2773530-05:00	00:00:00.0006405
Passed	Sillar.Shared.Tests.PagingTests	Sillar.Shared.Tests.PagingTests.Sin_resultados_no_hay_paginas_ni_siguiente	2026-10-06T12:22:44.3322051-05:00	00:00:00.0005214
Passed	Sillar.Shared.Tests.PagingTests	Sillar.Shared.Tests.PagingTests.Un_tamano_de_cero_o_negativo_se_lleva_al_minimo	2026-10-06T12:22:44.3058730-05:00	00:00:00.0250809
Passed	Sillar.Shared.Tests.PagingTests	Sillar.Shared.Tests.PagingTests.Una_pagina_por_debajo_de_uno_se_trata_como_la_primera(pedida: -3)	2026-10-06T12:22:44.2208295-05:00	00:00:00.0129683
Passed	Sillar.Shared.Tests.PagingTests	Sillar.Shared.Tests.PagingTests.Una_pagina_por_debajo_de_uno_se_trata_como_la_primera(pedida: 0)	2026-10-06T12:22:44.1873826-05:00	00:00:00.0323905
