outcome	clase	prueba	inicio	duracion
Passed	Sillar.Api.Tests.ArranqueConModuloActivoAusenteTests	Sillar.Api.Tests.ArranqueConModuloActivoAusenteTests.Un_modulo_activo_que_el_binario_no_trae_impide_arrancar_al_host	2026-10-05T14:30:49.3442629-05:00	00:00:45.2896595
Passed	Sillar.Api.Tests.CierreM04SeguridadYCorreoTests	Sillar.Api.Tests.CierreM04SeguridadYCorreoTests.Criterio13_password_de_registro_no_aparece_en_respuesta_logs_ni_auditoria	2026-10-05T14:30:49.3451034-05:00	00:00:52.5269207
Passed	Sillar.Api.Tests.CierreM04SeguridadYCorreoTests	Sillar.Api.Tests.CierreM04SeguridadYCorreoTests.Criterio17_fallo_de_correo_de_un_registro_concreto_es_visible_para_admin	2026-10-05T14:31:41.9407403-05:00	00:00:26.6719486
Passed	Sillar.Core.Tests.ActivacionConSchemaTests	Sillar.Core.Tests.ActivacionConSchemaTests.Al_negarse_el_estado_previo_queda_intacto	2026-10-05T14:31:25.1118447-05:00	00:00:06.4657604
Passed	Sillar.Core.Tests.ActivacionConSchemaTests	Sillar.Core.Tests.ActivacionConSchemaTests.Con_su_schema_presente_el_modulo_se_activa	2026-10-05T14:31:40.4422746-05:00	00:00:04.0935575
Passed	Sillar.Core.Tests.ActivacionConSchemaTests	Sillar.Core.Tests.ActivacionConSchemaTests.El_error_nombra_el_modulo_el_schema_la_base_y_que_hacer	2026-10-05T14:31:14.7905178-05:00	00:00:04.7368774
Passed	Sillar.Core.Tests.ActivacionConSchemaTests	Sillar.Core.Tests.ActivacionConSchemaTests.Los_modulos_de_demostracion_sin_schema_se_siguen_activando	2026-10-05T14:31:31.5789132-05:00	00:00:04.9108906
Passed	Sillar.Core.Tests.ActivacionConSchemaTests	Sillar.Core.Tests.ActivacionConSchemaTests.Sin_su_schema_el_modulo_no_se_activa	2026-10-05T14:31:36.5065110-05:00	00:00:03.9321491
Passed	Sillar.Core.Tests.ActivacionConSchemaTests	Sillar.Core.Tests.ActivacionConSchemaTests.Tras_una_instalacion_correcta_los_modulos_reales_tienen_su_schema_y_se_activan	2026-10-05T14:31:19.5295130-05:00	00:00:05.5816689
Passed	Sillar.Core.Tests.ActivacionConSchemaTests	Sillar.Core.Tests.ActivacionConSchemaTests.Un_modulo_real_sin_su_schema_no_se_activa_aunque_otros_si_lo_tengan	2026-10-05T14:30:50.9424566-05:00	00:00:23.8302667
Passed	Sillar.Core.Tests.ActivacionConSchemaTests	Sillar.Core.Tests.ActivacionConSchemaTests.Una_averia_distinta_no_se_convierte_en_falta_el_schema	2026-10-05T14:31:36.4912796-05:00	00:00:00.0143130
Passed	Sillar.Core.Tests.AdminClaimIsolationTests	Sillar.Core.Tests.AdminClaimIsolationTests.Claim_csrf_administrativo_si_se_resuelve	2026-10-05T14:30:50.6016675-05:00	00:00:00.0169588
Passed	Sillar.Core.Tests.AdminClaimIsolationTests	Sillar.Core.Tests.AdminClaimIsolationTests.Claim_csrf_generico_anterior_no_es_claim_administrativo	2026-10-05T14:30:50.6493244-05:00	00:00:00.0113810
Passed	Sillar.Core.Tests.AdminClaimIsolationTests	Sillar.Core.Tests.AdminClaimIsolationTests.Claims_administrativos_tienen_namespace_propio	2026-10-05T14:30:50.8123163-05:00	00:00:00.0003105
Passed	Sillar.Core.Tests.AdminClaimIsolationTests	Sillar.Core.Tests.AdminClaimIsolationTests.CurrentAdmin_ignora_claims_de_cliente	2026-10-05T14:30:50.6692068-05:00	00:00:00.1092069
Passed	Sillar.Core.Tests.AdminClaimIsolationTests	Sillar.Core.Tests.AdminClaimIsolationTests.CurrentAdmin_ignora_session_id_generico_anterior	2026-10-05T14:30:50.9077645-05:00	00:00:00.0182982
Passed	Sillar.Core.Tests.AdminClaimIsolationTests	Sillar.Core.Tests.AdminClaimIsolationTests.CurrentAdmin_lee_session_id_administrativo	2026-10-05T14:30:50.8136231-05:00	00:00:00.0850288
Passed	Sillar.Core.Tests.ArranqueContraBaseVaciaTests	Sillar.Core.Tests.ArranqueContraBaseVaciaTests.El_modo_instalacion_monta_las_dos_rutas_de_setup_y_ninguna_mas	2026-10-05T14:31:08.9937305-05:00	00:00:00.3677866
Passed	Sillar.Core.Tests.ArranqueContraBaseVaciaTests	Sillar.Core.Tests.ArranqueContraBaseVaciaTests.GET_setup_status_contra_base_vacia_responde_200_y_no_un_500	2026-10-05T14:31:09.3662682-05:00	00:00:05.3749189
Passed	Sillar.Core.Tests.ArranqueContraBaseVaciaTests	Sillar.Core.Tests.ArranqueContraBaseVaciaTests.La_misma_base_cambia_de_estado_al_aplicarle_las_migraciones	2026-10-05T14:31:05.6821267-05:00	00:00:03.3019553
Passed	Sillar.Core.Tests.ArranqueContraBaseVaciaTests	Sillar.Core.Tests.ArranqueContraBaseVaciaTests.Sin_migraciones_el_estado_es_faltan_migraciones_y_no_una_excepcion	2026-10-05T14:30:51.0887637-05:00	00:00:14.5755017
Passed	Sillar.Core.Tests.ArranqueContraBaseVaciaTests	Sillar.Core.Tests.ArranqueContraBaseVaciaTests.Un_error_de_PostgreSQL_que_NO_es_42P01_no_se_traga	2026-10-05T14:31:14.7475801-05:00	00:00:04.7786734
Passed	Sillar.Core.Tests.AutenticacionSinAlmacenDeSesionesTests	Sillar.Core.Tests.AutenticacionSinAlmacenDeSesionesTests.Base_pristina_y_cookie_vieja_el_instalador_termina_y_la_cookie_nunca_autentica	2026-10-05T14:31:08.9935989-05:00	00:00:14.3739263
Passed	Sillar.Core.Tests.AutenticacionSinAlmacenDeSesionesTests	Sillar.Core.Tests.AutenticacionSinAlmacenDeSesionesTests.Con_cookie_vieja_y_sin_core_setup_status_responde_y_una_ruta_protegida_da_401	2026-10-05T14:31:06.0761772-05:00	00:00:02.9054464
Passed	Sillar.Core.Tests.AutenticacionSinAlmacenDeSesionesTests	Sillar.Core.Tests.AutenticacionSinAlmacenDeSesionesTests.Con_cookie_y_sin_tabla_de_sesiones_no_hay_resultado_y_no_hay_identidad	2026-10-05T14:31:03.2530271-05:00	00:00:02.5633946
Passed	Sillar.Core.Tests.AutenticacionSinAlmacenDeSesionesTests	Sillar.Core.Tests.AutenticacionSinAlmacenDeSesionesTests.Con_la_tabla_presente_y_una_sesion_valida_autentica_con_normalidad	2026-10-05T14:31:24.8949037-05:00	00:00:06.5764107
Passed	Sillar.Core.Tests.AutenticacionSinAlmacenDeSesionesTests	Sillar.Core.Tests.AutenticacionSinAlmacenDeSesionesTests.Cuando_aparecen_las_tablas_el_handler_vuelve_a_consultar_con_normalidad	2026-10-05T14:31:34.6251716-05:00	00:00:07.3090998
Passed	Sillar.Core.Tests.AutenticacionSinAlmacenDeSesionesTests	Sillar.Core.Tests.AutenticacionSinAlmacenDeSesionesTests.Sin_cookie_no_hay_resultado_como_siempre	2026-10-05T14:31:23.3685777-05:00	00:00:01.5241114
Passed	Sillar.Core.Tests.AutenticacionSinAlmacenDeSesionesTests	Sillar.Core.Tests.AutenticacionSinAlmacenDeSesionesTests.Un_42P01_de_otra_relacion_no_se_traga	2026-10-05T14:31:31.4741618-05:00	00:00:03.1486158
Passed	Sillar.Core.Tests.AutenticacionSinAlmacenDeSesionesTests	Sillar.Core.Tests.AutenticacionSinAlmacenDeSesionesTests.Un_UndefinedColumn_no_se_traga	2026-10-05T14:31:41.9395409-05:00	00:00:02.4119128
Passed	Sillar.Core.Tests.AutenticacionSinAlmacenDeSesionesTests	Sillar.Core.Tests.AutenticacionSinAlmacenDeSesionesTests.Una_base_inexistente_no_se_convierte_en_ausencia	2026-10-05T14:30:50.6210363-05:00	00:00:12.5644159
Passed	Sillar.Core.Tests.AutenticacionSinAlmacenDeSesionesTests	Sillar.Core.Tests.AutenticacionSinAlmacenDeSesionesTests.Una_conexion_caida_no_se_convierte_en_ausencia	2026-10-05T14:31:05.8366707-05:00	00:00:00.2081120
Passed	Sillar.Core.Tests.ContentSnifferTests	Sillar.Core.Tests.ContentSnifferTests.Otros_formatos_conocidos_se_rechazan(firma: "%PDF-1.7")	2026-10-05T14:30:52.1285911-05:00	00:00:00.0000646
Passed	Sillar.Core.Tests.ContentSnifferTests	Sillar.Core.Tests.ContentSnifferTests.Otros_formatos_conocidos_se_rechazan(firma: "GIF89a")	2026-10-05T14:30:52.0533958-05:00	00:00:00.0409504
Passed	Sillar.Core.Tests.ContentSnifferTests	Sillar.Core.Tests.ContentSnifferTests.Otros_formatos_conocidos_se_rechazan(firma: "PK\x03\x04")	2026-10-05T14:30:52.1275391-05:00	00:00:00.0000738
Passed	Sillar.Core.Tests.ContentSnifferTests	Sillar.Core.Tests.ContentSnifferTests.Otros_formatos_conocidos_se_rechazan(firma: "\x1f")	2026-10-05T14:30:52.1175000-05:00	00:00:00.0008508
Passed	Sillar.Core.Tests.ContentSnifferTests	Sillar.Core.Tests.ContentSnifferTests.Un_archivo_con_extension_png_pero_otro_contenido_se_rechaza	2026-10-05T14:30:52.1425246-05:00	00:00:00.0056264
Passed	Sillar.Core.Tests.ContentSnifferTests	Sillar.Core.Tests.ContentSnifferTests.Un_archivo_vacio_o_truncado_se_rechaza	2026-10-05T14:30:52.1492894-05:00	00:00:00.0004505
Passed	Sillar.Core.Tests.ContentSnifferTests	Sillar.Core.Tests.ContentSnifferTests.Un_jpeg_se_reconoce_por_su_firma	2026-10-05T14:30:52.2070940-05:00	00:00:00.0004743
Passed	Sillar.Core.Tests.ContentSnifferTests	Sillar.Core.Tests.ContentSnifferTests.Un_png_se_reconoce_por_su_firma	2026-10-05T14:30:52.2190757-05:00	00:00:00.0004332
Passed	Sillar.Core.Tests.ContentSnifferTests	Sillar.Core.Tests.ContentSnifferTests.Un_riff_que_no_es_webp_se_rechaza	2026-10-05T14:30:52.2114097-05:00	00:00:00.0043881
Passed	Sillar.Core.Tests.ContentSnifferTests	Sillar.Core.Tests.ContentSnifferTests.Un_svg_sin_declaracion_xml_tambien_se_rechaza	2026-10-05T14:30:52.1344021-05:00	00:00:00.0003461
Passed	Sillar.Core.Tests.ContentSnifferTests	Sillar.Core.Tests.ContentSnifferTests.Un_svg_valido_se_rechaza	2026-10-05T14:30:52.2172049-05:00	00:00:00.0004166
Passed	Sillar.Core.Tests.ContentSnifferTests	Sillar.Core.Tests.ContentSnifferTests.Un_webp_se_reconoce_en_sus_tres_variantes(variante: "VP8 ")	2026-10-05T14:30:52.1565229-05:00	00:00:00.0296578
Passed	Sillar.Core.Tests.ContentSnifferTests	Sillar.Core.Tests.ContentSnifferTests.Un_webp_se_reconoce_en_sus_tres_variantes(variante: "VP8L")	2026-10-05T14:30:52.1984456-05:00	00:00:00.0000859
Passed	Sillar.Core.Tests.ContentSnifferTests	Sillar.Core.Tests.ContentSnifferTests.Un_webp_se_reconoce_en_sus_tres_variantes(variante: "VP8X")	2026-10-05T14:30:52.1969211-05:00	00:00:00.0004774
Passed	Sillar.Core.Tests.CsrfTokenFactoryTests	Sillar.Core.Tests.CsrfTokenFactoryTests.Dos_instalaciones_distintas_dan_tokens_distintos_para_la_misma_sesion	2026-10-05T14:30:50.5071641-05:00	00:00:00.0007788
Passed	Sillar.Core.Tests.CsrfTokenFactoryTests	Sillar.Core.Tests.CsrfTokenFactoryTests.Dos_sesiones_distintas_dan_tokens_distintos	2026-10-05T14:30:50.4251279-05:00	00:00:00.0392703
Passed	Sillar.Core.Tests.CsrfTokenFactoryTests	Sillar.Core.Tests.CsrfTokenFactoryTests.El_hash_que_se_guarda_no_contiene_el_token	2026-10-05T14:30:50.2866997-05:00	00:00:00.0157747
Passed	Sillar.Core.Tests.CsrfTokenFactoryTests	Sillar.Core.Tests.CsrfTokenFactoryTests.El_token_no_revela_la_sesion_ni_la_clave_de_instalacion	2026-10-05T14:30:49.5894418-05:00	00:00:00.3679943
Passed	Sillar.Core.Tests.CsrfTokenFactoryTests	Sillar.Core.Tests.CsrfTokenFactoryTests.El_token_viaja_en_una_cabecera_sin_escapar_nada	2026-10-05T14:30:50.3512691-05:00	00:00:00.0724767
Passed	Sillar.Core.Tests.CsrfTokenFactoryTests	Sillar.Core.Tests.CsrfTokenFactoryTests.La_etiqueta_de_derivacion_esta_versionada	2026-10-05T14:30:50.2760083-05:00	00:00:00.0002686
Passed	Sillar.Core.Tests.CsrfTokenFactoryTests	Sillar.Core.Tests.CsrfTokenFactoryTests.La_misma_sesion_da_siempre_el_mismo_token	2026-10-05T14:30:50.4738488-05:00	00:00:00.0063906
Passed	Sillar.Core.Tests.CsrfTokenFactoryTests	Sillar.Core.Tests.CsrfTokenFactoryTests.Reiniciar_el_proceso_no_cambia_el_token_de_una_sesion_viva	2026-10-05T14:30:50.2170447-05:00	00:00:00.0393936
Passed	Sillar.Core.Tests.CsrfTokenFactoryTests	Sillar.Core.Tests.CsrfTokenFactoryTests.Una_clave_de_instalacion_que_solo_difiere_en_un_bit_da_otro_token	2026-10-05T14:30:50.5194455-05:00	00:00:00.0008286
Passed	Sillar.Core.Tests.CsrfTokenFactoryTests	Sillar.Core.Tests.CsrfTokenFactoryTests.Una_clave_de_instalacion_vacia_se_rechaza	2026-10-05T14:30:50.3035228-05:00	00:00:00.0335808
Passed	Sillar.Core.Tests.EmailTestStatusContractTests	Sillar.Core.Tests.EmailTestStatusContractTests.Estado_smtp_no_expone_secretos	2026-10-05T14:30:50.6071400-05:00	00:00:00.1042291
Passed	Sillar.Core.Tests.EmailTestStatusContractTests	Sillar.Core.Tests.EmailTestStatusContractTests.Estado_smtp_representa_nunca_probado_sin_inventar_fecha	2026-10-05T14:30:50.7123757-05:00	00:00:00.0089927
Passed	Sillar.Core.Tests.HostRestarterTests	Sillar.Core.Tests.HostRestarterTests.Con_la_bandera_en_false_el_host_no_se_detiene	2026-10-05T14:30:50.7793643-05:00	00:00:00.1014512
Passed	Sillar.Core.Tests.HostRestarterTests	Sillar.Core.Tests.HostRestarterTests.Con_la_bandera_en_true_la_parada_se_programa_para_despues_de_la_respuesta	2026-10-05T14:30:50.9165403-05:00	00:00:00.0119323
Passed	Sillar.Core.Tests.HostRestarterTests	Sillar.Core.Tests.HostRestarterTests.La_parada_incondicional_tampoco_ocurre_antes_de_la_respuesta	2026-10-05T14:30:50.7246197-05:00	00:00:00.0413848
Passed	Sillar.Core.Tests.HostRestarterTests	Sillar.Core.Tests.HostRestarterTests.Sin_configuracion_el_host_no_se_detiene	2026-10-05T14:30:50.9029239-05:00	00:00:00.0123322
Passed	Sillar.Core.Tests.ImageDimensionsTests	Sillar.Core.Tests.ImageDimensionsTests.En_jpeg_el_alto_va_antes_que_el_ancho	2026-10-05T14:30:51.3748037-05:00	00:00:00.0038385
Passed	Sillar.Core.Tests.ImageDimensionsTests	Sillar.Core.Tests.ImageDimensionsTests.En_jpeg_se_saltan_los_marcadores_previos	2026-10-05T14:30:51.2959442-05:00	00:00:00.0352139
Passed	Sillar.Core.Tests.ImageDimensionsTests	Sillar.Core.Tests.ImageDimensionsTests.Las_dimensiones_de_un_jpeg_se_leen_del_inicio_de_fotograma(ancho: 1920, alto: 1080)	2026-10-05T14:30:51.3326164-05:00	00:00:00.0067296
Passed	Sillar.Core.Tests.ImageDimensionsTests	Sillar.Core.Tests.ImageDimensionsTests.Las_dimensiones_de_un_jpeg_se_leen_del_inicio_de_fotograma(ancho: 800, alto: 600)	2026-10-05T14:30:51.3402817-05:00	00:00:00.0099166
Passed	Sillar.Core.Tests.ImageDimensionsTests	Sillar.Core.Tests.ImageDimensionsTests.Las_dimensiones_de_un_png_se_leen_del_IHDR(ancho: 1, alto: 1)	2026-10-05T14:30:51.2815846-05:00	00:00:00.0067330
Passed	Sillar.Core.Tests.ImageDimensionsTests	Sillar.Core.Tests.ImageDimensionsTests.Las_dimensiones_de_un_png_se_leen_del_IHDR(ancho: 4096, alto: 2160)	2026-10-05T14:30:51.2891856-05:00	00:00:00.0000722
Passed	Sillar.Core.Tests.ImageDimensionsTests	Sillar.Core.Tests.ImageDimensionsTests.Las_dimensiones_de_un_png_se_leen_del_IHDR(ancho: 800, alto: 600)	2026-10-05T14:30:51.2667450-05:00	00:00:00.0139213
Passed	Sillar.Core.Tests.ImageDimensionsTests	Sillar.Core.Tests.ImageDimensionsTests.Las_dimensiones_de_un_webp_se_leen_en_sus_tres_variantes(variante: "VP8 ", ancho: 640, alto: 480)	2026-10-05T14:30:51.2182012-05:00	00:00:00.0001078
Passed	Sillar.Core.Tests.ImageDimensionsTests	Sillar.Core.Tests.ImageDimensionsTests.Las_dimensiones_de_un_webp_se_leen_en_sus_tres_variantes(variante: "VP8L", ancho: 1, alto: 1)	2026-10-05T14:30:50.9358469-05:00	00:00:00.2524198
Passed	Sillar.Core.Tests.ImageDimensionsTests	Sillar.Core.Tests.ImageDimensionsTests.Las_dimensiones_de_un_webp_se_leen_en_sus_tres_variantes(variante: "VP8L", ancho: 640, alto: 480)	2026-10-05T14:30:51.2104962-05:00	00:00:00.0000809
Passed	Sillar.Core.Tests.ImageDimensionsTests	Sillar.Core.Tests.ImageDimensionsTests.Las_dimensiones_de_un_webp_se_leen_en_sus_tres_variantes(variante: "VP8X", ancho: 16383, alto: 16383)	2026-10-05T14:30:51.1976037-05:00	00:00:00.0117904
Passed	Sillar.Core.Tests.ImageDimensionsTests	Sillar.Core.Tests.ImageDimensionsTests.Las_dimensiones_de_un_webp_se_leen_en_sus_tres_variantes(variante: "VP8X", ancho: 640, alto: 480)	2026-10-05T14:30:51.2171802-05:00	00:00:00.0000956
Passed	Sillar.Core.Tests.ImageDimensionsTests	Sillar.Core.Tests.ImageDimensionsTests.Un_jpeg_sin_inicio_de_fotograma_devuelve_nulo_y_no_se_queda_dando_vueltas	2026-10-05T14:30:51.3939136-05:00	00:00:00.0051282
Passed	Sillar.Core.Tests.ImageDimensionsTests	Sillar.Core.Tests.ImageDimensionsTests.Un_webp_de_variante_desconocida_devuelve_nulo	2026-10-05T14:30:51.3842695-05:00	00:00:00.0004486
Passed	Sillar.Core.Tests.ImageDimensionsTests	Sillar.Core.Tests.ImageDimensionsTests.Una_cabecera_truncada_devuelve_nulo_sin_reventar	2026-10-05T14:30:51.3516303-05:00	00:00:00.0121973
Passed	Sillar.Core.Tests.InstalacionDeModulosTests	Sillar.Core.Tests.InstalacionDeModulosTests.Base_pristina_la_instalacion_deja_todos_los_schemas_desplegados_y_termina_operativa	2026-10-05T14:31:45.5026408-05:00	00:00:03.6680717
Passed	Sillar.Core.Tests.InstalacionDeModulosTests	Sillar.Core.Tests.InstalacionDeModulosTests.CORE_se_instala_el_primero_y_no_por_casualidad	2026-10-05T14:31:30.8593484-05:00	00:00:00.0031143
Passed	Sillar.Core.Tests.InstalacionDeModulosTests	Sillar.Core.Tests.InstalacionDeModulosTests.Clasificar_con_algo_ajeno_no_es_seguro	2026-10-05T14:31:45.5012476-05:00	00:00:00.0005888
Passed	Sillar.Core.Tests.InstalacionDeModulosTests	Sillar.Core.Tests.InstalacionDeModulosTests.Clasificar_con_solo_lo_nuestro_es_reanudable	2026-10-05T14:31:14.7825321-05:00	00:00:00.0126519
Passed	Sillar.Core.Tests.InstalacionDeModulosTests	Sillar.Core.Tests.InstalacionDeModulosTests.Clasificar_sin_nada_es_pristina	2026-10-05T14:31:30.8573175-05:00	00:00:00.0009284
Passed	Sillar.Core.Tests.InstalacionDeModulosTests	Sillar.Core.Tests.InstalacionDeModulosTests.El_503_nombra_base_servidor_puerto_y_la_evidencia_y_manda_comprobar_la_conexion	2026-10-05T14:31:43.3314724-05:00	00:00:01.1879829
Passed	Sillar.Core.Tests.InstalacionDeModulosTests	Sillar.Core.Tests.InstalacionDeModulosTests.El_orden_es_el_mismo_llegue_como_llegue_el_catalogo_de_modulos	2026-10-05T14:31:25.0178925-05:00	00:00:00.0039184
Passed	Sillar.Core.Tests.InstalacionDeModulosTests	Sillar.Core.Tests.InstalacionDeModulosTests.Las_extensiones_en_public_no_convierten_la_base_en_ajena	2026-10-05T14:31:44.5212635-05:00	00:00:00.5104805
Passed	Sillar.Core.Tests.InstalacionDeModulosTests	Sillar.Core.Tests.InstalacionDeModulosTests.POST_setup_sobre_base_pristina_responde_201	2026-10-05T14:31:14.8017671-05:00	00:00:05.2439728
Passed	Sillar.Core.Tests.InstalacionDeModulosTests	Sillar.Core.Tests.InstalacionDeModulosTests.Repetir_la_instalacion_no_reaplica_nada_y_sigue_operativa	2026-10-05T14:31:30.8637093-05:00	00:00:08.8017302
Passed	Sillar.Core.Tests.InstalacionDeModulosTests	Sillar.Core.Tests.InstalacionDeModulosTests.Un_historial_con_migraciones_que_este_binario_no_conoce_no_se_toca	2026-10-05T14:31:20.0505518-05:00	00:00:03.2871655
Passed	Sillar.Core.Tests.InstalacionDeModulosTests	Sillar.Core.Tests.InstalacionDeModulosTests.Un_schema_ajeno_hace_que_se_niegue_antes_de_migrar_nada	2026-10-05T14:31:25.0228034-05:00	00:00:05.8323370
Passed	Sillar.Core.Tests.InstalacionDeModulosTests	Sillar.Core.Tests.InstalacionDeModulosTests.Un_schema_con_nuestro_nombre_pero_sin_nuestro_historial_no_se_toca	2026-10-05T14:31:45.0323213-05:00	00:00:00.4682976
Passed	Sillar.Core.Tests.InstalacionDeModulosTests	Sillar.Core.Tests.InstalacionDeModulosTests.Un_schema_de_SILLAR_cuya_primera_migracion_fallo_sigue_siendo_reanudable	2026-10-05T14:31:39.6671860-05:00	00:00:03.6619395
Passed	Sillar.Core.Tests.InstalacionDeModulosTests	Sillar.Core.Tests.InstalacionDeModulosTests.Una_instalacion_a_medias_se_reanuda_y_se_completa	2026-10-05T14:30:50.5484818-05:00	00:00:24.2263078
Passed	Sillar.Core.Tests.InstalacionDeModulosTests	Sillar.Core.Tests.InstalacionDeModulosTests.Una_tabla_ajena_en_public_hace_que_se_niegue	2026-10-05T14:31:23.3390408-05:00	00:00:01.6779840
Passed	Sillar.Core.Tests.LockoutPolicyTests	Sillar.Core.Tests.LockoutPolicyTests.El_bloqueo_termina_solo_al_pasar_el_plazo	2026-10-05T14:30:52.2246234-05:00	00:00:00.0010452
Passed	Sillar.Core.Tests.LockoutPolicyTests	Sillar.Core.Tests.LockoutPolicyTests.El_quinto_fallo_bloquea_quince_minutos	2026-10-05T14:30:52.2352198-05:00	00:00:00.0028766
Passed	Sillar.Core.Tests.LockoutPolicyTests	Sillar.Core.Tests.LockoutPolicyTests.Los_fallos_siguientes_reinician_los_quince_minutos	2026-10-05T14:30:52.3348946-05:00	00:00:00.0005511
Passed	Sillar.Core.Tests.LockoutPolicyTests	Sillar.Core.Tests.LockoutPolicyTests.Menos_de_cinco_fallos_no_bloquean(fallos: 1)	2026-10-05T14:30:52.2730410-05:00	00:00:00.0006489
Passed	Sillar.Core.Tests.LockoutPolicyTests	Sillar.Core.Tests.LockoutPolicyTests.Menos_de_cinco_fallos_no_bloquean(fallos: 4)	2026-10-05T14:30:52.2576979-05:00	00:00:00.0004433
Passed	Sillar.Core.Tests.LockoutPolicyTests	Sillar.Core.Tests.LockoutPolicyTests.Una_cuenta_sin_bloqueo_no_esta_bloqueada	2026-10-05T14:30:52.2218281-05:00	00:00:00.0017304
Passed	Sillar.Core.Tests.LoginEvaluatorTests	Sillar.Core.Tests.LoginEvaluatorTests.Con_la_contrasena_correcta_y_la_cuenta_bloqueada_devuelve_423	2026-10-05T14:30:49.5893482-05:00	00:00:00.4461180
Passed	Sillar.Core.Tests.LoginEvaluatorTests	Sillar.Core.Tests.LoginEvaluatorTests.Con_la_contrasena_incorrecta_y_la_cuenta_bloqueada_devuelve_401_y_no_423	2026-10-05T14:30:50.4254534-05:00	00:00:00.0128837
Passed	Sillar.Core.Tests.LoginEvaluatorTests	Sillar.Core.Tests.LoginEvaluatorTests.Con_todo_en_orden_concede_el_acceso	2026-10-05T14:30:50.3750155-05:00	00:00:00.0008618
Passed	Sillar.Core.Tests.LoginEvaluatorTests	Sillar.Core.Tests.LoginEvaluatorTests.El_senuelo_no_se_calcula_cuando_la_cuenta_existe	2026-10-05T14:30:50.3953707-05:00	00:00:00.0089244
Passed	Sillar.Core.Tests.LoginEvaluatorTests	Sillar.Core.Tests.LoginEvaluatorTests.Un_bloqueo_ya_vencido_no_impide_entrar	2026-10-05T14:30:50.3523727-05:00	00:00:00.0217231
Passed	Sillar.Core.Tests.LoginEvaluatorTests	Sillar.Core.Tests.LoginEvaluatorTests.Un_correo_que_no_existe_devuelve_401_y_gasta_el_tiempo_del_senuelo	2026-10-05T14:30:50.2275100-05:00	00:00:00.1236612
Passed	Sillar.Core.Tests.LoginEvaluatorTests	Sillar.Core.Tests.LoginEvaluatorTests.Una_contrasena_incorrecta_devuelve_401	2026-10-05T14:30:50.4177237-05:00	00:00:00.0066538
Passed	Sillar.Core.Tests.LoginEvaluatorTests	Sillar.Core.Tests.LoginEvaluatorTests.Una_cuenta_desactivada_devuelve_401_generico	2026-10-05T14:30:50.4396862-05:00	00:00:00.0185155
Passed	Sillar.Core.Tests.LoginEvaluatorTests	Sillar.Core.Tests.LoginEvaluatorTests.Una_cuenta_desactivada_y_bloqueada_devuelve_423_porque_el_bloqueo_se_mira_antes	2026-10-05T14:30:50.4056713-05:00	00:00:00.0107478
Passed	Sillar.Core.Tests.ModuleRegistryTests	Sillar.Core.Tests.ModuleRegistryTests.IsActive_devuelve_false_si_el_modulo_no_esta_en_la_foto_activa	2026-10-05T14:30:51.5523213-05:00	00:00:00.0503475
Passed	Sillar.Core.Tests.ModuleRegistryTests	Sillar.Core.Tests.ModuleRegistryTests.IsActive_devuelve_true_si_el_modulo_esta_en_la_foto_activa	2026-10-05T14:30:51.6182850-05:00	00:00:00.0193588
Passed	Sillar.Core.Tests.ModuleSynchronizerReadActivePostgresTests	Sillar.Core.Tests.ModuleSynchronizerReadActivePostgresTests.ReadActiveAsync_devuelve_exactamente_el_modulo_activo_de_PostgreSQL	2026-10-05T14:30:49.5890385-05:00	00:00:23.2472932
Passed	Sillar.Core.Tests.NodoYAutoriaTests	Sillar.Core.Tests.NodoYAutoriaTests.Al_subir_la_fotografia_lleva_el_nodo_de_la_cuenta_y_no_el_de_la_instalacion	2026-10-05T14:31:25.1152370-05:00	00:00:08.4932590
Passed	Sillar.Core.Tests.NodoYAutoriaTests	Sillar.Core.Tests.NodoYAutoriaTests.El_nodo_viaja_en_la_conexion_solo_si_esta_configurado	2026-10-05T14:31:25.1118443-05:00	00:00:00.0023673
Passed	Sillar.Core.Tests.NodoYAutoriaTests	Sillar.Core.Tests.NodoYAutoriaTests.En_una_instalacion_limpia_la_migracion_no_necesita_nodo_y_deja_el_esquema_nuevo	2026-10-05T14:31:39.2703070-05:00	00:00:04.0587621
Passed	Sillar.Core.Tests.NodoYAutoriaTests	Sillar.Core.Tests.NodoYAutoriaTests.ICurrentAdmin_da_lo_de_siempre_y_ademas_el_nombre_visible_y_el_nodo_de_la_cuenta	2026-10-05T14:31:09.0041223-05:00	00:00:08.5143525
Passed	Sillar.Core.Tests.NodoYAutoriaTests	Sillar.Core.Tests.NodoYAutoriaTests.La_fotografia_del_autor_no_se_modifica_una_vez_escrita	2026-10-05T14:31:17.5268253-05:00	00:00:05.0618839
Passed	Sillar.Core.Tests.NodoYAutoriaTests	Sillar.Core.Tests.NodoYAutoriaTests.Media_fotografia_del_autor_no_se_admite	2026-10-05T14:31:06.1815652-05:00	00:00:02.8096492
Passed	Sillar.Core.Tests.NodoYAutoriaTests	Sillar.Core.Tests.NodoYAutoriaTests.Sin_nodo_configurado_y_con_cuentas_la_migracion_aborta_sin_cambiar_nada	2026-10-05T14:31:33.6098667-05:00	00:00:05.6579497
Passed	Sillar.Core.Tests.NodoYAutoriaTests	Sillar.Core.Tests.NodoYAutoriaTests.Sin_sesion_ICurrentAdmin_no_lanza_y_lo_nuevo_tambien_es_nulo	2026-10-05T14:31:08.9927907-05:00	00:00:00.0064445
Passed	Sillar.Core.Tests.NodoYAutoriaTests	Sillar.Core.Tests.NodoYAutoriaTests.Sobre_datos_preexistentes_rellena_el_nodo_de_las_cuentas_y_fotografia_al_autor_valido	2026-10-05T14:31:22.6025535-05:00	00:00:02.5086407
Passed	Sillar.Core.Tests.NodoYAutoriaTests	Sillar.Core.Tests.NodoYAutoriaTests.Un_autor_que_no_existe_es_corrupcion_la_migracion_aborta_dice_cuantas_y_como_localizarlas	2026-10-05T14:30:49.5891841-05:00	00:00:16.5156348
Passed	Sillar.Core.Tests.PasswordPolicyTests	Sillar.Core.Tests.PasswordPolicyTests.Doce_caracteres_se_aceptan	2026-10-05T14:30:51.9187214-05:00	00:00:00.0057752
Passed	Sillar.Core.Tests.PasswordPolicyTests	Sillar.Core.Tests.PasswordPolicyTests.El_apellido_si_se_comprueba_aunque_el_nombre_sea_corto	2026-10-05T14:30:51.6644040-05:00	00:00:00.1277904
Passed	Sillar.Core.Tests.PasswordPolicyTests	Sillar.Core.Tests.PasswordPolicyTests.El_motivo_del_rechazo_esta_en_espanol	2026-10-05T14:30:52.0025793-05:00	00:00:00.0201266
Passed	Sillar.Core.Tests.PasswordPolicyTests	Sillar.Core.Tests.PasswordPolicyTests.La_comparacion_con_la_identidad_ignora_mayusculas	2026-10-05T14:30:51.8875818-05:00	00:00:00.0094171
Passed	Sillar.Core.Tests.PasswordPolicyTests	Sillar.Core.Tests.PasswordPolicyTests.Las_contrasenas_comunes_se_rechazan(contrasena: "123456789012")	2026-10-05T14:30:51.8777291-05:00	00:00:00.0000783
Passed	Sillar.Core.Tests.PasswordPolicyTests	Sillar.Core.Tests.PasswordPolicyTests.Las_contrasenas_comunes_se_rechazan(contrasena: "CONTRASEÑA12")	2026-10-05T14:30:51.8655981-05:00	00:00:00.0007037
Passed	Sillar.Core.Tests.PasswordPolicyTests	Sillar.Core.Tests.PasswordPolicyTests.Las_contrasenas_comunes_se_rechazan(contrasena: "administrador")	2026-10-05T14:30:51.8765627-05:00	00:00:00.0000915
Passed	Sillar.Core.Tests.PasswordPolicyTests	Sillar.Core.Tests.PasswordPolicyTests.Las_contrasenas_comunes_se_rechazan(contrasena: "contrasena12")	2026-10-05T14:30:51.8547433-05:00	00:00:00.0004225
Passed	Sillar.Core.Tests.PasswordPolicyTests	Sillar.Core.Tests.PasswordPolicyTests.Las_palabras_cortas_del_nombre_no_invalidan_media_lengua	2026-10-05T14:30:51.9869144-05:00	00:00:00.0004721
Passed	Sillar.Core.Tests.PasswordPolicyTests	Sillar.Core.Tests.PasswordPolicyTests.Mas_de_setenta_y_dos_caracteres_se_rechaza	2026-10-05T14:30:51.9530847-05:00	00:00:00.0101677
Passed	Sillar.Core.Tests.PasswordPolicyTests	Sillar.Core.Tests.PasswordPolicyTests.No_se_exigen_mayusculas_ni_digitos_ni_simbolos	2026-10-05T14:30:51.9648544-05:00	00:00:00.0003933
Passed	Sillar.Core.Tests.PasswordPolicyTests	Sillar.Core.Tests.PasswordPolicyTests.Once_caracteres_se_rechazan	2026-10-05T14:30:51.8184364-05:00	00:00:00.0004144
Passed	Sillar.Core.Tests.PasswordPolicyTests	Sillar.Core.Tests.PasswordPolicyTests.Una_contrasena_que_contiene_el_correo_se_rechaza	2026-10-05T14:30:51.9401652-05:00	00:00:00.0004858
Passed	Sillar.Core.Tests.PasswordPolicyTests	Sillar.Core.Tests.PasswordPolicyTests.Una_contrasena_que_contiene_el_nombre_se_rechaza	2026-10-05T14:30:51.8985467-05:00	00:00:00.0187428
Passed	Sillar.Core.Tests.PasswordPolicyTests	Sillar.Core.Tests.PasswordPolicyTests.Una_contrasena_que_contiene_la_parte_previa_a_la_arroba_se_rechaza	2026-10-05T14:30:51.8069933-05:00	00:00:00.0099866
Passed	Sillar.Core.Tests.PasswordPolicyTests	Sillar.Core.Tests.PasswordPolicyTests.Una_contrasena_vacia_se_rechaza	2026-10-05T14:30:51.9739201-05:00	00:00:00.0004494
Passed	Sillar.Core.Tests.RoleHierarchyTests	Sillar.Core.Tests.RoleHierarchyTests.Un_rol_desconocido_no_satisface_nada(rol: "")	2026-10-05T14:30:50.2038084-05:00	00:00:00.0125910
Passed	Sillar.Core.Tests.RoleHierarchyTests	Sillar.Core.Tests.RoleHierarchyTests.Un_rol_desconocido_no_satisface_nada(rol: "Admin")	2026-10-05T14:30:50.2302856-05:00	00:00:00.0000634
Passed	Sillar.Core.Tests.RoleHierarchyTests	Sillar.Core.Tests.RoleHierarchyTests.Un_rol_desconocido_no_satisface_nada(rol: "jefe")	2026-10-05T14:30:50.2172293-05:00	00:00:00.0000541
Passed	Sillar.Core.Tests.RoleHierarchyTests	Sillar.Core.Tests.RoleHierarchyTests.Un_rol_desconocido_no_satisface_nada(rol: null)	2026-10-05T14:30:49.5971704-05:00	00:00:00.3646299
Passed	Sillar.Core.Tests.RoleHierarchyTests	Sillar.Core.Tests.RoleHierarchyTests.Un_rol_no_alcanza_lo_que_esta_por_encima(rol: "admin", exigido: "super_admin")	2026-10-05T14:30:50.2549157-05:00	00:00:00.0006447
Passed	Sillar.Core.Tests.RoleHierarchyTests	Sillar.Core.Tests.RoleHierarchyTests.Un_rol_no_alcanza_lo_que_esta_por_encima(rol: "editor", exigido: "admin")	2026-10-05T14:30:50.2607072-05:00	00:00:00.0000596
Passed	Sillar.Core.Tests.RoleHierarchyTests	Sillar.Core.Tests.RoleHierarchyTests.Un_rol_no_alcanza_lo_que_esta_por_encima(rol: "editor", exigido: "super_admin")	2026-10-05T14:30:50.2319017-05:00	00:00:00.0195246
Passed	Sillar.Core.Tests.RoleHierarchyTests	Sillar.Core.Tests.RoleHierarchyTests.Un_rol_satisface_lo_que_se_le_exige_por_debajo(rol: "admin", exigido: "admin")	2026-10-05T14:30:50.2702433-05:00	00:00:00.0382530
Passed	Sillar.Core.Tests.RoleHierarchyTests	Sillar.Core.Tests.RoleHierarchyTests.Un_rol_satisface_lo_que_se_le_exige_por_debajo(rol: "admin", exigido: "editor")	2026-10-05T14:30:50.3383063-05:00	00:00:00.0000887
Passed	Sillar.Core.Tests.RoleHierarchyTests	Sillar.Core.Tests.RoleHierarchyTests.Un_rol_satisface_lo_que_se_le_exige_por_debajo(rol: "editor", exigido: "editor")	2026-10-05T14:30:50.3261778-05:00	00:00:00.0000627
Passed	Sillar.Core.Tests.RoleHierarchyTests	Sillar.Core.Tests.RoleHierarchyTests.Un_rol_satisface_lo_que_se_le_exige_por_debajo(rol: "super_admin", exigido: "admin")	2026-10-05T14:30:50.3270960-05:00	00:00:00.0000604
Passed	Sillar.Core.Tests.RoleHierarchyTests	Sillar.Core.Tests.RoleHierarchyTests.Un_rol_satisface_lo_que_se_le_exige_por_debajo(rol: "super_admin", exigido: "editor")	2026-10-05T14:30:50.3393812-05:00	00:00:00.0000626
Passed	Sillar.Core.Tests.RoleHierarchyTests	Sillar.Core.Tests.RoleHierarchyTests.Un_rol_satisface_lo_que_se_le_exige_por_debajo(rol: "super_admin", exigido: "super_admin")	2026-10-05T14:30:50.3094407-05:00	00:00:00.0036473
Passed	Sillar.Core.Tests.SessionPolicyTests	Sillar.Core.Tests.SessionPolicyTests.Cerca_del_septimo_dia_manda_el_tope_absoluto	2026-10-05T14:30:50.2623895-05:00	00:00:00.0014484
Passed	Sillar.Core.Tests.SessionPolicyTests	Sillar.Core.Tests.SessionPolicyTests.Dentro_del_minuto_siguiente_no_se_reescribe_last_seen_at	2026-10-05T14:30:50.3456566-05:00	00:00:00.0006997
Passed	Sillar.Core.Tests.SessionPolicyTests	Sillar.Core.Tests.SessionPolicyTests.La_caducidad_es_la_inactividad_mientras_no_choque_con_el_tope	2026-10-05T14:30:50.2853116-05:00	00:00:00.0004126
Passed	Sillar.Core.Tests.SessionPolicyTests	Sillar.Core.Tests.SessionPolicyTests.Ocho_horas_sin_actividad_caducan_la_sesion	2026-10-05T14:30:50.2982144-05:00	00:00:00.0318030
Passed	Sillar.Core.Tests.SessionPolicyTests	Sillar.Core.Tests.SessionPolicyTests.Pasado_el_minuto_se_reescribe_last_seen_at	2026-10-05T14:30:50.3706357-05:00	00:00:00.0064836
Passed	Sillar.Core.Tests.SessionPolicyTests	Sillar.Core.Tests.SessionPolicyTests.Siete_dias_desde_la_emision_caducan_la_sesion_aunque_se_acabe_de_usar	2026-10-05T14:30:50.2390682-05:00	00:00:00.0016830
Passed	Sillar.Core.Tests.SessionPolicyTests	Sillar.Core.Tests.SessionPolicyTests.Una_sesion_recien_usada_sirve	2026-10-05T14:30:50.3310211-05:00	00:00:00.0004276
Passed	Sillar.Core.Tests.SessionPolicyTests	Sillar.Core.Tests.SessionPolicyTests.Una_sesion_revocada_no_sirve_aunque_este_en_plazo	2026-10-05T14:30:49.5894196-05:00	00:00:00.3843610
Passed	Sillar.Core.Tests.SessionTokenTests	Sillar.Core.Tests.SessionTokenTests.Dos_tokens_seguidos_no_se_parecen	2026-10-05T14:30:51.5268053-05:00	00:00:00.0003583
Passed	Sillar.Core.Tests.SessionTokenTests	Sillar.Core.Tests.SessionTokenTests.El_hash_cabe_en_la_columna	2026-10-05T14:30:51.5020947-05:00	00:00:00.0003710
Passed	Sillar.Core.Tests.SessionTokenTests	Sillar.Core.Tests.SessionTokenTests.El_hash_no_contiene_el_token	2026-10-05T14:30:51.4373145-05:00	00:00:00.0108308
Passed	Sillar.Core.Tests.SessionTokenTests	Sillar.Core.Tests.SessionTokenTests.El_token_de_otra_sesion_no_coincide	2026-10-05T14:30:51.5140493-05:00	00:00:00.0003795
Passed	Sillar.Core.Tests.SessionTokenTests	Sillar.Core.Tests.SessionTokenTests.El_token_de_sesion_lleva_256_bits	2026-10-05T14:30:51.4495025-05:00	00:00:00.0003678
Passed	Sillar.Core.Tests.SessionTokenTests	Sillar.Core.Tests.SessionTokenTests.El_token_viaja_en_una_cookie_y_una_cabecera_sin_escapar_nada	2026-10-05T14:30:51.5404699-05:00	00:00:00.0006240
Passed	Sillar.Core.Tests.SessionTokenTests	Sillar.Core.Tests.SessionTokenTests.Sin_token_o_sin_hash_no_hay_coincidencia(token: "", hash: "algo")	2026-10-05T14:30:51.4886332-05:00	00:00:00.0000671
Passed	Sillar.Core.Tests.SessionTokenTests	Sillar.Core.Tests.SessionTokenTests.Sin_token_o_sin_hash_no_hay_coincidencia(token: "algo", hash: "")	2026-10-05T14:30:51.4876878-05:00	00:00:00.0000662
Passed	Sillar.Core.Tests.SessionTokenTests	Sillar.Core.Tests.SessionTokenTests.Sin_token_o_sin_hash_no_hay_coincidencia(token: "algo", hash: null)	2026-10-05T14:30:51.4751019-05:00	00:00:00.0005654
Passed	Sillar.Core.Tests.SessionTokenTests	Sillar.Core.Tests.SessionTokenTests.Sin_token_o_sin_hash_no_hay_coincidencia(token: null, hash: "algo")	2026-10-05T14:30:51.4626842-05:00	00:00:00.0113827
Passed	Sillar.Core.Tests.SessionTokenTests	Sillar.Core.Tests.SessionTokenTests.Un_token_coincide_con_su_propio_hash	2026-10-05T14:30:51.4075511-05:00	00:00:00.0151877
Passed	Sillar.Core.Tests.SettingValueValidatorTests	Sillar.Core.Tests.SettingValueValidatorTests.El_motivo_del_rechazo_dice_que_se_esperaba	2026-10-05T14:30:50.8351700-05:00	00:00:00.2452015
Passed	Sillar.Core.Tests.SettingValueValidatorTests	Sillar.Core.Tests.SettingValueValidatorTests.El_numero_se_interpreta_con_punto_decimal_no_con_coma	2026-10-05T14:30:50.6280173-05:00	00:00:00.0003458
Passed	Sillar.Core.Tests.SettingValueValidatorTests	Sillar.Core.Tests.SettingValueValidatorTests.Los_booleanos_reconocibles_se_interpretan(valor: "0", esperado: False)	2026-10-05T14:30:50.7815617-05:00	00:00:00.0000671
Passed	Sillar.Core.Tests.SettingValueValidatorTests	Sillar.Core.Tests.SettingValueValidatorTests.Los_booleanos_reconocibles_se_interpretan(valor: "1", esperado: True)	2026-10-05T14:30:50.7578665-05:00	00:00:00.0092200
Passed	Sillar.Core.Tests.SettingValueValidatorTests	Sillar.Core.Tests.SettingValueValidatorTests.Los_booleanos_reconocibles_se_interpretan(valor: "SÍ", esperado: True)	2026-10-05T14:30:50.7680632-05:00	00:00:00.0004452
Passed	Sillar.Core.Tests.SettingValueValidatorTests	Sillar.Core.Tests.SettingValueValidatorTests.Los_booleanos_reconocibles_se_interpretan(valor: "false", esperado: False)	2026-10-05T14:30:50.6552951-05:00	00:00:00.0734240
Passed	Sillar.Core.Tests.SettingValueValidatorTests	Sillar.Core.Tests.SettingValueValidatorTests.Los_booleanos_reconocibles_se_interpretan(valor: "no", esperado: False)	2026-10-05T14:30:50.7566459-05:00	00:00:00.0000925
Passed	Sillar.Core.Tests.SettingValueValidatorTests	Sillar.Core.Tests.SettingValueValidatorTests.Los_booleanos_reconocibles_se_interpretan(valor: "true", esperado: True)	2026-10-05T14:30:50.7405535-05:00	00:00:00.0007138
Passed	Sillar.Core.Tests.SettingValueValidatorTests	Sillar.Core.Tests.SettingValueValidatorTests.Un_valor_que_encaja_con_su_tipo_se_acepta(tipo: "boolean", valor: "0")	2026-10-05T14:30:50.6151892-05:00	00:00:00.0000602
Passed	Sillar.Core.Tests.SettingValueValidatorTests	Sillar.Core.Tests.SettingValueValidatorTests.Un_valor_que_encaja_con_su_tipo_se_acepta(tipo: "boolean", valor: "SI")	2026-10-05T14:30:50.5507225-05:00	00:00:00.0000668
Passed	Sillar.Core.Tests.SettingValueValidatorTests	Sillar.Core.Tests.SettingValueValidatorTests.Un_valor_que_encaja_con_su_tipo_se_acepta(tipo: "boolean", valor: "true")	2026-10-05T14:30:50.5359943-05:00	00:00:00.0000714
Passed	Sillar.Core.Tests.SettingValueValidatorTests	Sillar.Core.Tests.SettingValueValidatorTests.Un_valor_que_encaja_con_su_tipo_se_acepta(tipo: "email", valor: "contacto@ejemplo.pe")	2026-10-05T14:30:50.5528464-05:00	00:00:00.0369328
Passed	Sillar.Core.Tests.SettingValueValidatorTests	Sillar.Core.Tests.SettingValueValidatorTests.Un_valor_que_encaja_con_su_tipo_se_acepta(tipo: "json", valor: "{\"horario\":\"9-18\"}")	2026-10-05T14:30:50.4723573-05:00	00:00:00.0504331
Passed	Sillar.Core.Tests.SettingValueValidatorTests	Sillar.Core.Tests.SettingValueValidatorTests.Un_valor_que_encaja_con_su_tipo_se_acepta(tipo: "number", valor: "-3.5")	2026-10-05T14:30:50.4594354-05:00	00:00:00.0006805
Passed	Sillar.Core.Tests.SettingValueValidatorTests	Sillar.Core.Tests.SettingValueValidatorTests.Un_valor_que_encaja_con_su_tipo_se_acepta(tipo: "number", valor: "42")	2026-10-05T14:30:50.5999009-05:00	00:00:00.0141843
Passed	Sillar.Core.Tests.SettingValueValidatorTests	Sillar.Core.Tests.SettingValueValidatorTests.Un_valor_que_encaja_con_su_tipo_se_acepta(tipo: "text", valor: "Cualquier cosa")	2026-10-05T14:30:50.5518020-05:00	00:00:00.0000709
Passed	Sillar.Core.Tests.SettingValueValidatorTests	Sillar.Core.Tests.SettingValueValidatorTests.Un_valor_que_encaja_con_su_tipo_se_acepta(tipo: "url", valor: "https://ejemplo.pe/local")	2026-10-05T14:30:50.4257073-05:00	00:00:00.0327784
Passed	Sillar.Core.Tests.SettingValueValidatorTests	Sillar.Core.Tests.SettingValueValidatorTests.Un_valor_que_no_encaja_se_rechaza(tipo: "boolean", valor: "quizás")	2026-10-05T14:30:50.2120071-05:00	00:00:00.0133613
Passed	Sillar.Core.Tests.SettingValueValidatorTests	Sillar.Core.Tests.SettingValueValidatorTests.Un_valor_que_no_encaja_se_rechaza(tipo: "email", valor: "arroba-no-hay")	2026-10-05T14:30:50.3532752-05:00	00:00:00.0710598
Passed	Sillar.Core.Tests.SettingValueValidatorTests	Sillar.Core.Tests.SettingValueValidatorTests.Un_valor_que_no_encaja_se_rechaza(tipo: "json", valor: "{esto no es json}")	2026-10-05T14:30:49.5802820-05:00	00:00:00.3736963
Passed	Sillar.Core.Tests.SettingValueValidatorTests	Sillar.Core.Tests.SettingValueValidatorTests.Un_valor_que_no_encaja_se_rechaza(tipo: "number", valor: "muchos")	2026-10-05T14:30:50.2265212-05:00	00:00:00.0002080
Passed	Sillar.Core.Tests.SettingValueValidatorTests	Sillar.Core.Tests.SettingValueValidatorTests.Un_valor_que_no_encaja_se_rechaza(tipo: "url", valor: "ejemplo.pe")	2026-10-05T14:30:50.3431471-05:00	00:00:00.0001481
Passed	Sillar.Core.Tests.SettingValueValidatorTests	Sillar.Core.Tests.SettingValueValidatorTests.Un_valor_que_no_encaja_se_rechaza(tipo: "url", valor: "ftp://ejemplo.pe")	2026-10-05T14:30:50.2367867-05:00	00:00:00.0926849
Passed	Sillar.Core.Tests.SettingValueValidatorTests	Sillar.Core.Tests.SettingValueValidatorTests.Un_valor_vacio_se_rechaza_sea_cual_sea_el_tipo(valor: "   ")	2026-10-05T14:30:50.8034772-05:00	00:00:00.0003835
Passed	Sillar.Core.Tests.SettingValueValidatorTests	Sillar.Core.Tests.SettingValueValidatorTests.Un_valor_vacio_se_rechaza_sea_cual_sea_el_tipo(valor: "")	2026-10-05T14:30:50.8195792-05:00	00:00:00.0000671
Passed	Sillar.Core.Tests.SettingValueValidatorTests	Sillar.Core.Tests.SettingValueValidatorTests.Un_valor_vacio_se_rechaza_sea_cual_sea_el_tipo(valor: null)	2026-10-05T14:30:50.8048732-05:00	00:00:00.0009943
Passed	Sillar.Core.Tests.SettingsReaderPostgresTests	Sillar.Core.Tests.SettingsReaderPostgresTests.GetT_con_cache_fria_lee_PostgreSQL_y_respeta_conversion_defaults_e_inactivos	2026-10-05T14:30:49.5973020-05:00	00:00:19.2585988
Passed	Sillar.Modules.Catalog.Tests.BreadcrumbTests	Sillar.Modules.Catalog.Tests.BreadcrumbTests.Entre_varias_activas_se_elige_por_nombre_no_por_orden_de_llegada	2026-10-05T14:30:48.4664282-05:00	00:00:00.0220619
Passed	Sillar.Modules.Catalog.Tests.BreadcrumbTests	Sillar.Modules.Catalog.Tests.BreadcrumbTests.La_ruta_se_corta_en_el_primer_antecesor_inactivo_sin_incluirlo	2026-10-05T14:30:48.1431662-05:00	00:00:00.2842759
Passed	Sillar.Modules.Catalog.Tests.BreadcrumbTests	Sillar.Modules.Catalog.Tests.BreadcrumbTests.La_ruta_sube_de_la_categoria_hasta_la_raiz	2026-10-05T14:30:48.5346707-05:00	00:00:00.0074726
Passed	Sillar.Modules.Catalog.Tests.BreadcrumbTests	Sillar.Modules.Catalog.Tests.BreadcrumbTests.Si_la_principal_esta_activa_se_usa_ella	2026-10-05T14:30:48.5109753-05:00	00:00:00.0006132
Passed	Sillar.Modules.Catalog.Tests.BreadcrumbTests	Sillar.Modules.Catalog.Tests.BreadcrumbTests.Si_la_principal_esta_inactiva_se_usa_otra_activa_del_producto	2026-10-05T14:30:48.5606481-05:00	00:00:00.0154346
Passed	Sillar.Modules.Catalog.Tests.BreadcrumbTests	Sillar.Modules.Catalog.Tests.BreadcrumbTests.Si_ninguna_categoria_esta_activa_no_hay_miga	2026-10-05T14:30:48.5128337-05:00	00:00:00.0115272
Passed	Sillar.Modules.Catalog.Tests.BreadcrumbTests	Sillar.Modules.Catalog.Tests.BreadcrumbTests.Sin_categoria_principal_se_usa_otra_activa_igual	2026-10-05T14:30:48.5254496-05:00	00:00:00.0079788
Passed	Sillar.Modules.Catalog.Tests.CatalogContractPostgresTests	Sillar.Modules.Catalog.Tests.CatalogContractPostgresTests.BuscarPorCodigo_traduce_con_inner_join_y_respeta_actividad_y_proyeccion	2026-10-05T14:31:04.6474226-05:00	00:00:00.4018621
Passed	Sillar.Modules.Catalog.Tests.CatalogContractPostgresTests	Sillar.Modules.Catalog.Tests.CatalogContractPostgresTests.Buscar_traduce_con_inner_join_full_text_filtros_orden_y_limite_cero	2026-10-05T14:31:04.3987621-05:00	00:00:00.2396267
Passed	Sillar.Modules.Catalog.Tests.CatalogContractPostgresTests	Sillar.Modules.Catalog.Tests.CatalogContractPostgresTests.ItemExisteYEstaActivo_traduce_en_postgresql_y_distingue_activa_inactiva_e_inexistente	2026-10-05T14:30:48.1430854-05:00	00:00:15.4265213
Passed	Sillar.Modules.Catalog.Tests.CatalogContractPostgresTests	Sillar.Modules.Catalog.Tests.CatalogContractPostgresTests.ObtenerItem_traduce_con_inner_join_y_relee_variante_inactiva	2026-10-05T14:31:04.2475022-05:00	00:00:00.1444931
Passed	Sillar.Modules.Catalog.Tests.CatalogContractPostgresTests	Sillar.Modules.Catalog.Tests.CatalogContractPostgresTests.VariantesDe_traduce_con_inner_join_y_conserva_solo_item_activo_y_orden	2026-10-05T14:31:03.6545334-05:00	00:00:00.5900180
Passed	Sillar.Modules.Catalog.Tests.CatalogSelectionTests	Sillar.Modules.Catalog.Tests.CatalogSelectionTests.Pedir_cero_o_menos_devuelve_uno	2026-10-05T14:30:48.1431428-05:00	00:00:00.1289546
Passed	Sillar.Modules.Catalog.Tests.CatalogSelectionTests	Sillar.Modules.Catalog.Tests.CatalogSelectionTests.Pedir_mas_del_tope_devuelve_el_tope	2026-10-05T14:30:48.4432336-05:00	00:00:00.0127835
Passed	Sillar.Modules.Catalog.Tests.CatalogSelectionTests	Sillar.Modules.Catalog.Tests.CatalogSelectionTests.Un_limite_razonable_se_respeta	2026-10-05T14:30:48.4568084-05:00	00:00:00.0004677
Passed	Sillar.Modules.Catalog.Tests.CatalogTranslationTests	Sillar.Modules.Catalog.Tests.CatalogTranslationTests.Buscar_para_seleccion_se_traduce_y_se_ejecuta	2026-10-05T14:31:03.7752955-05:00	00:00:00.3766391
Passed	Sillar.Modules.Catalog.Tests.CatalogTranslationTests	Sillar.Modules.Catalog.Tests.CatalogTranslationTests.La_busqueda_no_distingue_tildes_ni_mayusculas	2026-10-05T14:30:48.1416104-05:00	00:00:15.5847458
Passed	Sillar.Modules.Catalog.Tests.CatalogTranslationTests	Sillar.Modules.Catalog.Tests.CatalogTranslationTests.Obtener_para_seleccion_se_traduce_y_devuelve_lo_mismo_que_buscar	2026-10-05T14:31:04.5887592-05:00	00:00:00.0934403
Passed	Sillar.Modules.Catalog.Tests.CatalogTranslationTests	Sillar.Modules.Catalog.Tests.CatalogTranslationTests.Un_producto_de_baja_no_se_puede_elegir_pero_si_releer	2026-10-05T14:31:04.4726208-05:00	00:00:00.1139128
Passed	Sillar.Modules.Catalog.Tests.CatalogTranslationTests	Sillar.Modules.Catalog.Tests.CatalogTranslationTests.Un_producto_que_no_existe_se_relee_como_nulo	2026-10-05T14:31:04.1616519-05:00	00:00:00.3068335
Passed	Sillar.Modules.Catalog.Tests.CategoryTreeTests	Sillar.Modules.Catalog.Tests.CategoryTreeTests.Asignar_un_padre_sin_relacion_no_es_ciclo	2026-10-05T14:30:48.4624282-05:00	00:00:00.0292757
Passed	Sillar.Modules.Catalog.Tests.CategoryTreeTests	Sillar.Modules.Catalog.Tests.CategoryTreeTests.Asignar_una_raiz_nueva_no_es_ciclo	2026-10-05T14:30:48.1481270-05:00	00:00:00.1169295
Passed	Sillar.Modules.Catalog.Tests.CategoryTreeTests	Sillar.Modules.Catalog.Tests.CategoryTreeTests.Mover_una_hoja_a_otra_rama_no_es_ciclo	2026-10-05T14:30:48.4926975-05:00	00:00:00.0007529
Passed	Sillar.Modules.Catalog.Tests.CategoryTreeTests	Sillar.Modules.Catalog.Tests.CategoryTreeTests.Ser_padre_de_si_misma_es_ciclo	2026-10-05T14:30:48.4470552-05:00	00:00:00.0140651
Passed	Sillar.Modules.Catalog.Tests.CategoryTreeTests	Sillar.Modules.Catalog.Tests.CategoryTreeTests.Un_ciclo_largo_tambien_se_detecta	2026-10-05T14:30:48.5067956-05:00	00:00:00.0007188
Passed	Sillar.Modules.Catalog.Tests.ItemPricingTests	Sillar.Modules.Catalog.Tests.ItemPricingTests.Cero_no_es_lo_mismo_que_nulo	2026-10-05T14:30:48.6012285-05:00	00:00:00.0089445
Passed	Sillar.Modules.Catalog.Tests.ItemPricingTests	Sillar.Modules.Catalog.Tests.ItemPricingTests.Con_precio_propio_lo_usa_a_el	2026-10-05T14:30:48.5165807-05:00	00:00:00.0568400
Passed	Sillar.Modules.Catalog.Tests.ItemPricingTests	Sillar.Modules.Catalog.Tests.ItemPricingTests.El_minimo_cuenta_lo_que_se_hereda_no_solo_lo_propio	2026-10-05T14:30:48.1449996-05:00	00:00:00.1886550
Passed	Sillar.Modules.Catalog.Tests.ItemPricingTests	Sillar.Modules.Catalog.Tests.ItemPricingTests.Gratis_es_un_precio_y_puede_ser_el_minimo	2026-10-05T14:30:48.4559311-05:00	00:00:00.0007657
Passed	Sillar.Modules.Catalog.Tests.ItemPricingTests	Sillar.Modules.Catalog.Tests.ItemPricingTests.Nulo_en_los_dos_es_consultar_precio_no_cero	2026-10-05T14:30:48.4864050-05:00	00:00:00.0112038
Passed	Sillar.Modules.Catalog.Tests.ItemPricingTests	Sillar.Modules.Catalog.Tests.ItemPricingTests.Si_cuestan_distinto_la_tarjeta_ensena_el_minimo_con_desde	2026-10-05T14:30:48.4988471-05:00	00:00:00.0009272
Passed	Sillar.Modules.Catalog.Tests.ItemPricingTests	Sillar.Modules.Catalog.Tests.ItemPricingTests.Si_todas_las_presentaciones_cuestan_igual_la_tarjeta_no_dice_desde	2026-10-05T14:30:48.4259470-05:00	00:00:00.0290239
Passed	Sillar.Modules.Catalog.Tests.ItemPricingTests	Sillar.Modules.Catalog.Tests.ItemPricingTests.Sin_precio_propio_usa_el_de_lista	2026-10-05T14:30:48.5817911-05:00	00:00:00.0006077
Passed	Sillar.Modules.Catalog.Tests.ItemPricingTests	Sillar.Modules.Catalog.Tests.ItemPricingTests.Un_producto_sin_presentaciones_ensena_su_precio_de_lista	2026-10-05T14:30:48.4719437-05:00	00:00:00.0132619
Passed	Sillar.Modules.Catalog.Tests.ItemPricingTests	Sillar.Modules.Catalog.Tests.ItemPricingTests.Una_sola_a_consultar_deja_toda_la_tarjeta_a_consultar	2026-10-05T14:30:48.5927979-05:00	00:00:00.0006220
Passed	Sillar.Modules.Catalog.Tests.ProductEventTests	Sillar.Modules.Catalog.Tests.ProductEventTests.Cambiar_las_categorias_avisa	2026-10-05T14:31:03.7706071-05:00	00:00:01.4156732
Passed	Sillar.Modules.Catalog.Tests.ProductEventTests	Sillar.Modules.Catalog.Tests.ProductEventTests.Dar_de_baja_y_reactivar_avisan_los_dos	2026-10-05T14:31:05.1901273-05:00	00:00:00.4508967
Passed	Sillar.Modules.Catalog.Tests.ProductEventTests	Sillar.Modules.Catalog.Tests.ProductEventTests.Editar_una_presentacion_avisa_de_que_cambio_el_producto	2026-10-05T14:30:48.5575382-05:00	00:00:15.2117149
Passed	Sillar.Modules.Catalog.Tests.ProductEventTests	Sillar.Modules.Catalog.Tests.ProductEventTests.La_forma_interna_del_producto_no_cambia_lo_que_se_emite	2026-10-05T14:31:05.6426819-05:00	00:00:00.4316709
Passed	Sillar.Modules.Catalog.Tests.ProductItemRulesTests	Sillar.Modules.Catalog.Tests.ProductItemRulesTests.El_mensaje_no_es_un_error_generico	2026-10-05T14:30:48.4487755-05:00	00:00:00.0009269
Passed	Sillar.Modules.Catalog.Tests.ProductItemRulesTests	Sillar.Modules.Catalog.Tests.ProductItemRulesTests.Si_es_la_ultima_el_mensaje_propone_desactivar_el_producto	2026-10-05T14:30:48.4640273-05:00	00:00:00.0007628
Passed	Sillar.Modules.Catalog.Tests.ProductItemRulesTests	Sillar.Modules.Catalog.Tests.ProductItemRulesTests.Si_no_es_la_ultima_no_hay_bloqueo	2026-10-05T14:30:48.1431143-05:00	00:00:00.1209396
Passed	Sillar.Modules.Catalog.Tests.SlugGeneratorTests	Sillar.Modules.Catalog.Tests.SlugGeneratorTests.Formatos_invalidos_no_pasan(slug: "")	2026-10-05T14:30:48.4675316-05:00	00:00:00.0004472
Passed	Sillar.Modules.Catalog.Tests.SlugGeneratorTests	Sillar.Modules.Catalog.Tests.SlugGeneratorTests.Formatos_invalidos_no_pasan(slug: "-artesco")	2026-10-05T14:30:48.4958111-05:00	00:00:00.0000638
Passed	Sillar.Modules.Catalog.Tests.SlugGeneratorTests	Sillar.Modules.Catalog.Tests.SlugGeneratorTests.Formatos_invalidos_no_pasan(slug: "Artesco")	2026-10-05T14:30:48.4828466-05:00	00:00:00.0003009
Passed	Sillar.Modules.Catalog.Tests.SlugGeneratorTests	Sillar.Modules.Catalog.Tests.SlugGeneratorTests.Formatos_invalidos_no_pasan(slug: "artesco verde")	2026-10-05T14:30:48.4688527-05:00	00:00:00.0000800
Passed	Sillar.Modules.Catalog.Tests.SlugGeneratorTests	Sillar.Modules.Catalog.Tests.SlugGeneratorTests.Formatos_invalidos_no_pasan(slug: "artesco-")	2026-10-05T14:30:48.4391039-05:00	00:00:00.0002678
Passed	Sillar.Modules.Catalog.Tests.SlugGeneratorTests	Sillar.Modules.Catalog.Tests.SlugGeneratorTests.Formatos_invalidos_no_pasan(slug: "artesco--verde")	2026-10-05T14:30:48.4940069-05:00	00:00:00.0000804
Passed	Sillar.Modules.Catalog.Tests.SlugGeneratorTests	Sillar.Modules.Catalog.Tests.SlugGeneratorTests.Formatos_invalidos_no_pasan(slug: null)	2026-10-05T14:30:48.4966955-05:00	00:00:00.0000586
Passed	Sillar.Modules.Catalog.Tests.SlugGeneratorTests	Sillar.Modules.Catalog.Tests.SlugGeneratorTests.Formatos_validos_pasan(slug: "a4-100-hojas")	2026-10-05T14:30:48.3944951-05:00	00:00:00.0009735
Passed	Sillar.Modules.Catalog.Tests.SlugGeneratorTests	Sillar.Modules.Catalog.Tests.SlugGeneratorTests.Formatos_validos_pasan(slug: "artesco")	2026-10-05T14:30:48.4045178-05:00	00:00:00.0000634
Passed	Sillar.Modules.Catalog.Tests.SlugGeneratorTests	Sillar.Modules.Catalog.Tests.SlugGeneratorTests.Formatos_validos_pasan(slug: "plumon-de-pizarra-verde")	2026-10-05T14:30:48.1430018-05:00	00:00:00.1171289
Passed	Sillar.Modules.Catalog.Tests.SlugGeneratorTests	Sillar.Modules.Catalog.Tests.SlugGeneratorTests.La_ene_con_virgulilla_pliega_a_ene	2026-10-05T14:30:48.5666292-05:00	00:00:00.0112238
Passed	Sillar.Modules.Catalog.Tests.SlugGeneratorTests	Sillar.Modules.Catalog.Tests.SlugGeneratorTests.Las_tildes_desaparecen_sin_dejar_hueco	2026-10-05T14:30:48.5791793-05:00	00:00:00.0058493
Passed	Sillar.Modules.Catalog.Tests.SlugGeneratorTests	Sillar.Modules.Catalog.Tests.SlugGeneratorTests.Lo_que_genera_esta_clase_siempre_es_valido_para_ella_misma	2026-10-05T14:30:48.5299481-05:00	00:00:00.0005382
Passed	Sillar.Modules.Catalog.Tests.SlugGeneratorTests	Sillar.Modules.Catalog.Tests.SlugGeneratorTests.Los_espacios_multiples_no_dejan_guiones_dobles	2026-10-05T14:30:48.5650700-05:00	00:00:00.0003364
Passed	Sillar.Modules.Catalog.Tests.SlugGeneratorTests	Sillar.Modules.Catalog.Tests.SlugGeneratorTests.No_hay_guion_al_principio_ni_al_final	2026-10-05T14:30:48.5471517-05:00	00:00:00.0004716
Passed	Sillar.Modules.Catalog.Tests.SlugGeneratorTests	Sillar.Modules.Catalog.Tests.SlugGeneratorTests.Un_nombre_simple_se_pasa_a_minusculas_y_guiones	2026-10-05T14:30:48.5087143-05:00	00:00:00.0203405
Passed	Sillar.Modules.Cms.Tests.ContratosHttpTests	Sillar.Modules.Cms.Tests.ContratosHttpTests.Administracion_de_trabajos_distingue_los_incompletos	2026-10-05T14:30:52.5308635-05:00	00:00:00.0336887
Passed	Sillar.Modules.Cms.Tests.ContratosHttpTests	Sillar.Modules.Cms.Tests.ContratosHttpTests.Administracion_distingue_el_estado_del_producto_del_estado_del_destacado	2026-10-05T14:30:53.9436410-05:00	00:00:00.0025243
Passed	Sillar.Modules.Cms.Tests.ContratosHttpTests	Sillar.Modules.Cms.Tests.ContratosHttpTests.Destacados_exponen_el_snapshot_sin_precio_formateado	2026-10-05T14:30:53.9067169-05:00	00:00:00.0285212
Passed	Sillar.Modules.Cms.Tests.ContratosHttpTests	Sillar.Modules.Cms.Tests.ContratosHttpTests.Editar_no_permite_desactivar_ni_reordenar_por_un_campo_suelto	2026-10-05T14:30:51.8900897-05:00	00:00:00.3218790
Passed	Sillar.Modules.Cms.Tests.ContratosHttpTests	Sillar.Modules.Cms.Tests.ContratosHttpTests.Las_tres_respuestas_programables_exponen_un_estado_controlado	2026-10-05T14:30:52.5657039-05:00	00:00:01.3073093
Passed	Sillar.Modules.Cms.Tests.ContratosHttpTests	Sillar.Modules.Cms.Tests.ContratosHttpTests.Ninguna_respuesta_publica_expone_identificadores_de_medios	2026-10-05T14:30:53.8818212-05:00	00:00:00.0236982
Passed	Sillar.Modules.Cms.Tests.ContratosHttpTests	Sillar.Modules.Cms.Tests.ContratosHttpTests.Trabajos_y_redes_no_exponen_estado_de_ventana	2026-10-05T14:30:53.9361623-05:00	00:00:00.0004269
Passed	Sillar.Modules.Cms.Tests.EventosCatalogoTests	Sillar.Modules.Cms.Tests.EventosCatalogoTests.Los_tres_manejadores_se_registran_como_singleton_para_el_bus_raiz	2026-10-05T14:30:51.8920746-05:00	00:00:00.5489333
Passed	Sillar.Modules.Cms.Tests.ProductoDestacadoTests	Sillar.Modules.Cms.Tests.ProductoDestacadoTests.Precio_a_consultar_gratis_y_positivo_son_validos	2026-10-05T14:30:53.5662971-05:00	00:00:00.0061542
Passed	Sillar.Modules.Cms.Tests.ProductoDestacadoTests	Sillar.Modules.Cms.Tests.ProductoDestacadoTests.Precio_negativo_se_rechaza	2026-10-05T14:30:53.6694462-05:00	00:00:00.0166101
Passed	Sillar.Modules.Cms.Tests.ProductoDestacadoTests	Sillar.Modules.Cms.Tests.ProductoDestacadoTests.Producto_dado_de_baja_no_puede_publicarse_aunque_siga_publico	2026-10-05T14:30:53.5848784-05:00	00:00:00.0115058
Passed	Sillar.Modules.Cms.Tests.ProductoDestacadoTests	Sillar.Modules.Cms.Tests.ProductoDestacadoTests.Producto_no_publico_no_puede_publicarse	2026-10-05T14:30:53.6368738-05:00	00:00:00.0097658
Passed	Sillar.Modules.Cms.Tests.ProductoDestacadoTests	Sillar.Modules.Cms.Tests.ProductoDestacadoTests.Producto_publico_y_enlazado_puede_publicarse	2026-10-05T14:30:53.6180986-05:00	00:00:00.0175100
Passed	Sillar.Modules.Cms.Tests.ProductoDestacadoTests	Sillar.Modules.Cms.Tests.ProductoDestacadoTests.Releer_el_snapshot_sobrescribe_el_estado_del_producto_y_es_idempotente	2026-10-05T14:30:53.4963697-05:00	00:00:00.0686041
Passed	Sillar.Modules.Cms.Tests.ProductoDestacadoTests	Sillar.Modules.Cms.Tests.ProductoDestacadoTests.Respuesta_conserva_precio_nulo_cero_y_positivo_como_estados_distintos	2026-10-05T14:30:51.8891829-05:00	00:00:01.4668794
Passed	Sillar.Modules.Cms.Tests.ProductoDestacadoTests	Sillar.Modules.Cms.Tests.ProductoDestacadoTests.Snapshot_con_producto_no_esta_pendiente_de_volver_a_enlazar	2026-10-05T14:30:53.5736023-05:00	00:00:00.0100993
Passed	Sillar.Modules.Cms.Tests.ProductoDestacadoTests	Sillar.Modules.Cms.Tests.ProductoDestacadoTests.Snapshot_sin_producto_esta_pendiente_de_volver_a_enlazar	2026-10-05T14:30:53.6902503-05:00	00:00:00.0004187
Passed	Sillar.Modules.Cms.Tests.ReactivacionRedSocialTests	Sillar.Modules.Cms.Tests.ReactivacionRedSocialTests.Crear_desactivar_y_reactivar_instagram_recupera_la_misma_fila	2026-10-05T14:30:51.8900315-05:00	00:00:13.3268956
Passed	Sillar.Modules.Cms.Tests.ReactivacionRedSocialTests	Sillar.Modules.Cms.Tests.ReactivacionRedSocialTests.Reactivar_exige_editor_y_admin_para_aplicar_la_jerarquia_existente	2026-10-05T14:31:05.9346107-05:00	00:00:00.6531965
Passed	Sillar.Modules.Cms.Tests.ReactivacionRedSocialTests	Sillar.Modules.Cms.Tests.ReactivacionRedSocialTests.Reactivar_una_activa_es_idempotente_y_un_id_inexistente_no_se_inventa	2026-10-05T14:31:05.4266424-05:00	00:00:00.5042039
Passed	Sillar.Modules.Cms.Tests.ReglasContenidoTests	Sillar.Modules.Cms.Tests.ReglasContenidoTests.Enlace_sin_texto_visible_se_rechaza	2026-10-05T14:30:52.8702107-05:00	00:00:00.0003708
Passed	Sillar.Modules.Cms.Tests.ReglasContenidoTests	Sillar.Modules.Cms.Tests.ReglasContenidoTests.Fecha_de_fin_anterior_nombra_la_fecha_que_hay_que_corregir	2026-10-05T14:30:52.9200267-05:00	00:00:00.0009838
Passed	Sillar.Modules.Cms.Tests.ReglasContenidoTests	Sillar.Modules.Cms.Tests.ReglasContenidoTests.Fecha_de_fin_igual_al_inicio_tambien_se_rechaza	2026-10-05T14:30:52.8244971-05:00	00:00:00.0221872
Passed	Sillar.Modules.Cms.Tests.ReglasContenidoTests	Sillar.Modules.Cms.Tests.ReglasContenidoTests.Imagen_sin_texto_alternativo_se_rechaza	2026-10-05T14:30:51.8920971-05:00	00:00:00.3137728
Passed	Sillar.Modules.Cms.Tests.ReglasContenidoTests	Sillar.Modules.Cms.Tests.ReglasContenidoTests.Plataforma_social_fuera_de_la_lista_se_rechaza	2026-10-05T14:30:52.8873098-05:00	00:00:00.0173578
Passed	Sillar.Modules.Cms.Tests.ReglasContenidoTests	Sillar.Modules.Cms.Tests.ReglasContenidoTests.Plataforma_social_se_normaliza(original: " WHATSAPP ", expected: "whatsapp")	2026-10-05T14:30:52.7838030-05:00	00:00:00.0005872
Passed	Sillar.Modules.Cms.Tests.ReglasContenidoTests	Sillar.Modules.Cms.Tests.ReglasContenidoTests.Plataforma_social_se_normaliza(original: "Instagram", expected: "instagram")	2026-10-05T14:30:52.7445545-05:00	00:00:00.0233395
Passed	Sillar.Modules.Cms.Tests.ReglasContenidoTests	Sillar.Modules.Cms.Tests.ReglasContenidoTests.Ruta_interna_y_https_con_etiqueta_se_aceptan(url: "/catalogo")	2026-10-05T14:30:52.5496314-05:00	00:00:00.0074044
Passed	Sillar.Modules.Cms.Tests.ReglasContenidoTests	Sillar.Modules.Cms.Tests.ReglasContenidoTests.Ruta_interna_y_https_con_etiqueta_se_aceptan(url: "https://sillar.example/catalogo")	2026-10-05T14:30:52.5712289-05:00	00:00:00.1497024
Passed	Sillar.Modules.Cms.Tests.ReglasContenidoTests	Sillar.Modules.Cms.Tests.ReglasContenidoTests.Sin_imagen_el_texto_alternativo_puede_ser_nulo	2026-10-05T14:30:52.8860197-05:00	00:00:00.0003120
Passed	Sillar.Modules.Cms.Tests.ReglasContenidoTests	Sillar.Modules.Cms.Tests.ReglasContenidoTests.Texto_alternativo_de_espacios_se_rechaza_aunque_no_haya_imagen	2026-10-05T14:30:52.8044374-05:00	00:00:00.0187697
Passed	Sillar.Modules.Cms.Tests.ReordenamientoTests	Sillar.Modules.Cms.Tests.ReordenamientoTests.Cinco_elementos_reciben_exactamente_el_orden_solicitado	2026-10-05T14:30:52.6347066-05:00	00:00:00.4001100
Passed	Sillar.Modules.Cms.Tests.ReordenamientoTests	Sillar.Modules.Cms.Tests.ReordenamientoTests.Omitir_un_elemento_invalida_la_lista_completa	2026-10-05T14:30:52.6054200-05:00	00:00:00.0006950
Passed	Sillar.Modules.Cms.Tests.ReordenamientoTests	Sillar.Modules.Cms.Tests.ReordenamientoTests.Un_identificador_inexistente_invalida_el_plan_entero	2026-10-05T14:30:53.0359786-05:00	00:00:00.0006055
Passed	Sillar.Modules.Cms.Tests.ReordenamientoTests	Sillar.Modules.Cms.Tests.ReordenamientoTests.Un_identificador_repetido_no_produce_asignaciones_parciales	2026-10-05T14:30:51.8901411-05:00	00:00:00.4273034
Passed	Sillar.Modules.Cms.Tests.ReordenamientoTests	Sillar.Modules.Cms.Tests.ReordenamientoTests.Una_seccion_vacia_acepta_una_lista_vacia	2026-10-05T14:30:52.5315762-05:00	00:00:00.0565369
Passed	Sillar.Modules.Cms.Tests.TrabajoDestacadoTests	Sillar.Modules.Cms.Tests.TrabajoDestacadoTests.Con_imagen_activa_y_texto_alternativo_el_trabajo_esta_completo	2026-10-05T14:30:52.5611162-05:00	00:00:00.0180669
Passed	Sillar.Modules.Cms.Tests.TrabajoDestacadoTests	Sillar.Modules.Cms.Tests.TrabajoDestacadoTests.Con_medio_inactivo_el_trabajo_esta_incompleto	2026-10-05T14:30:52.5381701-05:00	00:00:00.0220470
Passed	Sillar.Modules.Cms.Tests.TrabajoDestacadoTests	Sillar.Modules.Cms.Tests.TrabajoDestacadoTests.Sin_imagen_el_trabajo_esta_incompleto	2026-10-05T14:30:51.8920373-05:00	00:00:00.3172897
Passed	Sillar.Modules.Cms.Tests.VigenciaPublicacionTests	Sillar.Modules.Cms.Tests.VigenciaPublicacionTests.Activo_sin_fechas_esta_vigente	2026-10-05T14:30:53.3924505-05:00	00:00:00.0275301
Passed	Sillar.Modules.Cms.Tests.VigenciaPublicacionTests	Sillar.Modules.Cms.Tests.VigenciaPublicacionTests.Banners_promociones_y_destacados_usan_la_misma_clasificacion	2026-10-05T14:30:53.2603431-05:00	00:00:00.0729182
Passed	Sillar.Modules.Cms.Tests.VigenciaPublicacionTests	Sillar.Modules.Cms.Tests.VigenciaPublicacionTests.Banners_promociones_y_destacados_usan_la_misma_expresion	2026-10-05T14:30:53.1923020-05:00	00:00:00.0619429
Passed	Sillar.Modules.Cms.Tests.VigenciaPublicacionTests	Sillar.Modules.Cms.Tests.VigenciaPublicacionTests.Dentro_del_intervalo_esta_vigente	2026-10-05T14:30:52.6495777-05:00	00:00:00.0670255
Passed	Sillar.Modules.Cms.Tests.VigenciaPublicacionTests	Sillar.Modules.Cms.Tests.VigenciaPublicacionTests.Empieza_exactamente_ahora_y_esta_vigente	2026-10-05T14:30:53.3588800-05:00	00:00:00.0248696
Passed	Sillar.Modules.Cms.Tests.VigenciaPublicacionTests	Sillar.Modules.Cms.Tests.VigenciaPublicacionTests.Estado_administrativo_respeta_la_misma_ventana(isActive: False, startMinutes: null, endMinutes: null, expected: Inactive)	2026-10-05T14:30:52.9581641-05:00	00:00:00.0291020
Passed	Sillar.Modules.Cms.Tests.VigenciaPublicacionTests	Sillar.Modules.Cms.Tests.VigenciaPublicacionTests.Estado_administrativo_respeta_la_misma_ventana(isActive: True, startMinutes: -1, endMinutes: 0, expected: Expired)	2026-10-05T14:30:53.0278586-05:00	00:00:00.0266704
Passed	Sillar.Modules.Cms.Tests.VigenciaPublicacionTests	Sillar.Modules.Cms.Tests.VigenciaPublicacionTests.Estado_administrativo_respeta_la_misma_ventana(isActive: True, startMinutes: -1, endMinutes: 1, expected: Current)	2026-10-05T14:30:53.0964262-05:00	00:00:00.0272028
Passed	Sillar.Modules.Cms.Tests.VigenciaPublicacionTests	Sillar.Modules.Cms.Tests.VigenciaPublicacionTests.Estado_administrativo_respeta_la_misma_ventana(isActive: True, startMinutes: -1, endMinutes: null, expected: Current)	2026-10-05T14:30:52.9942423-05:00	00:00:00.0223582
Passed	Sillar.Modules.Cms.Tests.VigenciaPublicacionTests	Sillar.Modules.Cms.Tests.VigenciaPublicacionTests.Estado_administrativo_respeta_la_misma_ventana(isActive: True, startMinutes: -2, endMinutes: -1, expected: Expired)	2026-10-05T14:30:53.1338420-05:00	00:00:00.0357105
Passed	Sillar.Modules.Cms.Tests.VigenciaPublicacionTests	Sillar.Modules.Cms.Tests.VigenciaPublicacionTests.Estado_administrativo_respeta_la_misma_ventana(isActive: True, startMinutes: 0, endMinutes: 1, expected: Current)	2026-10-05T14:30:52.7286336-05:00	00:00:00.2146541
Passed	Sillar.Modules.Cms.Tests.VigenciaPublicacionTests	Sillar.Modules.Cms.Tests.VigenciaPublicacionTests.Estado_administrativo_respeta_la_misma_ventana(isActive: True, startMinutes: 1, endMinutes: null, expected: Scheduled)	2026-10-05T14:30:53.0627193-05:00	00:00:00.0266608
Passed	Sillar.Modules.Cms.Tests.VigenciaPublicacionTests	Sillar.Modules.Cms.Tests.VigenciaPublicacionTests.Inactivo_no_esta_vigente_aunque_no_tenga_fechas	2026-10-05T14:30:51.8901157-05:00	00:00:00.6247476
Passed	Sillar.Modules.Cms.Tests.VigenciaPublicacionTests	Sillar.Modules.Cms.Tests.VigenciaPublicacionTests.Programado_para_despues_no_esta_vigente	2026-10-05T14:30:53.1760928-05:00	00:00:00.0115457
Passed	Sillar.Modules.Cms.Tests.VigenciaPublicacionTests	Sillar.Modules.Cms.Tests.VigenciaPublicacionTests.Termina_exactamente_ahora_y_ya_no_esta_vigente	2026-10-05T14:30:53.3344909-05:00	00:00:00.0158559
Passed	Sillar.Modules.Crm.Tests.ContactMessageContractTests	Sillar.Modules.Crm.Tests.ContactMessageContractTests.Respuestas_de_contacto_no_exponen_secretos(type: typeof(Sillar.Modules.Crm.Dtos.AdminContactMessageDetailResponse))	2026-10-05T14:30:53.0208337-05:00	00:00:00.0002461
Passed	Sillar.Modules.Crm.Tests.ContactMessageContractTests	Sillar.Modules.Crm.Tests.ContactMessageContractTests.Respuestas_de_contacto_no_exponen_secretos(type: typeof(Sillar.Modules.Crm.Dtos.AdminContactMessageListItemResponse))	2026-10-05T14:30:52.5755706-05:00	00:00:00.2791823
Passed	Sillar.Modules.Crm.Tests.ContactMessageContractTests	Sillar.Modules.Crm.Tests.ContactMessageContractTests.Respuestas_de_contacto_no_exponen_secretos(type: typeof(Sillar.Modules.Crm.Dtos.PublicContactAcceptedResponse))	2026-10-05T14:30:53.0137515-05:00	00:00:00.0009004
Passed	Sillar.Modules.Crm.Tests.ContactMessageServiceTests	Sillar.Modules.Crm.Tests.ContactMessageServiceTests.Admin_lee_y_da_de_baja_sin_borrar	2026-10-05T14:30:52.5782131-05:00	00:00:16.1883139
Passed	Sillar.Modules.Crm.Tests.ContactMessageServiceTests	Sillar.Modules.Crm.Tests.ContactMessageServiceTests.Sesion_valida_puede_vincular_customer_y_conserva_snapshot	2026-10-05T14:31:10.8611750-05:00	00:00:00.9377961
Passed	Sillar.Modules.Crm.Tests.ContactMessageServiceTests	Sillar.Modules.Crm.Tests.ContactMessageServiceTests.Sin_correo_ni_telefono_se_rechaza	2026-10-05T14:31:08.8552966-05:00	00:00:01.9970656
Passed	Sillar.Modules.Crm.Tests.ContactMessageServiceTests	Sillar.Modules.Crm.Tests.ContactMessageServiceTests.Visitante_guarda_mensaje_sin_customer_id	2026-10-05T14:31:11.8007641-05:00	00:00:00.8094846
Passed	Sillar.Modules.Crm.Tests.ContactSubmissionThrottleTests	Sillar.Modules.Crm.Tests.ContactSubmissionThrottleTests.Al_terminar_la_ventana_la_ip_puede_enviar_de_nuevo	2026-10-05T14:30:53.0571815-05:00	00:00:00.0135777
Passed	Sillar.Modules.Crm.Tests.ContactSubmissionThrottleTests	Sillar.Modules.Crm.Tests.ContactSubmissionThrottleTests.Cinco_intentos_entran_y_el_sexto_se_limita	2026-10-05T14:30:52.5743620-05:00	00:00:00.2526860
Passed	Sillar.Modules.Crm.Tests.ContactSubmissionThrottleTests	Sillar.Modules.Crm.Tests.ContactSubmissionThrottleTests.Otra_ip_tiene_su_propio_contador	2026-10-05T14:30:53.0430426-05:00	00:00:00.0130800
Passed	Sillar.Modules.Crm.Tests.CrmPersistenceTests	Sillar.Modules.Crm.Tests.CrmPersistenceTests.Test01_CrmInitial_aplica_desde_cero	2026-10-05T14:32:06.0488201-05:00	00:00:00.0491140
Passed	Sillar.Modules.Crm.Tests.CrmPersistenceTests	Sillar.Modules.Crm.Tests.CrmPersistenceTests.Test02_customer_y_address_generan_uuid_v7	2026-10-05T14:32:06.8900239-05:00	00:00:00.1860293
Passed	Sillar.Modules.Crm.Tests.CrmPersistenceTests	Sillar.Modules.Crm.Tests.CrmPersistenceTests.Test03_segunda_account_para_mismo_customer_falla	2026-10-05T14:32:08.5307055-05:00	00:00:00.2194907
Passed	Sillar.Modules.Crm.Tests.CrmPersistenceTests	Sillar.Modules.Crm.Tests.CrmPersistenceTests.Test04_email_duplicado_falla_con_ficha_no_activa(label: "baja")	2026-10-05T14:32:00.1935258-05:00	00:00:00.4311824
Passed	Sillar.Modules.Crm.Tests.CrmPersistenceTests	Sillar.Modules.Crm.Tests.CrmPersistenceTests.Test04_email_duplicado_falla_con_ficha_no_activa(label: "bloqueada")	2026-10-05T14:31:59.7512158-05:00	00:00:00.4418634
Passed	Sillar.Modules.Crm.Tests.CrmPersistenceTests	Sillar.Modules.Crm.Tests.CrmPersistenceTests.Test05_documento_duplicado_falla	2026-10-05T14:32:03.8414527-05:00	00:00:00.2487216
Passed	Sillar.Modules.Crm.Tests.CrmPersistenceTests	Sillar.Modules.Crm.Tests.CrmPersistenceTests.Test06_combinaciones_invalidas_lifecycle_fallan(isActive: False, hasDeact: False, hasBlocked: False, label: "inactiva sin deactivated_at ni blocked_at")	2026-10-05T14:32:02.4079837-05:00	00:00:00.2382138
Passed	Sillar.Modules.Crm.Tests.CrmPersistenceTests	Sillar.Modules.Crm.Tests.CrmPersistenceTests.Test06_combinaciones_invalidas_lifecycle_fallan(isActive: False, hasDeact: True, hasBlocked: True, label: "de baja y bloqueada a la vez")	2026-10-05T14:32:02.6466462-05:00	00:00:00.2150843
Passed	Sillar.Modules.Crm.Tests.CrmPersistenceTests	Sillar.Modules.Crm.Tests.CrmPersistenceTests.Test06_combinaciones_invalidas_lifecycle_fallan(isActive: True, hasDeact: False, hasBlocked: True, label: "activa pero con blocked_at")	2026-10-05T14:32:02.8625053-05:00	00:00:00.2203832
Passed	Sillar.Modules.Crm.Tests.CrmPersistenceTests	Sillar.Modules.Crm.Tests.CrmPersistenceTests.Test06_combinaciones_invalidas_lifecycle_fallan(isActive: True, hasDeact: True, hasBlocked: False, label: "activa pero con deactivated_at")	2026-10-05T14:32:02.1819765-05:00	00:00:00.2253124
Passed	Sillar.Modules.Crm.Tests.CrmPersistenceTests	Sillar.Modules.Crm.Tests.CrmPersistenceTests.Test07_reactivation_resolved_sin_requested_falla	2026-10-05T14:32:05.8522737-05:00	00:00:00.1956082
Passed	Sillar.Modules.Crm.Tests.CrmPersistenceTests	Sillar.Modules.Crm.Tests.CrmPersistenceTests.Test08_reactivation_resolved_anterior_a_requested_falla	2026-10-05T14:32:07.8128469-05:00	00:00:00.3560227
Passed	Sillar.Modules.Crm.Tests.CrmPersistenceTests	Sillar.Modules.Crm.Tests.CrmPersistenceTests.Test09_dos_preferidas_activas_del_mismo_cliente_falla	2026-10-05T14:32:00.9839438-05:00	00:00:00.3505728
Passed	Sillar.Modules.Crm.Tests.CrmPersistenceTests	Sillar.Modules.Crm.Tests.CrmPersistenceTests.Test10_purpose_invalido_falla(purpose: "")	2026-10-05T14:32:04.7583196-05:00	00:00:00.2987221
Passed	Sillar.Modules.Crm.Tests.CrmPersistenceTests	Sillar.Modules.Crm.Tests.CrmPersistenceTests.Test10_purpose_invalido_falla(purpose: "login")	2026-10-05T14:32:04.4512845-05:00	00:00:00.3066067
Passed	Sillar.Modules.Crm.Tests.CrmPersistenceTests	Sillar.Modules.Crm.Tests.CrmPersistenceTests.Test10_purpose_invalido_falla(purpose: "reset")	2026-10-05T14:32:04.1009064-05:00	00:00:00.3484628
Passed	Sillar.Modules.Crm.Tests.CrmPersistenceTests	Sillar.Modules.Crm.Tests.CrmPersistenceTests.Test11_consumo_concurrente_del_mismo_token_produce_un_ganador	2026-10-05T14:32:07.5912462-05:00	00:00:00.2208371
Passed	Sillar.Modules.Crm.Tests.CrmPersistenceTests	Sillar.Modules.Crm.Tests.CrmPersistenceTests.Test12_eliminar_schema_crm_no_toca_core_ni_catalog	2026-10-05T14:32:05.5151126-05:00	00:00:00.3364051
Passed	Sillar.Modules.Crm.Tests.CrmPersistenceTests	Sillar.Modules.Crm.Tests.CrmPersistenceTests.Test13_reinstalar_crminitial_sobre_schema_limpio_funciona	2026-10-05T14:32:05.0865084-05:00	00:00:00.4270057
Passed	Sillar.Modules.Crm.Tests.CrmPersistenceTests	Sillar.Modules.Crm.Tests.CrmPersistenceTests.Test14_nfc_y_nfd_chocan_en_uq_customers_email	2026-10-05T14:32:03.6009812-05:00	00:00:00.2398630
Passed	Sillar.Modules.Crm.Tests.CrmPersistenceTests	Sillar.Modules.Crm.Tests.CrmPersistenceTests.Test14b_base_rechaza_todos_los_blancos_que_dotnet_trim_recorta	2026-10-05T14:32:03.0842087-05:00	00:00:00.2820749
Passed	Sillar.Modules.Crm.Tests.CrmPersistenceTests	Sillar.Modules.Crm.Tests.CrmPersistenceTests.Test14c_migracion_falla_y_no_corrige_correos_preexistentes	2026-10-05T14:32:01.3393020-05:00	00:00:00.8414533
Passed	Sillar.Modules.Crm.Tests.CrmPersistenceTests	Sillar.Modules.Crm.Tests.CrmPersistenceTests.Test15_cambiar_email_limpia_email_verified_at	2026-10-05T14:32:07.2814619-05:00	00:00:00.3088445
Passed	Sillar.Modules.Crm.Tests.CrmPersistenceTests	Sillar.Modules.Crm.Tests.CrmPersistenceTests.Test16_cambiar_solo_mayusculas_no_invalida_email_verified_at	2026-10-05T14:32:00.6252714-05:00	00:00:00.3579261
Passed	Sillar.Modules.Crm.Tests.CrmPersistenceTests	Sillar.Modules.Crm.Tests.CrmPersistenceTests.Test17_sql_directo_nfc_nfd_is_distinct_from	2026-10-05T14:32:06.6757590-05:00	00:00:00.2132409
Passed	Sillar.Modules.Crm.Tests.CrmPersistenceTests	Sillar.Modules.Crm.Tests.CrmPersistenceTests.Test18_tablas_no_replicadas_no_tienen_origin_node_ni_row_version	2026-10-05T14:32:05.0576011-05:00	00:00:00.0284103
Passed	Sillar.Modules.Crm.Tests.CrmPersistenceTests	Sillar.Modules.Crm.Tests.CrmPersistenceTests.Test19_tablas_replicadas_tienen_origin_node_y_row_version_se_incrementa	2026-10-05T14:32:07.0766353-05:00	00:00:00.2040420
Passed	Sillar.Modules.Crm.Tests.CrmPersistenceTests	Sillar.Modules.Crm.Tests.CrmPersistenceTests.Test20_set_updated_at_modifica_updated_at	2026-10-05T14:32:08.7510442-05:00	00:00:00.2836056
Passed	Sillar.Modules.Crm.Tests.CrmPersistenceTests	Sillar.Modules.Crm.Tests.CrmPersistenceTests.Test21_busqueda_parcial_email_trgm	2026-10-05T14:31:59.2998489-05:00	00:00:00.4499480
Passed	Sillar.Modules.Crm.Tests.CrmPersistenceTests	Sillar.Modules.Crm.Tests.CrmPersistenceTests.Test22_busqueda_full_name_tsvector_pena	2026-10-05T14:32:06.0985541-05:00	00:00:00.1843603
Passed	Sillar.Modules.Crm.Tests.CrmPersistenceTests	Sillar.Modules.Crm.Tests.CrmPersistenceTests.Test23_contact_message_sin_customer_id	2026-10-05T14:32:03.3671164-05:00	00:00:00.2333206
Passed	Sillar.Modules.Crm.Tests.CrmPersistenceTests	Sillar.Modules.Crm.Tests.CrmPersistenceTests.Test24_contact_message_vinculado_y_fk_inexistente	2026-10-05T14:32:06.4645411-05:00	00:00:00.2091741
Passed	Sillar.Modules.Crm.Tests.CrmPersistenceTests	Sillar.Modules.Crm.Tests.CrmPersistenceTests.Test25_contact_message_sin_email_ni_phone_falla	2026-10-05T14:32:06.2839039-05:00	00:00:00.1796405
Passed	Sillar.Modules.Crm.Tests.CrmPersistenceTests	Sillar.Modules.Crm.Tests.CrmPersistenceTests.Test26_contact_messages_no_tiene_origin_node_ni_row_version	2026-10-05T14:32:04.0908705-05:00	00:00:00.0092550
Passed	Sillar.Modules.Crm.Tests.CrmPersistenceTests	Sillar.Modules.Crm.Tests.CrmPersistenceTests.Test27_contact_messages_set_updated_at_modifica_updated_at	2026-10-05T14:32:08.1692584-05:00	00:00:00.3606420
Passed	Sillar.Modules.Crm.Tests.CustomerAccountTokenServiceTests	Sillar.Modules.Crm.Tests.CustomerAccountTokenServiceTests.Invitacion_crea_cuenta_y_verifica_correo	2026-10-05T14:31:23.8514283-05:00	00:00:03.0288127
Passed	Sillar.Modules.Crm.Tests.CustomerAccountTokenServiceTests	Sillar.Modules.Crm.Tests.CustomerAccountTokenServiceTests.Recuperar_password_revoca_todas_las_sesiones	2026-10-05T14:31:12.6212842-05:00	00:00:08.1196647
Passed	Sillar.Modules.Crm.Tests.CustomerAccountTokenServiceTests	Sillar.Modules.Crm.Tests.CustomerAccountTokenServiceTests.Verificacion_guarda_hash_y_solo_el_ultimo_token_es_valido	2026-10-05T14:31:20.7440095-05:00	00:00:03.1053035
Passed	Sillar.Modules.Crm.Tests.CustomerAdminContractTests	Sillar.Modules.Crm.Tests.CustomerAdminContractTests.Respuestas_admin_no_exponen_secretos(type: typeof(Sillar.Modules.Crm.Dtos.AdminCustomerAccessResponse))	2026-10-05T14:30:53.1987005-05:00	00:00:00.0132964
Passed	Sillar.Modules.Crm.Tests.CustomerAdminContractTests	Sillar.Modules.Crm.Tests.CustomerAdminContractTests.Respuestas_admin_no_exponen_secretos(type: typeof(Sillar.Modules.Crm.Dtos.AdminCustomerAddressResponse))	2026-10-05T14:30:53.2292367-05:00	00:00:00.0002116
Passed	Sillar.Modules.Crm.Tests.CustomerAdminContractTests	Sillar.Modules.Crm.Tests.CustomerAdminContractTests.Respuestas_admin_no_exponen_secretos(type: typeof(Sillar.Modules.Crm.Dtos.AdminCustomerDetailResponse))	2026-10-05T14:30:53.2304227-05:00	00:00:00.0002398
Passed	Sillar.Modules.Crm.Tests.CustomerAdminContractTests	Sillar.Modules.Crm.Tests.CustomerAdminContractTests.Respuestas_admin_no_exponen_secretos(type: typeof(Sillar.Modules.Crm.Dtos.AdminCustomerInvitationResponse))	2026-10-05T14:30:53.1618030-05:00	00:00:00.0357986
Passed	Sillar.Modules.Crm.Tests.CustomerAdminContractTests	Sillar.Modules.Crm.Tests.CustomerAdminContractTests.Respuestas_admin_no_exponen_secretos(type: typeof(Sillar.Modules.Crm.Dtos.AdminCustomerListItemResponse))	2026-10-05T14:30:53.2449045-05:00	00:00:00.0002254
Passed	Sillar.Modules.Crm.Tests.CustomerAdminContractTests	Sillar.Modules.Crm.Tests.CustomerAdminContractTests.Solo_la_ficha_admin_puede_exponer_notas_internas	2026-10-05T14:30:53.2512352-05:00	00:00:00.0158637
Passed	Sillar.Modules.Crm.Tests.CustomerAdminServiceTests	Sillar.Modules.Crm.Tests.CustomerAdminServiceTests.Baja_revoca_sesiones_y_reactivar_no_las_resucita	2026-10-05T14:31:26.8818552-05:00	00:00:03.0015253
Passed	Sillar.Modules.Crm.Tests.CustomerAdminServiceTests	Sillar.Modules.Crm.Tests.CustomerAdminServiceTests.Crea_ficha_sin_cuenta_y_la_encuentra_por_busqueda	2026-10-05T14:31:31.6463844-05:00	00:00:02.1575956
Passed	Sillar.Modules.Crm.Tests.CustomerAdminServiceTests	Sillar.Modules.Crm.Tests.CustomerAdminServiceTests.Editar_correo_de_cuenta_verificada_la_deja_sin_verificar	2026-10-05T14:31:33.8098921-05:00	00:00:01.7534250
Passed	Sillar.Modules.Crm.Tests.CustomerAdminServiceTests	Sillar.Modules.Crm.Tests.CustomerAdminServiceTests.Invitacion_marca_estado_y_no_expone_el_token	2026-10-05T14:31:29.8887288-05:00	00:00:01.7566963
Passed	Sillar.Modules.Crm.Tests.CustomerAuthenticationServiceTests	Sillar.Modules.Crm.Tests.CustomerAuthenticationServiceTests.Cliente_inactivo_no_puede_abrir_sesion	2026-10-05T14:32:13.8561088-05:00	00:00:01.4482070
Passed	Sillar.Modules.Crm.Tests.CustomerAuthenticationServiceTests	Sillar.Modules.Crm.Tests.CustomerAuthenticationServiceTests.Correo_inexistente_y_password_incorrecto_tienen_mismo_resultado	2026-10-05T14:32:12.0442075-05:00	00:00:01.8114255
Passed	Sillar.Modules.Crm.Tests.CustomerAuthenticationServiceTests	Sillar.Modules.Crm.Tests.CustomerAuthenticationServiceTests.Login_correcto_crea_customer_session	2026-10-05T14:32:09.6774835-05:00	00:00:02.3655080
Passed	Sillar.Modules.Crm.Tests.CustomerIdentityReaderTests	Sillar.Modules.Crm.Tests.CustomerIdentityReaderTests.El_contrato_es_solo_lectura	2026-10-05T14:31:43.1957888-05:00	00:00:00.0015087
Passed	Sillar.Modules.Crm.Tests.CustomerIdentityReaderTests	Sillar.Modules.Crm.Tests.CustomerIdentityReaderTests.El_contrato_no_pide_direccion	2026-10-05T14:31:35.5654224-05:00	00:00:00.0033143
Passed	Sillar.Modules.Crm.Tests.CustomerIdentityReaderTests	Sillar.Modules.Crm.Tests.CustomerIdentityReaderTests.La_identidad_solo_lleva_id_nombre_correo_y_telefono	2026-10-05T14:31:43.1921015-05:00	00:00:00.0030021
Passed	Sillar.Modules.Crm.Tests.CustomerIdentityReaderTests	Sillar.Modules.Crm.Tests.CustomerIdentityReaderTests.Los_contratos_no_arrastran_la_implementacion_de_CRM_ni_EF	2026-10-05T14:31:41.2140839-05:00	00:00:00.0071178
Passed	Sillar.Modules.Crm.Tests.CustomerIdentityReaderTests	Sillar.Modules.Crm.Tests.CustomerIdentityReaderTests.No_expone_notas_internas	2026-10-05T14:31:42.2537528-05:00	00:00:00.9241051
Passed	Sillar.Modules.Crm.Tests.CustomerIdentityReaderTests	Sillar.Modules.Crm.Tests.CustomerIdentityReaderTests.Por_lotes_devuelve_solo_los_activos_existentes_una_vez_cada_uno	2026-10-05T14:31:41.2225040-05:00	00:00:01.0296644
Passed	Sillar.Modules.Crm.Tests.CustomerIdentityReaderTests	Sillar.Modules.Crm.Tests.CustomerIdentityReaderTests.Por_lotes_una_coleccion_vacia_devuelve_un_diccionario_vacio	2026-10-05T14:31:43.1786398-05:00	00:00:00.0095759
Passed	Sillar.Modules.Crm.Tests.CustomerIdentityReaderTests	Sillar.Modules.Crm.Tests.CustomerIdentityReaderTests.Un_cliente_activo_devuelve_nombre_correo_y_telefono	2026-10-05T14:31:38.2868759-05:00	00:00:00.8862511
Passed	Sillar.Modules.Crm.Tests.CustomerIdentityReaderTests	Sillar.Modules.Crm.Tests.CustomerIdentityReaderTests.Un_cliente_de_baja_o_bloqueado_devuelve_null(estado: "baja")	2026-10-05T14:31:36.4363953-05:00	00:00:01.8488828
Passed	Sillar.Modules.Crm.Tests.CustomerIdentityReaderTests	Sillar.Modules.Crm.Tests.CustomerIdentityReaderTests.Un_cliente_de_baja_o_bloqueado_devuelve_null(estado: "bloqueo")	2026-10-05T14:31:35.5714880-05:00	00:00:00.8643727
Passed	Sillar.Modules.Crm.Tests.CustomerIdentityReaderTests	Sillar.Modules.Crm.Tests.CustomerIdentityReaderTests.Un_cliente_inexistente_devuelve_null	2026-10-05T14:31:43.1981308-05:00	00:00:00.9487246
Passed	Sillar.Modules.Crm.Tests.CustomerIdentityReaderTests	Sillar.Modules.Crm.Tests.CustomerIdentityReaderTests.Una_ficha_sin_cuenta_tambien_tiene_identidad	2026-10-05T14:31:39.1747761-05:00	00:00:02.0383657
Passed	Sillar.Modules.Crm.Tests.CustomerIdentityTests	Sillar.Modules.Crm.Tests.CustomerIdentityTests.Cookie_csrf_de_cliente_es_legible_y_conserva_barreras	2026-10-05T14:30:52.5780910-05:00	00:00:00.2488714
Passed	Sillar.Modules.Crm.Tests.CustomerIdentityTests	Sillar.Modules.Crm.Tests.CustomerIdentityTests.Cookie_csrf_no_reemplaza_la_cookie_de_sesion	2026-10-05T14:30:53.3339042-05:00	00:00:00.0578335
Passed	Sillar.Modules.Crm.Tests.CustomerIdentityTests	Sillar.Modules.Crm.Tests.CustomerIdentityTests.Cookie_de_cliente_conserva_las_barreras_del_spec	2026-10-05T14:30:53.0502465-05:00	00:00:00.0052078
Passed	Sillar.Modules.Crm.Tests.CustomerIdentityTests	Sillar.Modules.Crm.Tests.CustomerIdentityTests.CurrentCustomer_ignora_claims_administrativos	2026-10-05T14:30:53.0598027-05:00	00:00:00.1056651
Passed	Sillar.Modules.Crm.Tests.CustomerIdentityTests	Sillar.Modules.Crm.Tests.CustomerIdentityTests.CurrentCustomer_lee_solo_claims_de_cliente	2026-10-05T14:30:53.1783726-05:00	00:00:00.1529935
Passed	Sillar.Modules.Crm.Tests.CustomerIdentityTests	Sillar.Modules.Crm.Tests.CustomerIdentityTests.Identidad_de_cliente_tiene_namespace_cookie_y_esquema_propios	2026-10-05T14:30:53.0338919-05:00	00:00:00.0007207
Passed	Sillar.Modules.Crm.Tests.CustomerLoginPolicyTests	Sillar.Modules.Crm.Tests.CustomerLoginPolicyTests.BCrypt_cliente_nunca_baja_de_factor_12	2026-10-05T14:30:53.0302390-05:00	00:00:00.0005250
Passed	Sillar.Modules.Crm.Tests.CustomerLoginPolicyTests	Sillar.Modules.Crm.Tests.CustomerLoginPolicyTests.Cuenta_no_se_bloquea_y_la_espera_crece	2026-10-05T14:30:53.0660664-05:00	00:00:00.0010072
Passed	Sillar.Modules.Crm.Tests.CustomerLoginPolicyTests	Sillar.Modules.Crm.Tests.CustomerLoginPolicyTests.Ip_tiene_un_margen_mucho_mas_generoso	2026-10-05T14:30:53.0465628-05:00	00:00:00.0111404
Passed	Sillar.Modules.Crm.Tests.CustomerLoginPolicyTests	Sillar.Modules.Crm.Tests.CustomerLoginPolicyTests.Sesion_cliente_tiene_politica_propia	2026-10-05T14:30:52.5781751-05:00	00:00:00.2451302
Passed	Sillar.Modules.Crm.Tests.CustomerPasswordExposureTests	Sillar.Modules.Crm.Tests.CustomerPasswordExposureTests.Criterio13_los_contratos_de_respuesta_no_exponen_password_ni_hash	2026-10-05T14:30:52.5783143-05:00	00:00:00.6742359
Passed	Sillar.Modules.Crm.Tests.CustomerProfileContractTests	Sillar.Modules.Crm.Tests.CustomerProfileContractTests.Contratos_publicos_no_exponen_campos_internos(type: typeof(Sillar.Modules.Crm.Contracts.CustomerIdentity))	2026-10-05T14:30:53.1906411-05:00	00:00:00.0001503
Passed	Sillar.Modules.Crm.Tests.CustomerProfileContractTests	Sillar.Modules.Crm.Tests.CustomerProfileContractTests.Contratos_publicos_no_exponen_campos_internos(type: typeof(Sillar.Modules.Crm.Contracts.CustomerOrderAddressSnapshot))	2026-10-05T14:30:53.1677450-05:00	00:00:00.0009570
Passed	Sillar.Modules.Crm.Tests.CustomerProfileContractTests	Sillar.Modules.Crm.Tests.CustomerProfileContractTests.Contratos_publicos_no_exponen_campos_internos(type: typeof(Sillar.Modules.Crm.Contracts.CustomerOrderContactSnapshot))	2026-10-05T14:30:53.1532670-05:00	00:00:00.0069333
Passed	Sillar.Modules.Crm.Tests.CustomerProfileContractTests	Sillar.Modules.Crm.Tests.CustomerProfileContractTests.Contratos_publicos_no_exponen_campos_internos(type: typeof(Sillar.Modules.Crm.Contracts.CustomerOrderSnapshot))	2026-10-05T14:30:53.1895027-05:00	00:00:00.0001945
Passed	Sillar.Modules.Crm.Tests.CustomerProfileContractTests	Sillar.Modules.Crm.Tests.CustomerProfileContractTests.Contratos_publicos_no_exponen_campos_internos(type: typeof(Sillar.Modules.Crm.Dtos.CustomerAddressResponse))	2026-10-05T14:30:53.1697171-05:00	00:00:00.0095690
Passed	Sillar.Modules.Crm.Tests.CustomerProfileContractTests	Sillar.Modules.Crm.Tests.CustomerProfileContractTests.Contratos_publicos_no_exponen_campos_internos(type: typeof(Sillar.Modules.Crm.Dtos.CustomerProfileResponse))	2026-10-05T14:30:53.1832175-05:00	00:00:00.0001950
Passed	Sillar.Modules.Crm.Tests.CustomerProfileServiceTests	Sillar.Modules.Crm.Tests.CustomerProfileServiceTests.Agrega_dos_direcciones_y_cambia_la_preferida	2026-10-05T14:31:58.0464218-05:00	00:00:00.4666968
Passed	Sillar.Modules.Crm.Tests.CustomerProfileServiceTests	Sillar.Modules.Crm.Tests.CustomerProfileServiceTests.Cambiar_correo_invalida_verificacion	2026-10-05T14:31:57.1228532-05:00	00:00:00.4730292
Passed	Sillar.Modules.Crm.Tests.CustomerProfileServiceTests	Sillar.Modules.Crm.Tests.CustomerProfileServiceTests.No_modifica_una_direccion_de_otro_cliente	2026-10-05T14:31:58.8535277-05:00	00:00:00.4448413
Passed	Sillar.Modules.Crm.Tests.CustomerProfileServiceTests	Sillar.Modules.Crm.Tests.CustomerProfileServiceTests.Perfil_no_expone_notas_internas	2026-10-05T14:31:58.5136908-05:00	00:00:00.3388653
Passed	Sillar.Modules.Crm.Tests.CustomerProfileServiceTests	Sillar.Modules.Crm.Tests.CustomerProfileServiceTests.Snapshot_para_M03_usa_solo_datos_publicables_del_cliente	2026-10-05T14:31:57.5963725-05:00	00:00:00.4490419
Passed	Sillar.Modules.Crm.Tests.CustomerRegistrationPolicyTests	Sillar.Modules.Crm.Tests.CustomerRegistrationPolicyTests.Password_comun_se_rechaza	2026-10-05T14:30:53.0417448-05:00	00:00:00.0096457
Passed	Sillar.Modules.Crm.Tests.CustomerRegistrationPolicyTests	Sillar.Modules.Crm.Tests.CustomerRegistrationPolicyTests.Password_con_identidad_se_rechaza	2026-10-05T14:30:53.0338919-05:00	00:00:00.0028194
Passed	Sillar.Modules.Crm.Tests.CustomerRegistrationPolicyTests	Sillar.Modules.Crm.Tests.CustomerRegistrationPolicyTests.Password_larga_sin_identidad_se_acepta	2026-10-05T14:30:52.5782479-05:00	00:00:00.2471802
Passed	Sillar.Modules.Crm.Tests.CustomerRegistrationPolicyTests	Sillar.Modules.Crm.Tests.CustomerRegistrationPolicyTests.Password_menor_de_12_se_rechaza	2026-10-05T14:30:53.0580751-05:00	00:00:00.0003509
Passed	Sillar.Modules.Crm.Tests.CustomerRegistrationServiceTests	Sillar.Modules.Crm.Tests.CustomerRegistrationServiceTests.Ficha_con_cuenta_no_reemplaza_la_password_existente	2026-10-05T14:31:53.2269758-05:00	00:00:02.5109007
Passed	Sillar.Modules.Crm.Tests.CustomerRegistrationServiceTests	Sillar.Modules.Crm.Tests.CustomerRegistrationServiceTests.Ficha_existente_sin_cuenta_se_enlaza_sin_duplicarla_ni_pisar_notas	2026-10-05T14:31:51.6166976-05:00	00:00:01.6093149
Passed	Sillar.Modules.Crm.Tests.CustomerRegistrationServiceTests	Sillar.Modules.Crm.Tests.CustomerRegistrationServiceTests.Registro_nuevo_crea_ficha_y_cuenta_no_verificada	2026-10-05T14:31:55.7385854-05:00	00:00:01.3832211
Passed	Sillar.Modules.Crm.Tests.CustomerSessionServiceTests	Sillar.Modules.Crm.Tests.CustomerSessionServiceTests.Abrir_sesion_guarda_solo_hashes_de_los_secretos	2026-10-05T14:32:09.4825988-05:00	00:00:00.1921725
Passed	Sillar.Modules.Crm.Tests.CustomerSessionServiceTests	Sillar.Modules.Crm.Tests.CustomerSessionServiceTests.Logout_revoca_la_fila_y_no_se_puede_rotar_csrf	2026-10-05T14:32:09.0407236-05:00	00:00:00.2393998
Passed	Sillar.Modules.Crm.Tests.CustomerSessionServiceTests	Sillar.Modules.Crm.Tests.CustomerSessionServiceTests.Rotar_csrf_invalida_el_token_anterior	2026-10-05T14:32:09.2809273-05:00	00:00:00.2009201
Passed	Sillar.Modules.Crm.Tests.CustomerSnapshotReaderTests	Sillar.Modules.Crm.Tests.CustomerSnapshotReaderTests.Cliente_de_baja_o_bloqueado_devuelve_null_en_las_dos_variantes(estado: "baja")	2026-10-05T14:31:46.9084304-05:00	00:00:00.7218076
Passed	Sillar.Modules.Crm.Tests.CustomerSnapshotReaderTests	Sillar.Modules.Crm.Tests.CustomerSnapshotReaderTests.Cliente_de_baja_o_bloqueado_devuelve_null_en_las_dos_variantes(estado: "bloqueo")	2026-10-05T14:31:46.0563021-05:00	00:00:00.8512661
Passed	Sillar.Modules.Crm.Tests.CustomerSnapshotReaderTests	Sillar.Modules.Crm.Tests.CustomerSnapshotReaderTests.Cliente_inexistente_devuelve_null_en_las_dos_variantes	2026-10-05T14:31:49.9487981-05:00	00:00:00.5228572
Passed	Sillar.Modules.Crm.Tests.CustomerSnapshotReaderTests	Sillar.Modules.Crm.Tests.CustomerSnapshotReaderTests.Con_direccion_ajena_devuelve_null	2026-10-05T14:31:44.8983414-05:00	00:00:01.1544098
Passed	Sillar.Modules.Crm.Tests.CustomerSnapshotReaderTests	Sillar.Modules.Crm.Tests.CustomerSnapshotReaderTests.Con_direccion_de_baja_devuelve_null	2026-10-05T14:31:47.6318420-05:00	00:00:00.6708954
Passed	Sillar.Modules.Crm.Tests.CustomerSnapshotReaderTests	Sillar.Modules.Crm.Tests.CustomerSnapshotReaderTests.Con_direccion_inexistente_devuelve_null_y_no_cae_en_la_variante_sin_direccion	2026-10-05T14:31:50.8385435-05:00	00:00:00.3400130
Passed	Sillar.Modules.Crm.Tests.CustomerSnapshotReaderTests	Sillar.Modules.Crm.Tests.CustomerSnapshotReaderTests.Con_direccion_valida_devuelve_cliente_y_direccion_como_en_1_0_0	2026-10-05T14:31:48.3035567-05:00	00:00:00.6895723
Passed	Sillar.Modules.Crm.Tests.CustomerSnapshotReaderTests	Sillar.Modules.Crm.Tests.CustomerSnapshotReaderTests.Ficha_sin_cuenta_devuelve_null_en_las_dos_variantes	2026-10-05T14:31:50.4730762-05:00	00:00:00.3641846
Passed	Sillar.Modules.Crm.Tests.CustomerSnapshotReaderTests	Sillar.Modules.Crm.Tests.CustomerSnapshotReaderTests.Las_instantaneas_no_se_pueden_modificar_despues_de_creadas(tipo: typeof(Sillar.Modules.Crm.Contracts.CustomerOrderAddressSnapshot))	2026-10-05T14:31:49.9464988-05:00	00:00:00.0008137
Passed	Sillar.Modules.Crm.Tests.CustomerSnapshotReaderTests	Sillar.Modules.Crm.Tests.CustomerSnapshotReaderTests.Las_instantaneas_no_se_pueden_modificar_despues_de_creadas(tipo: typeof(Sillar.Modules.Crm.Contracts.CustomerOrderContactSnapshot))	2026-10-05T14:31:49.9478015-05:00	00:00:00.0001017
Passed	Sillar.Modules.Crm.Tests.CustomerSnapshotReaderTests	Sillar.Modules.Crm.Tests.CustomerSnapshotReaderTests.Las_instantaneas_no_se_pueden_modificar_despues_de_creadas(tipo: typeof(Sillar.Modules.Crm.Contracts.CustomerOrderSnapshot))	2026-10-05T14:31:49.9447233-05:00	00:00:00.0011900
Passed	Sillar.Modules.Crm.Tests.CustomerSnapshotReaderTests	Sillar.Modules.Crm.Tests.CustomerSnapshotReaderTests.Sin_direccion_devuelve_los_datos_del_cliente_aunque_no_tenga_ninguna_direccion	2026-10-05T14:31:48.9939817-05:00	00:00:00.5217266
Passed	Sillar.Modules.Crm.Tests.CustomerSnapshotReaderTests	Sillar.Modules.Crm.Tests.CustomerSnapshotReaderTests.Sin_direccion_no_expone_ninguna_propiedad_de_direccion	2026-10-05T14:31:49.9422604-05:00	00:00:00.0015282
Passed	Sillar.Modules.Crm.Tests.CustomerSnapshotReaderTests	Sillar.Modules.Crm.Tests.CustomerSnapshotReaderTests.Sin_direccion_no_filtra_notas_internas	2026-10-05T14:31:44.1494738-05:00	00:00:00.7478574
Passed	Sillar.Modules.Crm.Tests.CustomerSnapshotReaderTests	Sillar.Modules.Crm.Tests.CustomerSnapshotReaderTests.Sin_direccion_refleja_correo_sin_verificar	2026-10-05T14:31:49.5170709-05:00	00:00:00.4224625
Passed	Sillar.Modules.Crm.Tests.CustomerSnapshotReaderTests	Sillar.Modules.Crm.Tests.CustomerSnapshotReaderTests.Un_cambio_posterior_del_perfil_no_altera_la_instantanea_ya_tomada	2026-10-05T14:31:51.1792184-05:00	00:00:00.4302067
Passed	Sillar.Modules.Crm.Tests.CustomerTokenPolicyTests	Sillar.Modules.Crm.Tests.CustomerTokenPolicyTests.Invitacion_caduca	2026-10-05T14:30:53.0395933-05:00	00:00:00.0084564
Passed	Sillar.Modules.Crm.Tests.CustomerTokenPolicyTests	Sillar.Modules.Crm.Tests.CustomerTokenPolicyTests.Propósitos_coinciden_con_el_schema	2026-10-05T14:30:52.5782743-05:00	00:00:00.2327594
Passed	Sillar.Modules.Crm.Tests.CustomerTokenPolicyTests	Sillar.Modules.Crm.Tests.CustomerTokenPolicyTests.Recuperacion_es_corta	2026-10-05T14:30:53.0494216-05:00	00:00:00.0003768
Passed	Sillar.Modules.Crm.Tests.CustomerTokenPolicyTests	Sillar.Modules.Crm.Tests.CustomerTokenPolicyTests.Verificacion_caduca	2026-10-05T14:30:53.0281428-05:00	00:00:00.0072298
Passed	Sillar.Modules.Sales.Tests.AtribucionDelPersonalTests	Sillar.Modules.Sales.Tests.AtribucionDelPersonalTests.El_nodo_de_la_cuenta_no_se_deriva_del_nodo_de_la_actuacion	2026-10-05T14:30:52.1095709-05:00	00:00:00.0335095
Passed	Sillar.Modules.Sales.Tests.AtribucionDelPersonalTests	Sillar.Modules.Sales.Tests.AtribucionDelPersonalTests.El_nodo_de_la_cuenta_puede_ser_distinto_del_nodo_de_la_actuacion	2026-10-05T14:30:52.2512988-05:00	00:00:00.0160836
Passed	Sillar.Modules.Sales.Tests.AtribucionDelPersonalTests	Sillar.Modules.Sales.Tests.AtribucionDelPersonalTests.El_pedido_no_interviene_en_la_interpretacion_de_la_atribucion	2026-10-05T14:30:52.2231919-05:00	00:00:00.0131832
Passed	Sillar.Modules.Sales.Tests.AtribucionDelPersonalTests	Sillar.Modules.Sales.Tests.AtribucionDelPersonalTests.La_atribucion_de_un_cambio_se_resuelve_sin_leer_el_pedido	2026-10-05T14:30:52.0891553-05:00	00:00:00.0189603
Passed	Sillar.Modules.Sales.Tests.AtribucionDelPersonalTests	Sillar.Modules.Sales.Tests.AtribucionDelPersonalTests.La_cabecera_del_pedido_no_atribuye_a_ningun_trabajador	2026-10-05T14:30:52.8088115-05:00	00:00:00.0095676
Passed	Sillar.Modules.Sales.Tests.AtribucionDelPersonalTests	Sillar.Modules.Sales.Tests.AtribucionDelPersonalTests.La_migracion_no_declara_ninguna_clave_foranea_hacia_core_admin_users	2026-10-05T14:30:52.1504395-05:00	00:00:00.0627559
Passed	Sillar.Modules.Sales.Tests.AtribucionDelPersonalTests	Sillar.Modules.Sales.Tests.AtribucionDelPersonalTests.La_migracion_solo_referencia_dos_schemas_ajenos_y_ninguno_es_core	2026-10-05T14:30:52.8610138-05:00	00:00:00.0375734
Passed	Sillar.Modules.Sales.Tests.AtribucionDelPersonalTests	Sillar.Modules.Sales.Tests.AtribucionDelPersonalTests.La_tabla_orders_de_la_migracion_no_tiene_columna_de_atribucion	2026-10-05T14:30:52.7515241-05:00	00:00:00.0121968
Passed	Sillar.Modules.Sales.Tests.AtribucionDelPersonalTests	Sillar.Modules.Sales.Tests.AtribucionDelPersonalTests.Ningun_CHECK_exige_que_los_dos_nodos_coincidan	2026-10-05T14:30:52.2963364-05:00	00:00:00.4541058
Passed	Sillar.Modules.Sales.Tests.AtribucionDelPersonalTests	Sillar.Modules.Sales.Tests.AtribucionDelPersonalTests.Ninguna_de_las_seis_atribuciones_parciales_se_acepta	2026-10-05T14:30:52.0488932-05:00	00:00:00.0272318
Passed	Sillar.Modules.Sales.Tests.AtribucionDelPersonalTests	Sillar.Modules.Sales.Tests.AtribucionDelPersonalTests.Un_cambio_automatico_leido_desde_la_entidad_no_atribuye_a_nadie	2026-10-05T14:30:51.5452865-05:00	00:00:00.1555308
Passed	Sillar.Modules.Sales.Tests.AtribucionDelPersonalTests	Sillar.Modules.Sales.Tests.AtribucionDelPersonalTests.Un_cambio_automatico_lleva_los_tres_datos_nulos_y_no_atribuye_a_nadie	2026-10-05T14:30:52.9107789-05:00	00:00:00.0003721
Passed	Sillar.Modules.Sales.Tests.AtribucionDelPersonalTests	Sillar.Modules.Sales.Tests.AtribucionDelPersonalTests.Un_cambio_humano_lleva_los_tres_datos_presentes	2026-10-05T14:30:52.8369987-05:00	00:00:00.0004419
Passed	Sillar.Modules.Sales.Tests.AtribucionDelPersonalTests	Sillar.Modules.Sales.Tests.AtribucionDelPersonalTests.Un_identificador_local_cero_o_negativo_no_se_acepta	2026-10-05T14:30:52.2687426-05:00	00:00:00.0151047
Passed	Sillar.Modules.Sales.Tests.AtribucionDelPersonalTests	Sillar.Modules.Sales.Tests.AtribucionDelPersonalTests.Un_pago_humano_exige_los_tres_datos	2026-10-05T14:30:52.1444111-05:00	00:00:00.0007553
Passed	Sillar.Modules.Sales.Tests.AtribucionDelPersonalTests	Sillar.Modules.Sales.Tests.AtribucionDelPersonalTests.Un_pago_sin_identificador_local_no_se_registra	2026-10-05T14:30:52.7773570-05:00	00:00:00.0008590
Passed	Sillar.Modules.Sales.Tests.AtribucionDelPersonalTests	Sillar.Modules.Sales.Tests.AtribucionDelPersonalTests.Un_pago_sin_nodo_de_la_cuenta_no_se_registra	2026-10-05T14:30:51.9553111-05:00	00:00:00.0654570
Passed	Sillar.Modules.Sales.Tests.AtribucionDelPersonalTests	Sillar.Modules.Sales.Tests.AtribucionDelPersonalTests.Un_pago_sin_nombre_no_se_registra	2026-10-05T14:30:52.7908450-05:00	00:00:00.0164127
Passed	Sillar.Modules.Sales.Tests.CodigoVisibleTests	Sillar.Modules.Sales.Tests.CodigoVisibleTests.Dos_anios_distintos_dan_codigos_distintos_con_el_mismo_correlativo	2026-10-05T14:30:52.1359933-05:00	00:00:00.0271471
Passed	Sillar.Modules.Sales.Tests.CodigoVisibleTests	Sillar.Modules.Sales.Tests.CodigoVisibleTests.Dos_nodos_distintos_dan_codigos_distintos_con_la_misma_serie	2026-10-05T14:30:51.5458014-05:00	00:00:00.1752564
Passed	Sillar.Modules.Sales.Tests.CodigoVisibleTests	Sillar.Modules.Sales.Tests.CodigoVisibleTests.El_codigo_visible_de_un_pedido_tiene_la_forma_P_2026_0147	2026-10-05T14:30:52.0922685-05:00	00:00:00.0003383
Passed	Sillar.Modules.Sales.Tests.CodigoVisibleTests	Sillar.Modules.Sales.Tests.CodigoVisibleTests.El_correlativo_se_rellena_hasta_cuatro_digitos	2026-10-05T14:30:51.9848804-05:00	00:00:00.0116005
Passed	Sillar.Modules.Sales.Tests.CodigoVisibleTests	Sillar.Modules.Sales.Tests.CodigoVisibleTests.El_mensaje_de_la_etiqueta_ausente_dice_que_no_hay_valor_por_defecto	2026-10-05T14:30:52.0110750-05:00	00:00:00.0206678
Passed	Sillar.Modules.Sales.Tests.CodigoVisibleTests	Sillar.Modules.Sales.Tests.CodigoVisibleTests.La_etiqueta_del_nodo_va_delante_del_anio	2026-10-05T14:30:52.1264678-05:00	00:00:00.0059312
Passed	Sillar.Modules.Sales.Tests.CodigoVisibleTests	Sillar.Modules.Sales.Tests.CodigoVisibleTests.La_etiqueta_se_recorta_pero_no_se_transforma	2026-10-05T14:30:51.9613688-05:00	00:00:00.0220908
Passed	Sillar.Modules.Sales.Tests.CodigoVisibleTests	Sillar.Modules.Sales.Tests.CodigoVisibleTests.Sin_etiqueta_de_nodo_no_se_compone_ningun_codigo	2026-10-05T14:30:52.0733096-05:00	00:00:00.0035447
Passed	Sillar.Modules.Sales.Tests.CodigoVisibleTests	Sillar.Modules.Sales.Tests.CodigoVisibleTests.Un_correlativo_de_cinco_cifras_no_se_recorta	2026-10-05T14:30:52.0614240-05:00	00:00:00.0003390
Passed	Sillar.Modules.Sales.Tests.CodigoVisibleTests	Sillar.Modules.Sales.Tests.CodigoVisibleTests.Un_correlativo_menor_que_uno_no_se_acepta	2026-10-05T14:30:52.1160212-05:00	00:00:00.0091472
Passed	Sillar.Modules.Sales.Tests.CongelarClienteTests	Sillar.Modules.Sales.Tests.CongelarClienteTests.Congelar_copia_los_seis_campos_al_pedido	2026-10-05T14:30:51.9827950-05:00	00:00:00.0755813
Passed	Sillar.Modules.Sales.Tests.CongelarClienteTests	Sillar.Modules.Sales.Tests.CongelarClienteTests.El_pedido_no_recibe_ninguna_direccion	2026-10-05T14:30:52.1365905-05:00	00:00:00.0331987
Passed	Sillar.Modules.Sales.Tests.CongelarClienteTests	Sillar.Modules.Sales.Tests.CongelarClienteTests.Los_motivos_de_rechazo_no_nombran_ninguna_causa_que_M04_no_garantice	2026-10-05T14:30:52.1141119-05:00	00:00:00.0099896
Passed	Sillar.Modules.Sales.Tests.CongelarClienteTests	Sillar.Modules.Sales.Tests.CongelarClienteTests.Se_usa_la_sobrecarga_SIN_direccion	2026-10-05T14:30:51.9495527-05:00	00:00:00.0315360
Passed	Sillar.Modules.Sales.Tests.CongelarClienteTests	Sillar.Modules.Sales.Tests.CongelarClienteTests.Si_M04_devuelve_null_no_se_inventa_la_causa	2026-10-05T14:30:52.0722783-05:00	00:00:00.0180381
Passed	Sillar.Modules.Sales.Tests.CongelarClienteTests	Sillar.Modules.Sales.Tests.CongelarClienteTests.Un_cliente_verificado_se_congela_con_sus_seis_datos	2026-10-05T14:30:51.5457565-05:00	00:00:00.2219667
Passed	Sillar.Modules.Sales.Tests.CongelarClienteTests	Sillar.Modules.Sales.Tests.CongelarClienteTests.Un_correo_sin_verificar_no_compra	2026-10-05T14:30:52.1316895-05:00	00:00:00.0024769
Passed	Sillar.Modules.Sales.Tests.CrearPedidoPersistenciaTests	Sillar.Modules.Sales.Tests.CrearPedidoPersistenciaTests.El_precio_de_la_linea_lo_pone_M01_y_no_quien_llama	2026-10-05T14:31:07.7680763-05:00	00:00:00.2715339
Passed	Sillar.Modules.Sales.Tests.CrearPedidoPersistenciaTests	Sillar.Modules.Sales.Tests.CrearPedidoPersistenciaTests.El_rollback_de_la_transaccion_exterior_devuelve_el_numero	2026-10-05T14:31:08.2389463-05:00	00:00:00.1491943
Passed	Sillar.Modules.Sales.Tests.CrearPedidoPersistenciaTests	Sillar.Modules.Sales.Tests.CrearPedidoPersistenciaTests.El_snapshot_sigue_congelado_cuando_M01_cambia_despues	2026-10-05T14:31:08.1861762-05:00	00:00:00.0372414
Passed	Sillar.Modules.Sales.Tests.CrearPedidoPersistenciaTests	Sillar.Modules.Sales.Tests.CrearPedidoPersistenciaTests.Se_pregunta_por_la_vendibilidad_antes_de_tomar_el_precio	2026-10-05T14:31:08.0443254-05:00	00:00:00.0172748
Passed	Sillar.Modules.Sales.Tests.CrearPedidoPersistenciaTests	Sillar.Modules.Sales.Tests.CrearPedidoPersistenciaTests.Un_carrito_vacio_no_entra_en_confirmacion	2026-10-05T14:31:08.3914970-05:00	00:00:00.0074604
Passed	Sillar.Modules.Sales.Tests.CrearPedidoPersistenciaTests	Sillar.Modules.Sales.Tests.CrearPedidoPersistenciaTests.Un_correo_sin_verificar_no_llega_a_preguntar_por_el_catalogo	2026-10-05T14:31:08.6014474-05:00	00:00:00.0307283
Passed	Sillar.Modules.Sales.Tests.CrearPedidoPersistenciaTests	Sillar.Modules.Sales.Tests.CrearPedidoPersistenciaTests.Un_item_inexistente_o_inactivo_no_produce_pedido	2026-10-05T14:31:08.4006710-05:00	00:00:00.0595182
Passed	Sillar.Modules.Sales.Tests.CrearPedidoPersistenciaTests	Sillar.Modules.Sales.Tests.CrearPedidoPersistenciaTests.Un_pedido_que_no_llega_a_crearse_no_consume_numero	2026-10-05T14:31:08.5795452-05:00	00:00:00.0179891
Passed	Sillar.Modules.Sales.Tests.CrearPedidoPersistenciaTests	Sillar.Modules.Sales.Tests.CrearPedidoPersistenciaTests.Un_pedido_se_crea_con_el_precio_de_M01_y_su_snapshot_congelado	2026-10-05T14:31:08.4648448-05:00	00:00:00.1128846
Passed	Sillar.Modules.Sales.Tests.CrearPedidoPersistenciaTests	Sillar.Modules.Sales.Tests.CrearPedidoPersistenciaTests.Un_precio_null_no_entra_al_pedido_y_un_precio_cero_si	2026-10-05T14:31:08.0633148-05:00	00:00:00.1204912
Passed	Sillar.Modules.Sales.Tests.CrearPedidoPersistenciaTests	Sillar.Modules.Sales.Tests.CrearPedidoPersistenciaTests.Una_cantidad_no_positiva_no_produce_pedido	2026-10-05T14:31:08.2254937-05:00	00:00:00.0117695
Passed	Sillar.Modules.Sales.Tests.EstadosYPagoTests	Sillar.Modules.Sales.Tests.EstadosYPagoTests.La_secuencia_principal_tiene_cinco_estados_en_orden	2026-10-05T14:30:52.0385749-05:00	00:00:00.0012854
Passed	Sillar.Modules.Sales.Tests.EstadosYPagoTests	Sillar.Modules.Sales.Tests.EstadosYPagoTests.Los_estados_se_guardan_en_ingles_tecnico_y_no_en_espaniol	2026-10-05T14:30:52.1440698-05:00	00:00:00.2786414
Passed	Sillar.Modules.Sales.Tests.EstadosYPagoTests	Sillar.Modules.Sales.Tests.EstadosYPagoTests.Los_estados_visibles_son_exactamente_siete	2026-10-05T14:30:51.5457030-05:00	00:00:00.1693589
Passed	Sillar.Modules.Sales.Tests.EstadosYPagoTests	Sillar.Modules.Sales.Tests.EstadosYPagoTests.Los_siete_estados_son_los_ratificados_el_26_de_septiembre	2026-10-05T14:30:51.9500852-05:00	00:00:00.0328525
Passed	Sillar.Modules.Sales.Tests.EstadosYPagoTests	Sillar.Modules.Sales.Tests.EstadosYPagoTests.Ningun_estado_esta_repetido	2026-10-05T14:30:52.0643043-05:00	00:00:00.0172238
Passed	Sillar.Modules.Sales.Tests.EstadosYPagoTests	Sillar.Modules.Sales.Tests.EstadosYPagoTests.Vencido_no_es_lo_mismo_que_cancelado	2026-10-05T14:30:52.0060598-05:00	00:00:00.0099603
Passed	Sillar.Modules.Sales.Tests.EstadosYPagoTests	Sillar.Modules.Sales.Tests.EstadosYPagoTests.Vencido_y_cancelado_estan_fuera_de_la_secuencia_principal	2026-10-05T14:30:52.0829273-05:00	00:00:00.0441172
Passed	Sillar.Modules.Sales.Tests.MediosDePagoTests	Sillar.Modules.Sales.Tests.MediosDePagoTests.Cualquier_otro_medio_queda_fuera	2026-10-05T14:30:52.4357352-05:00	00:00:00.0211587
Passed	Sillar.Modules.Sales.Tests.MediosDePagoTests	Sillar.Modules.Sales.Tests.MediosDePagoTests.El_efectivo_es_un_medio_valido	2026-10-05T14:30:52.2692799-05:00	00:00:00.0010156
Passed	Sillar.Modules.Sales.Tests.MediosDePagoTests	Sillar.Modules.Sales.Tests.MediosDePagoTests.La_tarjeta_no_se_admite_en_M03_v1	2026-10-05T14:30:52.4338811-05:00	00:00:00.0004621
Passed	Sillar.Modules.Sales.Tests.MediosDePagoTests	Sillar.Modules.Sales.Tests.MediosDePagoTests.Los_valores_van_en_minusculas_y_sin_espacios	2026-10-05T14:30:52.3576667-05:00	00:00:00.0363252
Passed	Sillar.Modules.Sales.Tests.MediosDePagoTests	Sillar.Modules.Sales.Tests.MediosDePagoTests.V1_admite_yape_y_efectivo	2026-10-05T14:30:52.3955114-05:00	00:00:00.0183244
Passed	Sillar.Modules.Sales.Tests.MediosDePagoTests	Sillar.Modules.Sales.Tests.MediosDePagoTests.Yape_es_un_medio_valido	2026-10-05T14:30:52.2857655-05:00	00:00:00.0008082
Passed	Sillar.Modules.Sales.Tests.NumeracionTests	Sillar.Modules.Sales.Tests.NumeracionTests.El_anio_de_la_serie_es_el_de_Lima_y_no_el_de_UTC	2026-10-05T14:31:00.6611184-05:00	00:00:00.0005530
Passed	Sillar.Modules.Sales.Tests.NumeracionTests	Sillar.Modules.Sales.Tests.NumeracionTests.El_codigo_de_esa_tarde_se_compone_con_el_anio_de_Lima	2026-10-05T14:30:59.6558270-05:00	00:00:00.0065005
Passed	Sillar.Modules.Sales.Tests.NumeracionTests	Sillar.Modules.Sales.Tests.NumeracionTests.El_mediodia_de_Lima_y_el_de_UTC_dan_el_mismo_anio	2026-10-05T14:30:59.6777437-05:00	00:00:00.0031593
Passed	Sillar.Modules.Sales.Tests.NumeracionTests	Sillar.Modules.Sales.Tests.NumeracionTests.Fuera_de_una_transaccion_el_numerador_se_niega_a_numerar	2026-10-05T14:30:59.7045951-05:00	00:00:00.9497059
Passed	Sillar.Modules.Sales.Tests.NumeracionTests	Sillar.Modules.Sales.Tests.NumeracionTests.La_guarda_de_transaccion_actua_antes_de_mirar_la_configuracion	2026-10-05T14:30:51.5457819-05:00	00:00:08.0358471
Passed	Sillar.Modules.Sales.Tests.NumeracionTests	Sillar.Modules.Sales.Tests.NumeracionTests.La_zona_del_negocio_se_resuelve_en_esta_maquina	2026-10-05T14:30:59.6730743-05:00	00:00:00.0004633
Passed	Sillar.Modules.Sales.Tests.NumeracionTests	Sillar.Modules.Sales.Tests.NumeracionTests.Un_pedido_de_la_tarde_del_31_de_diciembre_conserva_su_anio	2026-10-05T14:30:59.6903209-05:00	00:00:00.0025864
Passed	Sillar.Modules.Sales.Tests.PedidosPropiosPersistenciaTests	Sillar.Modules.Sales.Tests.PedidosPropiosPersistenciaTests.El_contrato_publico_acota_el_limite_en_vez_de_obedecerlo	2026-10-05T14:31:06.3949734-05:00	00:00:00.1085459
Passed	Sillar.Modules.Sales.Tests.PedidosPropiosPersistenciaTests	Sillar.Modules.Sales.Tests.PedidosPropiosPersistenciaTests.El_historial_no_devuelve_pedidos_dados_de_baja	2026-10-05T14:31:06.5125200-05:00	00:00:00.0613059
Passed	Sillar.Modules.Sales.Tests.PedidosPropiosPersistenciaTests	Sillar.Modules.Sales.Tests.PedidosPropiosPersistenciaTests.El_historial_va_del_mas_reciente_al_mas_antiguo	2026-10-05T14:31:05.9574170-05:00	00:00:00.3301045
Passed	Sillar.Modules.Sales.Tests.PedidosPropiosPersistenciaTests	Sillar.Modules.Sales.Tests.PedidosPropiosPersistenciaTests.El_pedido_de_otro_cliente_no_existe_para_la_consulta_filtrada	2026-10-05T14:30:55.0441911-05:00	00:00:09.3689169
Passed	Sillar.Modules.Sales.Tests.PedidosPropiosPersistenciaTests	Sillar.Modules.Sales.Tests.PedidosPropiosPersistenciaTests.El_resumen_cuenta_las_lineas_sin_traerlas	2026-10-05T14:31:04.4617764-05:00	00:00:01.4916403
Passed	Sillar.Modules.Sales.Tests.PedidosPropiosPersistenciaTests	Sillar.Modules.Sales.Tests.PedidosPropiosPersistenciaTests.Un_cliente_sin_pedidos_recibe_una_lista_vacia_y_no_un_error	2026-10-05T14:31:06.2927070-05:00	00:00:00.0937897
Passed	Sillar.Modules.Sales.Tests.PedidosPropiosPersistenciaTests	Sillar.Modules.Sales.Tests.PedidosPropiosPersistenciaTests.Un_cliente_solo_ve_sus_propios_pedidos	2026-10-05T14:31:06.5757369-05:00	00:00:00.1721461
Passed	Sillar.Modules.Sales.Tests.PeticionDePedidoTests	Sillar.Modules.Sales.Tests.PeticionDePedidoTests.La_peticion_no_lleva_cliente_ni_direccion	2026-10-05T14:30:51.9568944-05:00	00:00:00.0430552
Passed	Sillar.Modules.Sales.Tests.PeticionDePedidoTests	Sillar.Modules.Sales.Tests.PeticionDePedidoTests.La_peticion_no_tiene_donde_poner_un_precio_ni_un_total	2026-10-05T14:30:52.0011817-05:00	00:00:00.0839758
Passed	Sillar.Modules.Sales.Tests.PeticionDePedidoTests	Sillar.Modules.Sales.Tests.PeticionDePedidoTests.Los_motivos_de_no_creacion_distinguen_a_consultar_de_no_vendible	2026-10-05T14:30:51.5456616-05:00	00:00:00.1662507
Passed	Sillar.Modules.Sales.Tests.PeticionDePedidoTests	Sillar.Modules.Sales.Tests.PeticionDePedidoTests.Una_linea_pedida_solo_lleva_variante_y_cantidad	2026-10-05T14:30:52.0865260-05:00	00:00:00.3172710
Passed	Sillar.Modules.Sales.Tests.TransicionesTests	Sillar.Modules.Sales.Tests.TransicionesTests.El_cliente_no_cancela_directamente	2026-10-05T14:30:51.9531125-05:00	00:00:00.0139175
Passed	Sillar.Modules.Sales.Tests.TransicionesTests	Sillar.Modules.Sales.Tests.TransicionesTests.El_vencimiento_automatico_nunca_conduce_a_cancelado	2026-10-05T14:30:52.1475592-05:00	00:00:00.0054468
Passed	Sillar.Modules.Sales.Tests.TransicionesTests	Sillar.Modules.Sales.Tests.TransicionesTests.Ninguna_transicion_permitida_sale_de_los_siete_estados	2026-10-05T14:30:51.5457270-05:00	00:00:00.1696850
Passed	Sillar.Modules.Sales.Tests.TransicionesTests	Sillar.Modules.Sales.Tests.TransicionesTests.Solo_vence_un_pedido_pendiente_de_pago	2026-10-05T14:30:52.0455188-05:00	00:00:00.0206357
Passed	Sillar.Modules.Sales.Tests.TransicionesTests	Sillar.Modules.Sales.Tests.TransicionesTests.Un_pago_no_lo_registra_el_sistema	2026-10-05T14:30:52.2002546-05:00	00:00:00.0047263
Passed	Sillar.Modules.Sales.Tests.TransicionesTests	Sillar.Modules.Sales.Tests.TransicionesTests.Un_pago_sin_mercancia_no_inventa_ningun_octavo_estado	2026-10-05T14:30:52.1205948-05:00	00:00:00.0256031
Passed	Sillar.Modules.Sales.Tests.TransicionesTests	Sillar.Modules.Sales.Tests.TransicionesTests.Un_pago_tardio_con_mercancia_lleva_el_pedido_de_Vencido_a_Preparando	2026-10-05T14:30:52.0976737-05:00	00:00:00.0004273
Passed	Sillar.Modules.Sales.Tests.TransicionesTests	Sillar.Modules.Sales.Tests.TransicionesTests.Un_pago_tardio_no_pasa_por_Pago_por_verificar	2026-10-05T14:30:52.0005950-05:00	00:00:00.0165558
Passed	Sillar.Modules.Sales.Tests.TransicionesTests	Sillar.Modules.Sales.Tests.TransicionesTests.Un_pago_tardio_sin_mercancia_se_registra_y_deja_pendiente_operativo	2026-10-05T14:30:52.0184580-05:00	00:00:00.0258567
Passed	Sillar.Modules.Sales.Tests.TransicionesTests	Sillar.Modules.Sales.Tests.TransicionesTests.Un_pedido_entregado_no_se_puede_cancelar	2026-10-05T14:30:52.1844616-05:00	00:00:00.0003649
Passed	Sillar.Modules.Sales.Tests.TransicionesTests	Sillar.Modules.Sales.Tests.TransicionesTests.Un_pedido_vencido_si_se_puede_cancelar_con_motivo	2026-10-05T14:30:52.1543875-05:00	00:00:00.0287268
Passed	Sillar.Modules.Sales.Tests.TransicionesTests	Sillar.Modules.Sales.Tests.TransicionesTests.Una_cancelacion_del_personal_con_motivo_si_se_permite	2026-10-05T14:30:51.9798590-05:00	00:00:00.0195194
Passed	Sillar.Modules.Sales.Tests.TransicionesTests	Sillar.Modules.Sales.Tests.TransicionesTests.Una_cancelacion_sin_motivo_no_se_permite	2026-10-05T14:30:52.0796718-05:00	00:00:00.0005296
Passed	Sillar.Modules.Sales.Tests.VencimientoPersistenciaTests	Sillar.Modules.Sales.Tests.VencimientoPersistenciaTests.Correr_el_vencimiento_dos_veces_no_duplica_asientos	2026-10-05T14:31:06.7812365-05:00	00:00:00.3910134
Passed	Sillar.Modules.Sales.Tests.VencimientoPersistenciaTests	Sillar.Modules.Sales.Tests.VencimientoPersistenciaTests.El_asiento_del_vencimiento_deja_los_TRES_datos_de_atribucion_en_NULL	2026-10-05T14:31:07.5758042-05:00	00:00:00.1761084
Passed	Sillar.Modules.Sales.Tests.VencimientoPersistenciaTests	Sillar.Modules.Sales.Tests.VencimientoPersistenciaTests.Solo_vence_lo_que_estaba_pendiente_de_pago	2026-10-05T14:31:07.4627375-05:00	00:00:00.1028567
Passed	Sillar.Modules.Sales.Tests.VencimientoPersistenciaTests	Sillar.Modules.Sales.Tests.VencimientoPersistenciaTests.Un_plazo_cumplido_pasa_el_pedido_a_Vencido	2026-10-05T14:31:07.2986170-05:00	00:00:00.1510598
Passed	Sillar.Modules.Sales.Tests.VencimientoPersistenciaTests	Sillar.Modules.Sales.Tests.VencimientoPersistenciaTests.Un_plazo_que_no_ha_llegado_no_vence	2026-10-05T14:31:07.1751669-05:00	00:00:00.0259427
Passed	Sillar.Modules.Sales.Tests.VencimientoPersistenciaTests	Sillar.Modules.Sales.Tests.VencimientoPersistenciaTests.Vencer_no_cancela_y_no_libera_nada	2026-10-05T14:31:07.2052497-05:00	00:00:00.0919074
Passed	Sillar.Modules.Services.Tests.ServiceRulesTests	Sillar.Modules.Services.Tests.ServiceRulesTests.Imagen_exige_texto_alternativo	2026-10-05T14:31:04.3240738-05:00	00:00:00.0016566
Passed	Sillar.Modules.Services.Tests.ServiceRulesTests	Sillar.Modules.Services.Tests.ServiceRulesTests.Precio_cero_es_valido_y_distinto_de_nulo	2026-10-05T14:31:03.9874034-05:00	00:00:00.0838289
Passed	Sillar.Modules.Services.Tests.ServiceRulesTests	Sillar.Modules.Services.Tests.ServiceRulesTests.Precio_negativo_se_rechaza	2026-10-05T14:31:04.3091083-05:00	00:00:00.0014489
Passed	Sillar.Modules.Services.Tests.ServiceRulesTests	Sillar.Modules.Services.Tests.ServiceRulesTests.Precio_nulo_es_valido_para_consultar	2026-10-05T14:31:04.3212415-05:00	00:00:00.0004566
Passed	Sillar.Modules.Services.Tests.ServiceRulesTests	Sillar.Modules.Services.Tests.ServiceRulesTests.Publicar_desde_borrador_es_valido	2026-10-05T14:31:04.3174737-05:00	00:00:00.0017980
Passed	Sillar.Modules.Services.Tests.ServiceRulesTests	Sillar.Modules.Services.Tests.ServiceRulesTests.Restaurar_archivado_no_se_inventa	2026-10-05T14:31:04.3127068-05:00	00:00:00.0034334
Passed	Sillar.Modules.Services.Tests.ServiceRulesTests	Sillar.Modules.Services.Tests.ServiceRulesTests.Slug_quita_tildes_y_normaliza_separadores	2026-10-05T14:31:04.2435250-05:00	00:00:00.0628513
Passed	Sillar.Modules.Services.Tests.ServicesPostgresTests	Sillar.Modules.Services.Tests.ServicesPostgresTests.El_99_drop_quita_services_dos_veces_sin_tocar_core_y_la_migracion_reinstala	2026-10-05T14:31:04.4844143-05:00	00:00:06.9770219
Passed	Sillar.Modules.Services.Tests.ServicesPostgresTests	Sillar.Modules.Services.Tests.ServicesPostgresTests.La_direccion_publica_es_unica_sin_distinguir_mayusculas	2026-10-05T14:31:14.6962302-05:00	00:00:00.2931029
Passed	Sillar.Modules.Services.Tests.ServicesPostgresTests	Sillar.Modules.Services.Tests.ServicesPostgresTests.La_fotografia_de_un_servicio_publicado_trae_sus_datos_y_la_url_de_su_imagen	2026-10-05T14:31:15.2652075-05:00	00:00:00.5022547
Passed	Sillar.Modules.Services.Tests.ServicesPostgresTests	Sillar.Modules.Services.Tests.ServicesPostgresTests.La_migracion_crea_solo_el_schema_services_con_su_historial_dentro	2026-10-05T14:31:14.5373032-05:00	00:00:00.0634537
Passed	Sillar.Modules.Services.Tests.ServicesPostgresTests	Sillar.Modules.Services.Tests.ServicesPostgresTests.La_unica_referencia_cruzada_va_de_una_tabla_local_a_una_replicada_como_permite_la_ADR_018	2026-10-05T14:31:14.6027183-05:00	00:00:00.0901820
Passed	Sillar.Modules.Services.Tests.ServicesPostgresTests	Sillar.Modules.Services.Tests.ServicesPostgresTests.La_vitrina_publica_solo_enseña_lo_publicado_en_su_orden	2026-10-05T14:31:14.0106343-05:00	00:00:00.5218654
Passed	Sillar.Modules.Services.Tests.ServicesPostgresTests	Sillar.Modules.Services.Tests.ServicesPostgresTests.Solo_un_servicio_publicado_tiene_fotografia(caso: "archivado")	2026-10-05T14:31:13.7351346-05:00	00:00:00.1940612
Passed	Sillar.Modules.Services.Tests.ServicesPostgresTests	Sillar.Modules.Services.Tests.ServicesPostgresTests.Solo_un_servicio_publicado_tiene_fotografia(caso: "borrador")	2026-10-05T14:31:13.9311193-05:00	00:00:00.0773086
Passed	Sillar.Modules.Services.Tests.ServicesPostgresTests	Sillar.Modules.Services.Tests.ServicesPostgresTests.Solo_un_servicio_publicado_tiene_fotografia(caso: "inexistente")	2026-10-05T14:31:11.5148798-05:00	00:00:02.2031267
Passed	Sillar.Modules.Services.Tests.ServicesPostgresTests	Sillar.Modules.Services.Tests.ServicesPostgresTests.Una_transicion_no_permitida_se_explica_en_castellano	2026-10-05T14:31:14.9923267-05:00	00:00:00.2642556
Passed	Sillar.Shared.Data.Tests.ReplicationMappingTests	Sillar.Shared.Data.Tests.ReplicationMappingTests.El_nodo_de_origen_es_obligatorio	2026-10-05T14:30:56.5051981-05:00	00:00:00.0028195
Passed	Sillar.Shared.Data.Tests.ReplicationMappingTests	Sillar.Shared.Data.Tests.ReplicationMappingTests.La_fecha_de_alta_la_pone_la_base_y_solo_al_insertar	2026-10-05T14:30:56.4691635-05:00	00:00:00.0331215
Passed	Sillar.Shared.Data.Tests.ReplicationMappingTests	Sillar.Shared.Data.Tests.ReplicationMappingTests.La_fecha_de_cambio_la_pone_el_trigger_al_insertar_y_al_actualizar	2026-10-05T14:30:56.5104107-05:00	00:00:00.0027068
Passed	Sillar.Shared.Data.Tests.ReplicationMappingTests	Sillar.Shared.Data.Tests.ReplicationMappingTests.La_version_nace_en_uno_y_no_la_genera_la_base	2026-10-05T14:30:56.5157990-05:00	00:00:00.0394446
Passed	Sillar.Shared.Data.Tests.ReplicationMappingTests	Sillar.Shared.Data.Tests.ReplicationMappingTests.Las_cuatro_columnas_llevan_el_nombre_en_snake_case_del_esquema	2026-10-05T14:30:49.4100560-05:00	00:00:06.7958260
Passed	Sillar.Shared.Data.Tests.ReplicationMappingTests	Sillar.Shared.Data.Tests.ReplicationMappingTests.Sin_MapReplication_EF_las_nombraria_de_otra_forma	2026-10-05T14:30:56.4577073-05:00	00:00:00.0063001
Passed	Sillar.Shared.Data.Tests.ReplicationStampingTests	Sillar.Shared.Data.Tests.ReplicationStampingTests.Al_modificar_no_se_reescriben_ni_el_origen_ni_la_fecha_de_alta	2026-10-05T14:30:49.4120198-05:00	00:00:07.1025156
Passed	Sillar.Shared.Data.Tests.ReplicationStampingTests	Sillar.Shared.Data.Tests.ReplicationStampingTests.Al_modificar_sube_la_version_y_el_origen_no_se_toca	2026-10-05T14:30:56.7046886-05:00	00:00:00.0024312
Passed	Sillar.Shared.Data.Tests.ReplicationStampingTests	Sillar.Shared.Data.Tests.ReplicationStampingTests.El_borrado_tampoco_sube_la_version	2026-10-05T14:30:56.6755371-05:00	00:00:00.0277764
Passed	Sillar.Shared.Data.Tests.ReplicationStampingTests	Sillar.Shared.Data.Tests.ReplicationStampingTests.Una_fila_nueva_nace_con_el_nodo_la_version_uno_y_las_dos_fechas	2026-10-05T14:30:56.7083455-05:00	00:00:00.0102739
Passed	Sillar.Shared.Data.Tests.ReplicationStampingTests	Sillar.Shared.Data.Tests.ReplicationStampingTests.Una_fila_sin_cambios_no_se_sella	2026-10-05T14:30:56.6547166-05:00	00:00:00.0196607
Passed	Sillar.Shared.Tests.ModuleActivationSafetyTests	Sillar.Shared.Tests.ModuleActivationSafetyTests.Activar_con_las_dependencias_duras_activas_si_esta_permitido	2026-10-05T14:30:49.7302024-05:00	00:00:00.0149410
Passed	Sillar.Shared.Tests.ModuleActivationSafetyTests	Sillar.Shared.Tests.ModuleActivationSafetyTests.Activar_con_una_dependencia_dura_inactiva_no_esta_permitido	2026-10-05T14:30:49.8272302-05:00	00:00:00.0465551
Passed	Sillar.Shared.Tests.ModuleActivationSafetyTests	Sillar.Shared.Tests.ModuleActivationSafetyTests.Desactivar_CORE_dejaria_a_todos_los_activos_sin_su_dependencia_dura	2026-10-05T14:30:49.1723332-05:00	00:00:00.2405550
Passed	Sillar.Shared.Tests.ModuleActivationSafetyTests	Sillar.Shared.Tests.ModuleActivationSafetyTests.Desactivar_en_orden_inverso_a_las_dependencias_si_esta_permitido	2026-10-05T14:30:49.8896220-05:00	00:00:00.0169137
Passed	Sillar.Shared.Tests.ModuleActivationSafetyTests	Sillar.Shared.Tests.ModuleActivationSafetyTests.Desactivar_un_modulo_del_que_otro_activo_depende_duro_no_esta_permitido	2026-10-05T14:30:49.7465330-05:00	00:00:00.0641845
Passed	Sillar.Shared.Tests.ModuleActivationSafetyTests	Sillar.Shared.Tests.ModuleActivationSafetyTests.Ninguna_secuencia_de_operaciones_permitidas_deja_el_sistema_sin_arrancar	2026-10-05T14:30:49.6447237-05:00	00:00:00.0695721
Passed	Sillar.Shared.Tests.ModuleActivationSafetyTests	Sillar.Shared.Tests.ModuleActivationSafetyTests.Una_dependencia_blanda_inactiva_no_impide_activar	2026-10-05T14:30:49.9077945-05:00	00:00:00.0004538
Passed	Sillar.Shared.Tests.ModuleActivationSafetyTests	Sillar.Shared.Tests.ModuleActivationSafetyTests.Una_dependencia_blanda_no_impide_desactivar_al_otro	2026-10-05T14:30:49.8861871-05:00	00:00:00.0014991
Passed	Sillar.Shared.Tests.ModuleActivationTests	Sillar.Shared.Tests.ModuleActivationTests.Con_todas_las_dependencias_duras_activas_no_hay_problema	2026-10-05T14:30:49.6324375-05:00	00:00:00.0155479
Passed	Sillar.Shared.Tests.ModuleActivationTests	Sillar.Shared.Tests.ModuleActivationTests.Lo_que_esta_apagado_no_se_juzga	2026-10-05T14:30:49.9640326-05:00	00:00:00.0003688
Passed	Sillar.Shared.Tests.ModuleActivationTests	Sillar.Shared.Tests.ModuleActivationTests.Se_reportan_todas_las_dependencias_que_faltan_no_solo_la_primera	2026-10-05T14:30:49.1787267-05:00	00:00:00.2730630
Passed	Sillar.Shared.Tests.ModuleActivationTests	Sillar.Shared.Tests.ModuleActivationTests.Un_modulo_activo_con_su_dependencia_dura_apagada_es_un_problema	2026-10-05T14:30:49.6682678-05:00	00:00:00.2943451
Passed	Sillar.Shared.Tests.ModuleActivationTests	Sillar.Shared.Tests.ModuleActivationTests.Una_dependencia_blanda_apagada_no_es_un_problema	2026-10-05T14:30:49.9655562-05:00	00:00:00.0041464
Passed	Sillar.Shared.Tests.ModuleActiveButUndeclaredTests	Sillar.Shared.Tests.ModuleActiveButUndeclaredTests.Lo_inactivo_y_ausente_no_es_un_problema	2026-10-05T14:30:49.6637176-05:00	00:00:00.0256997
Passed	Sillar.Shared.Tests.ModuleActiveButUndeclaredTests	Sillar.Shared.Tests.ModuleActiveButUndeclaredTests.Se_nombran_todos_los_que_faltan_no_solo_el_primero	2026-10-05T14:30:49.1743932-05:00	00:00:00.4039503
Passed	Sillar.Shared.Tests.ModuleActiveButUndeclaredTests	Sillar.Shared.Tests.ModuleActiveButUndeclaredTests.Si_todo_lo_activo_en_la_base_esta_declarado_no_hay_problema	2026-10-05T14:30:49.6986359-05:00	00:00:00.0066740
Passed	Sillar.Shared.Tests.ModuleActiveButUndeclaredTests	Sillar.Shared.Tests.ModuleActiveButUndeclaredTests.Sin_ningun_codigo_activo_no_hay_nada_que_reportar	2026-10-05T14:30:49.7207718-05:00	00:00:00.0056485
Passed	Sillar.Shared.Tests.ModuleActiveButUndeclaredTests	Sillar.Shared.Tests.ModuleActiveButUndeclaredTests.Un_codigo_activo_que_el_binario_no_trae_se_nombra	2026-10-05T14:30:49.7063871-05:00	00:00:00.0134394
Passed	Sillar.Shared.Tests.ModuleGraphTests	Sillar.Shared.Tests.ModuleGraphTests.Declarar_la_misma_dependencia_dura_y_blanda_avisa_y_manda_la_dura	2026-10-05T14:30:49.9400588-05:00	00:00:00.0160471
Passed	Sillar.Shared.Tests.ModuleGraphTests	Sillar.Shared.Tests.ModuleGraphTests.Dos_modulos_con_el_mismo_codigo_abortan	2026-10-05T14:30:50.0262803-05:00	00:00:00.0029506
Passed	Sillar.Shared.Tests.ModuleGraphTests	Sillar.Shared.Tests.ModuleGraphTests.El_orden_deja_cada_modulo_detras_de_sus_dependencias	2026-10-05T14:30:49.7037416-05:00	00:00:00.1964379
Passed	Sillar.Shared.Tests.ModuleGraphTests	Sillar.Shared.Tests.ModuleGraphTests.El_orden_no_depende_de_como_lleguen_los_modulos	2026-10-05T14:30:49.9866025-05:00	00:00:00.0078195
Passed	Sillar.Shared.Tests.ModuleGraphTests	Sillar.Shared.Tests.ModuleGraphTests.Sin_CORE_no_se_puede_arrancar	2026-10-05T14:30:49.6546861-05:00	00:00:00.0380831
Passed	Sillar.Shared.Tests.ModuleGraphTests	Sillar.Shared.Tests.ModuleGraphTests.Sin_ningun_modulo_no_se_puede_arrancar	2026-10-05T14:30:49.9573207-05:00	00:00:00.0032233
Passed	Sillar.Shared.Tests.ModuleGraphTests	Sillar.Shared.Tests.ModuleGraphTests.Un_ciclo_a_traves_de_una_dependencia_blanda_tambien_aborta	2026-10-05T14:30:49.9616549-05:00	00:00:00.0075382
Passed	Sillar.Shared.Tests.ModuleGraphTests	Sillar.Shared.Tests.ModuleGraphTests.Un_ciclo_aborta_e_indica_el_camino	2026-10-05T14:30:50.0370978-05:00	00:00:00.0041904
Passed	Sillar.Shared.Tests.ModuleGraphTests	Sillar.Shared.Tests.ModuleGraphTests.Un_codigo_que_no_sirve_como_schema_aborta(codigo: "")	2026-10-05T14:30:49.6192564-05:00	00:00:00.0058829
Passed	Sillar.Shared.Tests.ModuleGraphTests	Sillar.Shared.Tests.ModuleGraphTests.Un_codigo_que_no_sirve_como_schema_aborta(codigo: "1catalog")	2026-10-05T14:30:49.6377556-05:00	00:00:00.0000883
Passed	Sillar.Shared.Tests.ModuleGraphTests	Sillar.Shared.Tests.ModuleGraphTests.Un_codigo_que_no_sirve_como_schema_aborta(codigo: "Catalog")	2026-10-05T14:30:49.6386293-05:00	00:00:00.0000821
Passed	Sillar.Shared.Tests.ModuleGraphTests	Sillar.Shared.Tests.ModuleGraphTests.Un_codigo_que_no_sirve_como_schema_aborta(codigo: "c")	2026-10-05T14:30:49.6534281-05:00	00:00:00.0000908
Passed	Sillar.Shared.Tests.ModuleGraphTests	Sillar.Shared.Tests.ModuleGraphTests.Un_codigo_que_no_sirve_como_schema_aborta(codigo: "cata-logo")	2026-10-05T14:30:49.1730593-05:00	00:00:00.2378745
Passed	Sillar.Shared.Tests.ModuleGraphTests	Sillar.Shared.Tests.ModuleGraphTests.Un_codigo_que_no_sirve_como_schema_aborta(codigo: "catalogo_con_un_nombre_larguisimo_que_pasa_de_cuar"···)	2026-10-05T14:30:49.6268005-05:00	00:00:00.0101898
Passed	Sillar.Shared.Tests.ModuleGraphTests	Sillar.Shared.Tests.ModuleGraphTests.Un_grafo_correcto_es_valido	2026-10-05T14:30:50.0327099-05:00	00:00:00.0009191
Passed	Sillar.Shared.Tests.ModuleGraphTests	Sillar.Shared.Tests.ModuleGraphTests.Un_modulo_que_depende_de_si_mismo_aborta	2026-10-05T14:30:50.0096254-05:00	00:00:00.0009589
Passed	Sillar.Shared.Tests.ModuleGraphTests	Sillar.Shared.Tests.ModuleGraphTests.Un_modulo_que_no_declara_CORE_aborta	2026-10-05T14:30:50.0450450-05:00	00:00:00.0011479
Passed	Sillar.Shared.Tests.ModuleGraphTests	Sillar.Shared.Tests.ModuleGraphTests.Un_modulo_sin_descripcion_aborta(descripcion: "   ")	2026-10-05T14:30:50.0224189-05:00	00:00:00.0027253
Passed	Sillar.Shared.Tests.ModuleGraphTests	Sillar.Shared.Tests.ModuleGraphTests.Un_modulo_sin_descripcion_aborta(descripcion: "")	2026-10-05T14:30:50.0200089-05:00	00:00:00.0012607
Passed	Sillar.Shared.Tests.ModuleGraphTests	Sillar.Shared.Tests.ModuleGraphTests.Un_nombre_visible_vacio_aborta	2026-10-05T14:30:50.0424829-05:00	00:00:00.0010085
Passed	Sillar.Shared.Tests.ModuleGraphTests	Sillar.Shared.Tests.ModuleGraphTests.Una_dependencia_blanda_inexistente_solo_avisa	2026-10-05T14:30:49.9956778-05:00	00:00:00.0050553
Passed	Sillar.Shared.Tests.ModuleGraphTests	Sillar.Shared.Tests.ModuleGraphTests.Una_dependencia_dura_hacia_un_modulo_inexistente_aborta	2026-10-05T14:30:50.0148312-05:00	00:00:00.0009651
Passed	Sillar.Shared.Tests.ModuleGraphTests	Sillar.Shared.Tests.ModuleGraphTests.Una_descripcion_que_no_cabe_en_la_columna_aborta	2026-10-05T14:30:49.9165185-05:00	00:00:00.0161310
Passed	Sillar.Shared.Tests.ModuleGraphTests	Sillar.Shared.Tests.ModuleGraphTests.Una_posicion_negativa_en_el_panel_aborta	2026-10-05T14:30:49.9817344-05:00	00:00:00.0008714
Passed	Sillar.Shared.Tests.ModuleGraphTests	Sillar.Shared.Tests.ModuleGraphTests.Una_version_mal_formada_aborta(version: "")	2026-10-05T14:30:49.9783867-05:00	00:00:00.0000930
Passed	Sillar.Shared.Tests.ModuleGraphTests	Sillar.Shared.Tests.ModuleGraphTests.Una_version_mal_formada_aborta(version: "1.0")	2026-10-05T14:30:49.9749178-05:00	00:00:00.0026553
Passed	Sillar.Shared.Tests.ModuleGraphTests	Sillar.Shared.Tests.ModuleGraphTests.Una_version_mal_formada_aborta(version: "v1.0.0")	2026-10-05T14:30:49.9709294-05:00	00:00:00.0011073
Passed	Sillar.Shared.Tests.PagingTests	Sillar.Shared.Tests.PagingTests.El_salto_corresponde_a_la_pagina_pedida	2026-10-05T14:30:49.6724209-05:00	00:00:00.0115230
Passed	Sillar.Shared.Tests.PagingTests	Sillar.Shared.Tests.PagingTests.El_total_de_paginas_redondea_hacia_arriba	2026-10-05T14:30:49.6897802-05:00	00:00:00.0119612
Passed	Sillar.Shared.Tests.PagingTests	Sillar.Shared.Tests.PagingTests.La_ultima_pagina_no_tiene_siguiente	2026-10-05T14:30:49.1743576-05:00	00:00:00.2336642
Passed	Sillar.Shared.Tests.PagingTests	Sillar.Shared.Tests.PagingTests.No_se_puede_pedir_mas_del_maximo	2026-10-05T14:30:49.7127436-05:00	00:00:00.0090098
Passed	Sillar.Shared.Tests.PagingTests	Sillar.Shared.Tests.PagingTests.Sin_pedir_nada_se_devuelve_la_primera_pagina_de_cincuenta	2026-10-05T14:30:49.7029224-05:00	00:00:00.0005695
Passed	Sillar.Shared.Tests.PagingTests	Sillar.Shared.Tests.PagingTests.Sin_resultados_no_hay_paginas_ni_siguiente	2026-10-05T14:30:49.7487448-05:00	00:00:00.0402746
Passed	Sillar.Shared.Tests.PagingTests	Sillar.Shared.Tests.PagingTests.Un_tamano_de_cero_o_negativo_se_lleva_al_minimo	2026-10-05T14:30:49.7230142-05:00	00:00:00.0005432
Passed	Sillar.Shared.Tests.PagingTests	Sillar.Shared.Tests.PagingTests.Una_pagina_por_debajo_de_uno_se_trata_como_la_primera(pedida: -3)	2026-10-05T14:30:49.6589229-05:00	00:00:00.0019581
Passed	Sillar.Shared.Tests.PagingTests	Sillar.Shared.Tests.PagingTests.Una_pagina_por_debajo_de_uno_se_trata_como_la_primera(pedida: 0)	2026-10-05T14:30:49.6410465-05:00	00:00:00.0169572
