outcome	clase	prueba	inicio	duracion
Passed	Sillar.Api.Tests.ArranqueConModuloActivoAusenteTests	Sillar.Api.Tests.ArranqueConModuloActivoAusenteTests.Un_modulo_activo_que_el_binario_no_trae_impide_arrancar_al_host	2026-10-07T19:09:56.2850400-05:00	00:01:36.2911211
Passed	Sillar.Api.Tests.CierreM04SeguridadYCorreoTests	Sillar.Api.Tests.CierreM04SeguridadYCorreoTests.Criterio13_password_de_registro_no_aparece_en_respuesta_logs_ni_auditoria	2026-10-07T19:09:56.2836416-05:00	00:01:47.4477406
Passed	Sillar.Api.Tests.CierreM04SeguridadYCorreoTests	Sillar.Api.Tests.CierreM04SeguridadYCorreoTests.Criterio17_fallo_de_correo_de_un_registro_concreto_es_visible_para_admin	2026-10-07T19:11:43.8052820-05:00	00:00:41.0470534
Passed	Sillar.Api.Tests.ModulosEnElDespliegueTests	Sillar.Api.Tests.ModulosEnElDespliegueTests.Cada_modulo_del_repositorio_tiene_su_ensamblado_junto_al_host	2026-10-07T19:09:56.2861470-05:00	00:00:00.1939349
Passed	Sillar.Core.Tests.ActivacionConSchemaTests	Sillar.Core.Tests.ActivacionConSchemaTests.Al_negarse_el_estado_previo_queda_intacto	2026-10-07T19:10:45.4431515-05:00	00:00:12.9006204
Passed	Sillar.Core.Tests.ActivacionConSchemaTests	Sillar.Core.Tests.ActivacionConSchemaTests.Con_su_schema_presente_el_modulo_se_activa	2026-10-07T19:11:23.1050963-05:00	00:00:10.0459763
Passed	Sillar.Core.Tests.ActivacionConSchemaTests	Sillar.Core.Tests.ActivacionConSchemaTests.El_error_nombra_el_modulo_el_schema_la_base_y_que_hacer	2026-10-07T19:10:25.9022226-05:00	00:00:07.2333487
Passed	Sillar.Core.Tests.ActivacionConSchemaTests	Sillar.Core.Tests.ActivacionConSchemaTests.Los_modulos_de_demostracion_sin_schema_se_siguen_activando	2026-10-07T19:10:58.3462001-05:00	00:00:13.0441128
Passed	Sillar.Core.Tests.ActivacionConSchemaTests	Sillar.Core.Tests.ActivacionConSchemaTests.Sin_su_schema_el_modulo_no_se_activa	2026-10-07T19:11:11.5123717-05:00	00:00:11.5905751
Passed	Sillar.Core.Tests.ActivacionConSchemaTests	Sillar.Core.Tests.ActivacionConSchemaTests.Tras_una_instalacion_correcta_los_modulos_reales_tienen_su_schema_y_se_activan	2026-10-07T19:10:33.1370552-05:00	00:00:12.3018681
Passed	Sillar.Core.Tests.ActivacionConSchemaTests	Sillar.Core.Tests.ActivacionConSchemaTests.Un_modulo_real_sin_su_schema_no_se_activa_aunque_otros_si_lo_tengan	2026-10-07T19:09:55.5682099-05:00	00:00:30.3244591
Passed	Sillar.Core.Tests.ActivacionConSchemaTests	Sillar.Core.Tests.ActivacionConSchemaTests.Una_averia_distinta_no_se_convierte_en_falta_el_schema	2026-10-07T19:11:11.3925644-05:00	00:00:00.1117830
Passed	Sillar.Core.Tests.AdminClaimIsolationTests	Sillar.Core.Tests.AdminClaimIsolationTests.Claim_csrf_administrativo_si_se_resuelve	2026-10-07T19:09:56.5971518-05:00	00:00:00.0113255
Passed	Sillar.Core.Tests.AdminClaimIsolationTests	Sillar.Core.Tests.AdminClaimIsolationTests.Claim_csrf_generico_anterior_no_es_claim_administrativo	2026-10-07T19:09:56.6148947-05:00	00:00:00.0144509
Passed	Sillar.Core.Tests.AdminClaimIsolationTests	Sillar.Core.Tests.AdminClaimIsolationTests.Claims_administrativos_tienen_namespace_propio	2026-10-07T19:09:56.7226386-05:00	00:00:00.0002773
Passed	Sillar.Core.Tests.AdminClaimIsolationTests	Sillar.Core.Tests.AdminClaimIsolationTests.CurrentAdmin_ignora_claims_de_cliente	2026-10-07T19:09:56.6372517-05:00	00:00:00.0796987
Passed	Sillar.Core.Tests.AdminClaimIsolationTests	Sillar.Core.Tests.AdminClaimIsolationTests.CurrentAdmin_ignora_session_id_generico_anterior	2026-10-07T19:09:56.7935318-05:00	00:00:00.0029128
Passed	Sillar.Core.Tests.AdminClaimIsolationTests	Sillar.Core.Tests.AdminClaimIsolationTests.CurrentAdmin_lee_session_id_administrativo	2026-10-07T19:09:56.7240222-05:00	00:00:00.0603312
Passed	Sillar.Core.Tests.ArranqueContraBaseVaciaTests	Sillar.Core.Tests.ArranqueContraBaseVaciaTests.El_modo_instalacion_monta_las_dos_rutas_de_setup_y_ninguna_mas	2026-10-07T19:10:17.7228533-05:00	00:00:01.8665173
Passed	Sillar.Core.Tests.ArranqueContraBaseVaciaTests	Sillar.Core.Tests.ArranqueContraBaseVaciaTests.GET_setup_status_contra_base_vacia_responde_200_y_no_un_500	2026-10-07T19:10:19.5959511-05:00	00:00:03.6312536
Passed	Sillar.Core.Tests.ArranqueContraBaseVaciaTests	Sillar.Core.Tests.ArranqueContraBaseVaciaTests.La_misma_base_cambia_de_estado_al_aplicarle_las_migraciones	2026-10-07T19:10:14.8212257-05:00	00:00:02.8909201
Passed	Sillar.Core.Tests.ArranqueContraBaseVaciaTests	Sillar.Core.Tests.ArranqueContraBaseVaciaTests.Sin_migraciones_el_estado_es_faltan_migraciones_y_no_una_excepcion	2026-10-07T19:09:54.6749357-05:00	00:00:20.0438279
Passed	Sillar.Core.Tests.ArranqueContraBaseVaciaTests	Sillar.Core.Tests.ArranqueContraBaseVaciaTests.Un_error_de_PostgreSQL_que_NO_es_42P01_no_se_traga	2026-10-07T19:10:23.2470889-05:00	00:00:04.7333603
Passed	Sillar.Core.Tests.AutenticacionSinAlmacenDeSesionesTests	Sillar.Core.Tests.AutenticacionSinAlmacenDeSesionesTests.Base_pristina_y_cookie_vieja_el_instalador_termina_y_la_cookie_nunca_autentica	2026-10-07T19:10:25.5945426-05:00	00:00:32.8565928
Passed	Sillar.Core.Tests.AutenticacionSinAlmacenDeSesionesTests	Sillar.Core.Tests.AutenticacionSinAlmacenDeSesionesTests.Con_cookie_vieja_y_sin_core_setup_status_responde_y_una_ruta_protegida_da_401	2026-10-07T19:10:15.0838377-05:00	00:00:10.5032406
Passed	Sillar.Core.Tests.AutenticacionSinAlmacenDeSesionesTests	Sillar.Core.Tests.AutenticacionSinAlmacenDeSesionesTests.Con_cookie_y_sin_tabla_de_sesiones_no_hay_resultado_y_no_hay_identidad	2026-10-07T19:10:10.5070150-05:00	00:00:04.3780663
Passed	Sillar.Core.Tests.AutenticacionSinAlmacenDeSesionesTests	Sillar.Core.Tests.AutenticacionSinAlmacenDeSesionesTests.Con_la_tabla_presente_y_una_sesion_valida_autentica_con_normalidad	2026-10-07T19:11:08.0347028-05:00	00:00:15.3148233
Passed	Sillar.Core.Tests.AutenticacionSinAlmacenDeSesionesTests	Sillar.Core.Tests.AutenticacionSinAlmacenDeSesionesTests.Cuando_aparecen_las_tablas_el_handler_vuelve_a_consultar_con_normalidad	2026-10-07T19:11:33.5854547-05:00	00:00:10.8542796
Passed	Sillar.Core.Tests.AutenticacionSinAlmacenDeSesionesTests	Sillar.Core.Tests.AutenticacionSinAlmacenDeSesionesTests.Sin_cookie_no_hay_resultado_como_siempre	2026-10-07T19:10:58.4523238-05:00	00:00:09.5650307
Passed	Sillar.Core.Tests.AutenticacionSinAlmacenDeSesionesTests	Sillar.Core.Tests.AutenticacionSinAlmacenDeSesionesTests.Un_42P01_de_otra_relacion_no_se_traga	2026-10-07T19:11:23.3507019-05:00	00:00:10.2004853
Passed	Sillar.Core.Tests.AutenticacionSinAlmacenDeSesionesTests	Sillar.Core.Tests.AutenticacionSinAlmacenDeSesionesTests.Un_UndefinedColumn_no_se_traga	2026-10-07T19:11:44.4434175-05:00	00:00:13.6185080
Passed	Sillar.Core.Tests.AutenticacionSinAlmacenDeSesionesTests	Sillar.Core.Tests.AutenticacionSinAlmacenDeSesionesTests.Una_base_inexistente_no_se_convierte_en_ausencia	2026-10-07T19:09:54.6781932-05:00	00:00:15.6795018
Passed	Sillar.Core.Tests.AutenticacionSinAlmacenDeSesionesTests	Sillar.Core.Tests.AutenticacionSinAlmacenDeSesionesTests.Una_conexion_caida_no_se_convierte_en_ausencia	2026-10-07T19:10:14.8967892-05:00	00:00:00.1800904
Passed	Sillar.Core.Tests.ContentSnifferTests	Sillar.Core.Tests.ContentSnifferTests.Otros_formatos_conocidos_se_rechazan(firma: "%PDF-1.7")	2026-10-07T19:09:57.3815915-05:00	00:00:00.0000852
Passed	Sillar.Core.Tests.ContentSnifferTests	Sillar.Core.Tests.ContentSnifferTests.Otros_formatos_conocidos_se_rechazan(firma: "GIF89a")	2026-10-07T19:09:57.3188709-05:00	00:00:00.0302666
Passed	Sillar.Core.Tests.ContentSnifferTests	Sillar.Core.Tests.ContentSnifferTests.Otros_formatos_conocidos_se_rechazan(firma: "PK\x03\x04")	2026-10-07T19:09:57.3729869-05:00	00:00:00.0001291
Passed	Sillar.Core.Tests.ContentSnifferTests	Sillar.Core.Tests.ContentSnifferTests.Otros_formatos_conocidos_se_rechazan(firma: "\x1f")	2026-10-07T19:09:57.3615842-05:00	00:00:00.0009463
Passed	Sillar.Core.Tests.ContentSnifferTests	Sillar.Core.Tests.ContentSnifferTests.Un_archivo_con_extension_png_pero_otro_contenido_se_rechaza	2026-10-07T19:09:57.4080711-05:00	00:00:00.0005192
Passed	Sillar.Core.Tests.ContentSnifferTests	Sillar.Core.Tests.ContentSnifferTests.Un_archivo_vacio_o_truncado_se_rechaza	2026-10-07T19:09:57.4213988-05:00	00:00:00.0005589
Passed	Sillar.Core.Tests.ContentSnifferTests	Sillar.Core.Tests.ContentSnifferTests.Un_jpeg_se_reconoce_por_su_firma	2026-10-07T19:09:57.4920134-05:00	00:00:00.0008277
Passed	Sillar.Core.Tests.ContentSnifferTests	Sillar.Core.Tests.ContentSnifferTests.Un_png_se_reconoce_por_su_firma	2026-10-07T19:09:57.5627597-05:00	00:00:00.0004682
Passed	Sillar.Core.Tests.ContentSnifferTests	Sillar.Core.Tests.ContentSnifferTests.Un_riff_que_no_es_webp_se_rechaza	2026-10-07T19:09:57.5039451-05:00	00:00:00.0107817
Passed	Sillar.Core.Tests.ContentSnifferTests	Sillar.Core.Tests.ContentSnifferTests.Un_svg_sin_declaracion_xml_tambien_se_rechaza	2026-10-07T19:09:57.3947938-05:00	00:00:00.0004541
Passed	Sillar.Core.Tests.ContentSnifferTests	Sillar.Core.Tests.ContentSnifferTests.Un_svg_valido_se_rechaza	2026-10-07T19:09:57.5528716-05:00	00:00:00.0005218
Passed	Sillar.Core.Tests.ContentSnifferTests	Sillar.Core.Tests.ContentSnifferTests.Un_webp_se_reconoce_en_sus_tres_variantes(variante: "VP8 ")	2026-10-07T19:09:57.4328468-05:00	00:00:00.0375686
Passed	Sillar.Core.Tests.ContentSnifferTests	Sillar.Core.Tests.ContentSnifferTests.Un_webp_se_reconoce_en_sus_tres_variantes(variante: "VP8L")	2026-10-07T19:09:57.4811910-05:00	00:00:00.0000783
Passed	Sillar.Core.Tests.ContentSnifferTests	Sillar.Core.Tests.ContentSnifferTests.Un_webp_se_reconoce_en_sus_tres_variantes(variante: "VP8X")	2026-10-07T19:09:57.4715887-05:00	00:00:00.0086096
Passed	Sillar.Core.Tests.CsrfTokenFactoryTests	Sillar.Core.Tests.CsrfTokenFactoryTests.Dos_instalaciones_distintas_dan_tokens_distintos_para_la_misma_sesion	2026-10-07T19:09:55.4628036-05:00	00:00:00.0027969
Passed	Sillar.Core.Tests.CsrfTokenFactoryTests	Sillar.Core.Tests.CsrfTokenFactoryTests.Dos_sesiones_distintas_dan_tokens_distintos	2026-10-07T19:09:55.4479413-05:00	00:00:00.0032673
Passed	Sillar.Core.Tests.CsrfTokenFactoryTests	Sillar.Core.Tests.CsrfTokenFactoryTests.El_hash_que_se_guarda_no_contiene_el_token	2026-10-07T19:09:55.4013007-05:00	00:00:00.0028915
Passed	Sillar.Core.Tests.CsrfTokenFactoryTests	Sillar.Core.Tests.CsrfTokenFactoryTests.El_token_no_revela_la_sesion_ni_la_clave_de_instalacion	2026-10-07T19:09:55.3364062-05:00	00:00:00.0434757
Passed	Sillar.Core.Tests.CsrfTokenFactoryTests	Sillar.Core.Tests.CsrfTokenFactoryTests.El_token_viaja_en_una_cabecera_sin_escapar_nada	2026-10-07T19:09:55.4412518-05:00	00:00:00.0009130
Passed	Sillar.Core.Tests.CsrfTokenFactoryTests	Sillar.Core.Tests.CsrfTokenFactoryTests.La_etiqueta_de_derivacion_esta_versionada	2026-10-07T19:09:55.3960688-05:00	00:00:00.0003153
Passed	Sillar.Core.Tests.CsrfTokenFactoryTests	Sillar.Core.Tests.CsrfTokenFactoryTests.La_misma_sesion_da_siempre_el_mismo_token	2026-10-07T19:09:55.4529193-05:00	00:00:00.0082179
Passed	Sillar.Core.Tests.CsrfTokenFactoryTests	Sillar.Core.Tests.CsrfTokenFactoryTests.Reiniciar_el_proceso_no_cambia_el_token_de_una_sesion_viva	2026-10-07T19:09:55.3865160-05:00	00:00:00.0057275
Passed	Sillar.Core.Tests.CsrfTokenFactoryTests	Sillar.Core.Tests.CsrfTokenFactoryTests.Una_clave_de_instalacion_que_solo_difiere_en_un_bit_da_otro_token	2026-10-07T19:09:55.4695040-05:00	00:00:00.0009198
Passed	Sillar.Core.Tests.CsrfTokenFactoryTests	Sillar.Core.Tests.CsrfTokenFactoryTests.Una_clave_de_instalacion_vacia_se_rechaza	2026-10-07T19:09:55.4054849-05:00	00:00:00.0250283
Passed	Sillar.Core.Tests.EmailTestStatusContractTests	Sillar.Core.Tests.EmailTestStatusContractTests.Estado_smtp_no_expone_secretos	2026-10-07T19:09:54.6764215-05:00	00:00:00.2693301
Passed	Sillar.Core.Tests.EmailTestStatusContractTests	Sillar.Core.Tests.EmailTestStatusContractTests.Estado_smtp_representa_nunca_probado_sin_inventar_fecha	2026-10-07T19:09:55.1197488-05:00	00:00:00.0105441
Passed	Sillar.Core.Tests.HostRestarterTests	Sillar.Core.Tests.HostRestarterTests.Con_la_bandera_en_false_el_host_no_se_detiene	2026-10-07T19:09:57.2056927-05:00	00:00:00.0729643
Passed	Sillar.Core.Tests.HostRestarterTests	Sillar.Core.Tests.HostRestarterTests.Con_la_bandera_en_true_la_parada_se_programa_para_despues_de_la_respuesta	2026-10-07T19:09:57.2965856-05:00	00:00:00.0008664
Passed	Sillar.Core.Tests.HostRestarterTests	Sillar.Core.Tests.HostRestarterTests.La_parada_incondicional_tampoco_ocurre_antes_de_la_respuesta	2026-10-07T19:09:57.1673352-05:00	00:00:00.0368980
Passed	Sillar.Core.Tests.HostRestarterTests	Sillar.Core.Tests.HostRestarterTests.Sin_configuracion_el_host_no_se_detiene	2026-10-07T19:09:57.2799835-05:00	00:00:00.0006491
Passed	Sillar.Core.Tests.ImageDimensionsTests	Sillar.Core.Tests.ImageDimensionsTests.En_jpeg_el_alto_va_antes_que_el_ancho	2026-10-07T19:09:56.2835340-05:00	00:00:00.0013251
Passed	Sillar.Core.Tests.ImageDimensionsTests	Sillar.Core.Tests.ImageDimensionsTests.En_jpeg_se_saltan_los_marcadores_previos	2026-10-07T19:09:56.1944014-05:00	00:00:00.0345745
Passed	Sillar.Core.Tests.ImageDimensionsTests	Sillar.Core.Tests.ImageDimensionsTests.Las_dimensiones_de_un_jpeg_se_leen_del_inicio_de_fotograma(ancho: 1920, alto: 1080)	2026-10-07T19:09:56.2387372-05:00	00:00:00.0006141
Passed	Sillar.Core.Tests.ImageDimensionsTests	Sillar.Core.Tests.ImageDimensionsTests.Las_dimensiones_de_un_jpeg_se_leen_del_inicio_de_fotograma(ancho: 800, alto: 600)	2026-10-07T19:09:56.2483960-05:00	00:00:00.0008333
Passed	Sillar.Core.Tests.ImageDimensionsTests	Sillar.Core.Tests.ImageDimensionsTests.Las_dimensiones_de_un_png_se_leen_del_IHDR(ancho: 1, alto: 1)	2026-10-07T19:09:56.1219080-05:00	00:00:00.0010062
Passed	Sillar.Core.Tests.ImageDimensionsTests	Sillar.Core.Tests.ImageDimensionsTests.Las_dimensiones_de_un_png_se_leen_del_IHDR(ancho: 4096, alto: 2160)	2026-10-07T19:09:56.1852023-05:00	00:00:00.0001060
Passed	Sillar.Core.Tests.ImageDimensionsTests	Sillar.Core.Tests.ImageDimensionsTests.Las_dimensiones_de_un_png_se_leen_del_IHDR(ancho: 800, alto: 600)	2026-10-07T19:09:56.0982797-05:00	00:00:00.0197054
Passed	Sillar.Core.Tests.ImageDimensionsTests	Sillar.Core.Tests.ImageDimensionsTests.Las_dimensiones_de_un_webp_se_leen_en_sus_tres_variantes(variante: "VP8 ", ancho: 640, alto: 480)	2026-10-07T19:09:56.0867555-05:00	00:00:00.0001145
Passed	Sillar.Core.Tests.ImageDimensionsTests	Sillar.Core.Tests.ImageDimensionsTests.Las_dimensiones_de_un_webp_se_leen_en_sus_tres_variantes(variante: "VP8L", ancho: 1, alto: 1)	2026-10-07T19:09:55.9567200-05:00	00:00:00.0892983
Passed	Sillar.Core.Tests.ImageDimensionsTests	Sillar.Core.Tests.ImageDimensionsTests.Las_dimensiones_de_un_webp_se_leen_en_sus_tres_variantes(variante: "VP8L", ancho: 640, alto: 480)	2026-10-07T19:09:56.0731873-05:00	00:00:00.0001139
Passed	Sillar.Core.Tests.ImageDimensionsTests	Sillar.Core.Tests.ImageDimensionsTests.Las_dimensiones_de_un_webp_se_leen_en_sus_tres_variantes(variante: "VP8X", ancho: 16383, alto: 16383)	2026-10-07T19:09:56.0494230-05:00	00:00:00.0168419
Passed	Sillar.Core.Tests.ImageDimensionsTests	Sillar.Core.Tests.ImageDimensionsTests.Las_dimensiones_de_un_webp_se_leen_en_sus_tres_variantes(variante: "VP8X", ancho: 640, alto: 480)	2026-10-07T19:09:56.0855657-05:00	00:00:00.0001037
Passed	Sillar.Core.Tests.ImageDimensionsTests	Sillar.Core.Tests.ImageDimensionsTests.Un_jpeg_sin_inicio_de_fotograma_devuelve_nulo_y_no_se_queda_dando_vueltas	2026-10-07T19:09:56.3130625-05:00	00:00:00.0005384
Passed	Sillar.Core.Tests.ImageDimensionsTests	Sillar.Core.Tests.ImageDimensionsTests.Un_webp_de_variante_desconocida_devuelve_nulo	2026-10-07T19:09:56.2996800-05:00	00:00:00.0122077
Passed	Sillar.Core.Tests.ImageDimensionsTests	Sillar.Core.Tests.ImageDimensionsTests.Una_cabecera_truncada_devuelve_nulo_sin_reventar	2026-10-07T19:09:56.2611558-05:00	00:00:00.0115961
Passed	Sillar.Core.Tests.InstalacionDeModulosTests	Sillar.Core.Tests.InstalacionDeModulosTests.Base_pristina_la_instalacion_deja_todos_los_schemas_desplegados_y_termina_operativa	2026-10-07T19:12:06.6533164-05:00	00:00:09.3829816
Passed	Sillar.Core.Tests.InstalacionDeModulosTests	Sillar.Core.Tests.InstalacionDeModulosTests.CORE_se_instala_el_primero_y_no_por_casualidad	2026-10-07T19:11:22.5625236-05:00	00:00:00.0047231
Passed	Sillar.Core.Tests.InstalacionDeModulosTests	Sillar.Core.Tests.InstalacionDeModulosTests.Clasificar_con_algo_ajeno_no_es_seguro	2026-10-07T19:12:06.6514405-05:00	00:00:00.0005601
Passed	Sillar.Core.Tests.InstalacionDeModulosTests	Sillar.Core.Tests.InstalacionDeModulosTests.Clasificar_con_solo_lo_nuestro_es_reanudable	2026-10-07T19:10:32.5823533-05:00	00:00:00.0146205
Passed	Sillar.Core.Tests.InstalacionDeModulosTests	Sillar.Core.Tests.InstalacionDeModulosTests.Clasificar_sin_nada_es_pristina	2026-10-07T19:11:22.5593842-05:00	00:00:00.0009035
Passed	Sillar.Core.Tests.InstalacionDeModulosTests	Sillar.Core.Tests.InstalacionDeModulosTests.El_503_nombra_base_servidor_puerto_y_la_evidencia_y_manda_comprobar_la_conexion	2026-10-07T19:11:44.3290762-05:00	00:00:11.5856964
Passed	Sillar.Core.Tests.InstalacionDeModulosTests	Sillar.Core.Tests.InstalacionDeModulosTests.El_orden_es_el_mismo_llegue_como_llegue_el_catalogo_de_modulos	2026-10-07T19:11:08.0423280-05:00	00:00:00.0051712
Passed	Sillar.Core.Tests.InstalacionDeModulosTests	Sillar.Core.Tests.InstalacionDeModulosTests.Las_extensiones_en_public_no_convierten_la_base_en_ajena	2026-10-07T19:11:55.9155446-05:00	00:00:04.5237047
Passed	Sillar.Core.Tests.InstalacionDeModulosTests	Sillar.Core.Tests.InstalacionDeModulosTests.POST_setup_sobre_base_pristina_responde_201	2026-10-07T19:10:32.6521526-05:00	00:00:12.4838570
Passed	Sillar.Core.Tests.InstalacionDeModulosTests	Sillar.Core.Tests.InstalacionDeModulosTests.Repetir_la_instalacion_no_reaplica_nada_y_sigue_operativa	2026-10-07T19:11:22.5684296-05:00	00:00:10.7230114
Passed	Sillar.Core.Tests.InstalacionDeModulosTests	Sillar.Core.Tests.InstalacionDeModulosTests.Un_historial_con_migraciones_que_este_binario_no_conoce_no_se_toca	2026-10-07T19:10:45.1603890-05:00	00:00:13.2905912
Passed	Sillar.Core.Tests.InstalacionDeModulosTests	Sillar.Core.Tests.InstalacionDeModulosTests.Un_schema_ajeno_hace_que_se_niegue_antes_de_migrar_nada	2026-10-07T19:11:08.0505313-05:00	00:00:14.5004726
Passed	Sillar.Core.Tests.InstalacionDeModulosTests	Sillar.Core.Tests.InstalacionDeModulosTests.Un_schema_con_nuestro_nombre_pero_sin_nuestro_historial_no_se_toca	2026-10-07T19:12:00.4405814-05:00	00:00:06.2100642
Passed	Sillar.Core.Tests.InstalacionDeModulosTests	Sillar.Core.Tests.InstalacionDeModulosTests.Un_schema_de_SILLAR_cuya_primera_migracion_fallo_sigue_siendo_reanudable	2026-10-07T19:11:33.2937294-05:00	00:00:11.0280391
Passed	Sillar.Core.Tests.InstalacionDeModulosTests	Sillar.Core.Tests.InstalacionDeModulosTests.Una_instalacion_a_medias_se_reanuda_y_se_completa	2026-10-07T19:09:54.6761828-05:00	00:00:37.8308969
Passed	Sillar.Core.Tests.InstalacionDeModulosTests	Sillar.Core.Tests.InstalacionDeModulosTests.Una_tabla_ajena_en_public_hace_que_se_niegue	2026-10-07T19:10:58.4541388-05:00	00:00:09.5815228
Passed	Sillar.Core.Tests.LockoutPolicyTests	Sillar.Core.Tests.LockoutPolicyTests.El_bloqueo_termina_solo_al_pasar_el_plazo	2026-10-07T19:09:56.3477201-05:00	00:00:00.0132306
Passed	Sillar.Core.Tests.LockoutPolicyTests	Sillar.Core.Tests.LockoutPolicyTests.El_quinto_fallo_bloquea_quince_minutos	2026-10-07T19:09:56.3771501-05:00	00:00:00.0037738
Passed	Sillar.Core.Tests.LockoutPolicyTests	Sillar.Core.Tests.LockoutPolicyTests.Los_fallos_siguientes_reinician_los_quince_minutos	2026-10-07T19:09:56.4074061-05:00	00:00:00.0004297
Passed	Sillar.Core.Tests.LockoutPolicyTests	Sillar.Core.Tests.LockoutPolicyTests.Menos_de_cinco_fallos_no_bloquean(fallos: 1)	2026-10-07T19:09:56.3987208-05:00	00:00:00.0059671
Passed	Sillar.Core.Tests.LockoutPolicyTests	Sillar.Core.Tests.LockoutPolicyTests.Menos_de_cinco_fallos_no_bloquean(fallos: 4)	2026-10-07T19:09:56.3907949-05:00	00:00:00.0005297
Passed	Sillar.Core.Tests.LockoutPolicyTests	Sillar.Core.Tests.LockoutPolicyTests.Una_cuenta_sin_bloqueo_no_esta_bloqueada	2026-10-07T19:09:56.3215464-05:00	00:00:00.0216820
Passed	Sillar.Core.Tests.LoginEvaluatorTests	Sillar.Core.Tests.LoginEvaluatorTests.Con_la_contrasena_correcta_y_la_cuenta_bloqueada_devuelve_423	2026-10-07T19:09:54.6763755-05:00	00:00:00.2825964
Passed	Sillar.Core.Tests.LoginEvaluatorTests	Sillar.Core.Tests.LoginEvaluatorTests.Con_la_contrasena_incorrecta_y_la_cuenta_bloqueada_devuelve_401_y_no_423	2026-10-07T19:09:55.2925565-05:00	00:00:00.0216122
Passed	Sillar.Core.Tests.LoginEvaluatorTests	Sillar.Core.Tests.LoginEvaluatorTests.Con_todo_en_orden_concede_el_acceso	2026-10-07T19:09:55.2323265-05:00	00:00:00.0069324
Passed	Sillar.Core.Tests.LoginEvaluatorTests	Sillar.Core.Tests.LoginEvaluatorTests.El_senuelo_no_se_calcula_cuando_la_cuenta_existe	2026-10-07T19:09:55.2407147-05:00	00:00:00.0115073
Passed	Sillar.Core.Tests.LoginEvaluatorTests	Sillar.Core.Tests.LoginEvaluatorTests.Un_bloqueo_ya_vencido_no_impide_entrar	2026-10-07T19:09:55.2159806-05:00	00:00:00.0062977
Passed	Sillar.Core.Tests.LoginEvaluatorTests	Sillar.Core.Tests.LoginEvaluatorTests.Un_correo_que_no_existe_devuelve_401_y_gasta_el_tiempo_del_senuelo	2026-10-07T19:09:55.1307748-05:00	00:00:00.0824131
Passed	Sillar.Core.Tests.LoginEvaluatorTests	Sillar.Core.Tests.LoginEvaluatorTests.Una_contrasena_incorrecta_devuelve_401	2026-10-07T19:09:55.2777129-05:00	00:00:00.0006576
Passed	Sillar.Core.Tests.LoginEvaluatorTests	Sillar.Core.Tests.LoginEvaluatorTests.Una_cuenta_desactivada_devuelve_401_generico	2026-10-07T19:09:55.3185716-05:00	00:00:00.0071532
Passed	Sillar.Core.Tests.LoginEvaluatorTests	Sillar.Core.Tests.LoginEvaluatorTests.Una_cuenta_desactivada_y_bloqueada_devuelve_423_porque_el_bloqueo_se_mira_antes	2026-10-07T19:09:55.2536578-05:00	00:00:00.0100807
Passed	Sillar.Core.Tests.ModuleRegistryTests	Sillar.Core.Tests.ModuleRegistryTests.IsActive_devuelve_false_si_el_modulo_no_esta_en_la_foto_activa	2026-10-07T19:09:55.4763859-05:00	00:00:00.0209987
Passed	Sillar.Core.Tests.ModuleRegistryTests	Sillar.Core.Tests.ModuleRegistryTests.IsActive_devuelve_true_si_el_modulo_esta_en_la_foto_activa	2026-10-07T19:09:55.4990438-05:00	00:00:00.0047019
Passed	Sillar.Core.Tests.ModuleSynchronizerReadActivePostgresTests	Sillar.Core.Tests.ModuleSynchronizerReadActivePostgresTests.ReadActiveAsync_devuelve_exactamente_el_modulo_activo_de_PostgreSQL	2026-10-07T19:09:54.6782574-05:00	00:00:30.8644486
Passed	Sillar.Core.Tests.NodoYAutoriaTests	Sillar.Core.Tests.NodoYAutoriaTests.Al_subir_la_fotografia_lleva_el_nodo_de_la_cuenta_y_no_el_de_la_instalacion	2026-10-07T19:10:54.3835205-05:00	00:00:13.6494511
Passed	Sillar.Core.Tests.NodoYAutoriaTests	Sillar.Core.Tests.NodoYAutoriaTests.El_nodo_viaja_en_la_conexion_solo_si_esta_configurado	2026-10-07T19:10:54.3774608-05:00	00:00:00.0040896
Passed	Sillar.Core.Tests.NodoYAutoriaTests	Sillar.Core.Tests.NodoYAutoriaTests.En_una_instalacion_limpia_la_migracion_no_necesita_nodo_y_deja_el_esquema_nuevo	2026-10-07T19:11:23.3878130-05:00	00:00:10.1878147
Passed	Sillar.Core.Tests.NodoYAutoriaTests	Sillar.Core.Tests.NodoYAutoriaTests.ICurrentAdmin_da_lo_de_siempre_y_ademas_el_nombre_visible_y_el_nodo_de_la_cuenta	2026-10-07T19:10:17.7403110-05:00	00:00:14.7831130
Passed	Sillar.Core.Tests.NodoYAutoriaTests	Sillar.Core.Tests.NodoYAutoriaTests.La_fotografia_del_autor_no_se_modifica_una_vez_escrita	2026-10-07T19:10:32.5570148-05:00	00:00:05.9717019
Passed	Sillar.Core.Tests.NodoYAutoriaTests	Sillar.Core.Tests.NodoYAutoriaTests.Media_fotografia_del_autor_no_se_admite	2026-10-07T19:10:14.8987290-05:00	00:00:02.8114396
Passed	Sillar.Core.Tests.NodoYAutoriaTests	Sillar.Core.Tests.NodoYAutoriaTests.Sin_nodo_configurado_y_con_cuentas_la_migracion_aborta_sin_cambiar_nada	2026-10-07T19:11:08.0357495-05:00	00:00:15.3487185
Passed	Sillar.Core.Tests.NodoYAutoriaTests	Sillar.Core.Tests.NodoYAutoriaTests.Sin_sesion_ICurrentAdmin_no_lanza_y_lo_nuevo_tambien_es_nulo	2026-10-07T19:10:17.7250443-05:00	00:00:00.0079231
Passed	Sillar.Core.Tests.NodoYAutoriaTests	Sillar.Core.Tests.NodoYAutoriaTests.Sobre_datos_preexistentes_rellena_el_nodo_de_las_cuentas_y_fotografia_al_autor_valido	2026-10-07T19:10:38.5377926-05:00	00:00:15.8219741
Passed	Sillar.Core.Tests.NodoYAutoriaTests	Sillar.Core.Tests.NodoYAutoriaTests.Un_autor_que_no_existe_es_corrupcion_la_migracion_aborta_dice_cuantas_y_como_localizarlas	2026-10-07T19:09:55.3264250-05:00	00:00:19.5622058
Passed	Sillar.Core.Tests.PasswordPolicyTests	Sillar.Core.Tests.PasswordPolicyTests.Doce_caracteres_se_aceptan	2026-10-07T19:09:55.8614481-05:00	00:00:00.0104064
Passed	Sillar.Core.Tests.PasswordPolicyTests	Sillar.Core.Tests.PasswordPolicyTests.El_apellido_si_se_comprueba_aunque_el_nombre_sea_corto	2026-10-07T19:09:55.4367933-05:00	00:00:00.0997644
Passed	Sillar.Core.Tests.PasswordPolicyTests	Sillar.Core.Tests.PasswordPolicyTests.El_motivo_del_rechazo_esta_en_espanol	2026-10-07T19:09:55.9374417-05:00	00:00:00.0090560
Passed	Sillar.Core.Tests.PasswordPolicyTests	Sillar.Core.Tests.PasswordPolicyTests.La_comparacion_con_la_identidad_ignora_mayusculas	2026-10-07T19:09:55.8354116-05:00	00:00:00.0004185
Passed	Sillar.Core.Tests.PasswordPolicyTests	Sillar.Core.Tests.PasswordPolicyTests.Las_contrasenas_comunes_se_rechazan(contrasena: "123456789012")	2026-10-07T19:09:55.8140926-05:00	00:00:00.0001174
Passed	Sillar.Core.Tests.PasswordPolicyTests	Sillar.Core.Tests.PasswordPolicyTests.Las_contrasenas_comunes_se_rechazan(contrasena: "CONTRASEÑA12")	2026-10-07T19:09:55.8032933-05:00	00:00:00.0011266
Passed	Sillar.Core.Tests.PasswordPolicyTests	Sillar.Core.Tests.PasswordPolicyTests.Las_contrasenas_comunes_se_rechazan(contrasena: "administrador")	2026-10-07T19:09:55.8128206-05:00	00:00:00.0001019
Passed	Sillar.Core.Tests.PasswordPolicyTests	Sillar.Core.Tests.PasswordPolicyTests.Las_contrasenas_comunes_se_rechazan(contrasena: "contrasena12")	2026-10-07T19:09:55.7938546-05:00	00:00:00.0004167
Passed	Sillar.Core.Tests.PasswordPolicyTests	Sillar.Core.Tests.PasswordPolicyTests.Las_palabras_cortas_del_nombre_no_invalidan_media_lengua	2026-10-07T19:09:55.9225925-05:00	00:00:00.0004195
Passed	Sillar.Core.Tests.PasswordPolicyTests	Sillar.Core.Tests.PasswordPolicyTests.Mas_de_setenta_y_dos_caracteres_se_rechaza	2026-10-07T19:09:55.8923422-05:00	00:00:00.0011505
Passed	Sillar.Core.Tests.PasswordPolicyTests	Sillar.Core.Tests.PasswordPolicyTests.No_se_exigen_mayusculas_ni_digitos_ni_simbolos	2026-10-07T19:09:55.9025422-05:00	00:00:00.0004218
Passed	Sillar.Core.Tests.PasswordPolicyTests	Sillar.Core.Tests.PasswordPolicyTests.Once_caracteres_se_rechazan	2026-10-07T19:09:55.5574563-05:00	00:00:00.2111859
Passed	Sillar.Core.Tests.PasswordPolicyTests	Sillar.Core.Tests.PasswordPolicyTests.Una_contrasena_que_contiene_el_correo_se_rechaza	2026-10-07T19:09:55.8830216-05:00	00:00:00.0003925
Passed	Sillar.Core.Tests.PasswordPolicyTests	Sillar.Core.Tests.PasswordPolicyTests.Una_contrasena_que_contiene_el_nombre_se_rechaza	2026-10-07T19:09:55.8508436-05:00	00:00:00.0005486
Passed	Sillar.Core.Tests.PasswordPolicyTests	Sillar.Core.Tests.PasswordPolicyTests.Una_contrasena_que_contiene_la_parte_previa_a_la_arroba_se_rechaza	2026-10-07T19:09:55.5464844-05:00	00:00:00.0010062
Passed	Sillar.Core.Tests.PasswordPolicyTests	Sillar.Core.Tests.PasswordPolicyTests.Una_contrasena_vacia_se_rechaza	2026-10-07T19:09:55.9114801-05:00	00:00:00.0004018
Passed	Sillar.Core.Tests.RoleHierarchyTests	Sillar.Core.Tests.RoleHierarchyTests.Un_rol_desconocido_no_satisface_nada(rol: "")	2026-10-07T19:09:55.5256889-05:00	00:00:00.0011486
Passed	Sillar.Core.Tests.RoleHierarchyTests	Sillar.Core.Tests.RoleHierarchyTests.Un_rol_desconocido_no_satisface_nada(rol: "Admin")	2026-10-07T19:09:55.5309551-05:00	00:00:00.0000675
Passed	Sillar.Core.Tests.RoleHierarchyTests	Sillar.Core.Tests.RoleHierarchyTests.Un_rol_desconocido_no_satisface_nada(rol: "jefe")	2026-10-07T19:09:55.5298653-05:00	00:00:00.0000701
Passed	Sillar.Core.Tests.RoleHierarchyTests	Sillar.Core.Tests.RoleHierarchyTests.Un_rol_desconocido_no_satisface_nada(rol: null)	2026-10-07T19:09:55.5162420-05:00	00:00:00.0042804
Passed	Sillar.Core.Tests.RoleHierarchyTests	Sillar.Core.Tests.RoleHierarchyTests.Un_rol_no_alcanza_lo_que_esta_por_encima(rol: "admin", exigido: "super_admin")	2026-10-07T19:09:55.5385054-05:00	00:00:00.0021589
Passed	Sillar.Core.Tests.RoleHierarchyTests	Sillar.Core.Tests.RoleHierarchyTests.Un_rol_no_alcanza_lo_que_esta_por_encima(rol: "editor", exigido: "admin")	2026-10-07T19:09:55.5417810-05:00	00:00:00.0000716
Passed	Sillar.Core.Tests.RoleHierarchyTests	Sillar.Core.Tests.RoleHierarchyTests.Un_rol_no_alcanza_lo_que_esta_por_encima(rol: "editor", exigido: "super_admin")	2026-10-07T19:09:55.5350390-05:00	00:00:00.0024017
Passed	Sillar.Core.Tests.RoleHierarchyTests	Sillar.Core.Tests.RoleHierarchyTests.Un_rol_satisface_lo_que_se_le_exige_por_debajo(rol: "admin", exigido: "admin")	2026-10-07T19:09:55.5458912-05:00	00:00:00.0006420
Passed	Sillar.Core.Tests.RoleHierarchyTests	Sillar.Core.Tests.RoleHierarchyTests.Un_rol_satisface_lo_que_se_le_exige_por_debajo(rol: "admin", exigido: "editor")	2026-10-07T19:09:55.5581795-05:00	00:00:00.0000696
Passed	Sillar.Core.Tests.RoleHierarchyTests	Sillar.Core.Tests.RoleHierarchyTests.Un_rol_satisface_lo_que_se_le_exige_por_debajo(rol: "editor", exigido: "editor")	2026-10-07T19:09:55.5538747-05:00	00:00:00.0000642
Passed	Sillar.Core.Tests.RoleHierarchyTests	Sillar.Core.Tests.RoleHierarchyTests.Un_rol_satisface_lo_que_se_le_exige_por_debajo(rol: "super_admin", exigido: "admin")	2026-10-07T19:09:55.5550146-05:00	00:00:00.0021307
Passed	Sillar.Core.Tests.RoleHierarchyTests	Sillar.Core.Tests.RoleHierarchyTests.Un_rol_satisface_lo_que_se_le_exige_por_debajo(rol: "super_admin", exigido: "editor")	2026-10-07T19:09:55.5623592-05:00	00:00:00.0000645
Passed	Sillar.Core.Tests.RoleHierarchyTests	Sillar.Core.Tests.RoleHierarchyTests.Un_rol_satisface_lo_que_se_le_exige_por_debajo(rol: "super_admin", exigido: "super_admin")	2026-10-07T19:09:55.5498522-05:00	00:00:00.0007090
Passed	Sillar.Core.Tests.SessionPolicyTests	Sillar.Core.Tests.SessionPolicyTests.Cerca_del_septimo_dia_manda_el_tope_absoluto	2026-10-07T19:09:56.5288354-05:00	00:00:00.0094671
Passed	Sillar.Core.Tests.SessionPolicyTests	Sillar.Core.Tests.SessionPolicyTests.Dentro_del_minuto_siguiente_no_se_reescribe_last_seen_at	2026-10-07T19:09:56.5744118-05:00	00:00:00.0008264
Passed	Sillar.Core.Tests.SessionPolicyTests	Sillar.Core.Tests.SessionPolicyTests.La_caducidad_es_la_inactividad_mientras_no_choque_con_el_tope	2026-10-07T19:09:56.5428099-05:00	00:00:00.0047190
Passed	Sillar.Core.Tests.SessionPolicyTests	Sillar.Core.Tests.SessionPolicyTests.Ocho_horas_sin_actividad_caducan_la_sesion	2026-10-07T19:09:56.5522339-05:00	00:00:00.0005562
Passed	Sillar.Core.Tests.SessionPolicyTests	Sillar.Core.Tests.SessionPolicyTests.Pasado_el_minuto_se_reescribe_last_seen_at	2026-10-07T19:09:56.5819691-05:00	00:00:00.0005407
Passed	Sillar.Core.Tests.SessionPolicyTests	Sillar.Core.Tests.SessionPolicyTests.Siete_dias_desde_la_emision_caducan_la_sesion_aunque_se_acabe_de_usar	2026-10-07T19:09:56.5124463-05:00	00:00:00.0105924
Passed	Sillar.Core.Tests.SessionPolicyTests	Sillar.Core.Tests.SessionPolicyTests.Una_sesion_recien_usada_sirve	2026-10-07T19:09:56.5607908-05:00	00:00:00.0057060
Passed	Sillar.Core.Tests.SessionPolicyTests	Sillar.Core.Tests.SessionPolicyTests.Una_sesion_revocada_no_sirve_aunque_este_en_plazo	2026-10-07T19:09:56.4322449-05:00	00:00:00.0639583
Passed	Sillar.Core.Tests.SessionTokenTests	Sillar.Core.Tests.SessionTokenTests.Dos_tokens_seguidos_no_se_parecen	2026-10-07T19:09:55.2738298-05:00	00:00:00.0796019
Passed	Sillar.Core.Tests.SessionTokenTests	Sillar.Core.Tests.SessionTokenTests.El_hash_cabe_en_la_columna	2026-10-07T19:09:55.2597449-05:00	00:00:00.0007306
Passed	Sillar.Core.Tests.SessionTokenTests	Sillar.Core.Tests.SessionTokenTests.El_hash_no_contiene_el_token	2026-10-07T19:09:55.1103653-05:00	00:00:00.0040169
Passed	Sillar.Core.Tests.SessionTokenTests	Sillar.Core.Tests.SessionTokenTests.El_token_de_otra_sesion_no_coincide	2026-10-07T19:09:55.2620213-05:00	00:00:00.0056391
Passed	Sillar.Core.Tests.SessionTokenTests	Sillar.Core.Tests.SessionTokenTests.El_token_de_sesion_lleva_256_bits	2026-10-07T19:09:55.1273434-05:00	00:00:00.0838917
Passed	Sillar.Core.Tests.SessionTokenTests	Sillar.Core.Tests.SessionTokenTests.El_token_viaja_en_una_cookie_y_una_cabecera_sin_escapar_nada	2026-10-07T19:09:55.3614088-05:00	00:00:00.0544351
Passed	Sillar.Core.Tests.SessionTokenTests	Sillar.Core.Tests.SessionTokenTests.Sin_token_o_sin_hash_no_hay_coincidencia(token: "", hash: "algo")	2026-10-07T19:09:55.2566693-05:00	00:00:00.0000688
Passed	Sillar.Core.Tests.SessionTokenTests	Sillar.Core.Tests.SessionTokenTests.Sin_token_o_sin_hash_no_hay_coincidencia(token: "algo", hash: "")	2026-10-07T19:09:55.2515052-05:00	00:00:00.0000642
Passed	Sillar.Core.Tests.SessionTokenTests	Sillar.Core.Tests.SessionTokenTests.Sin_token_o_sin_hash_no_hay_coincidencia(token: "algo", hash: null)	2026-10-07T19:09:55.2445809-05:00	00:00:00.0058887
Passed	Sillar.Core.Tests.SessionTokenTests	Sillar.Core.Tests.SessionTokenTests.Sin_token_o_sin_hash_no_hay_coincidencia(token: null, hash: "algo")	2026-10-07T19:09:55.2348096-05:00	00:00:00.0086870
Passed	Sillar.Core.Tests.SessionTokenTests	Sillar.Core.Tests.SessionTokenTests.Un_token_coincide_con_su_propio_hash	2026-10-07T19:09:54.6782341-05:00	00:00:00.2799968
Passed	Sillar.Core.Tests.SettingValueValidatorTests	Sillar.Core.Tests.SettingValueValidatorTests.El_motivo_del_rechazo_dice_que_se_esperaba	2026-10-07T19:09:57.1518445-05:00	00:00:00.0006932
Passed	Sillar.Core.Tests.SettingValueValidatorTests	Sillar.Core.Tests.SettingValueValidatorTests.El_numero_se_interpreta_con_punto_decimal_no_con_coma	2026-10-07T19:09:57.0396400-05:00	00:00:00.0004536
Passed	Sillar.Core.Tests.SettingValueValidatorTests	Sillar.Core.Tests.SettingValueValidatorTests.Los_booleanos_reconocibles_se_interpretan(valor: "0", esperado: False)	2026-10-07T19:09:57.1179481-05:00	00:00:00.0000717
Passed	Sillar.Core.Tests.SettingValueValidatorTests	Sillar.Core.Tests.SettingValueValidatorTests.Los_booleanos_reconocibles_se_interpretan(valor: "1", esperado: True)	2026-10-07T19:09:57.1090089-05:00	00:00:00.0001323
Passed	Sillar.Core.Tests.SettingValueValidatorTests	Sillar.Core.Tests.SettingValueValidatorTests.Los_booleanos_reconocibles_se_interpretan(valor: "SÍ", esperado: True)	2026-10-07T19:09:57.1165083-05:00	00:00:00.0003176
Passed	Sillar.Core.Tests.SettingValueValidatorTests	Sillar.Core.Tests.SettingValueValidatorTests.Los_booleanos_reconocibles_se_interpretan(valor: "false", esperado: False)	2026-10-07T19:09:57.0420127-05:00	00:00:00.0393342
Passed	Sillar.Core.Tests.SettingValueValidatorTests	Sillar.Core.Tests.SettingValueValidatorTests.Los_booleanos_reconocibles_se_interpretan(valor: "no", esperado: False)	2026-10-07T19:09:57.1055336-05:00	00:00:00.0000941
Passed	Sillar.Core.Tests.SettingValueValidatorTests	Sillar.Core.Tests.SettingValueValidatorTests.Los_booleanos_reconocibles_se_interpretan(valor: "true", esperado: True)	2026-10-07T19:09:57.0937076-05:00	00:00:00.0010490
Passed	Sillar.Core.Tests.SettingValueValidatorTests	Sillar.Core.Tests.SettingValueValidatorTests.Un_valor_que_encaja_con_su_tipo_se_acepta(tipo: "boolean", valor: "0")	2026-10-07T19:09:57.0344037-05:00	00:00:00.0000844
Passed	Sillar.Core.Tests.SettingValueValidatorTests	Sillar.Core.Tests.SettingValueValidatorTests.Un_valor_que_encaja_con_su_tipo_se_acepta(tipo: "boolean", valor: "SI")	2026-10-07T19:09:57.0179003-05:00	00:00:00.0001425
Passed	Sillar.Core.Tests.SettingValueValidatorTests	Sillar.Core.Tests.SettingValueValidatorTests.Un_valor_que_encaja_con_su_tipo_se_acepta(tipo: "boolean", valor: "true")	2026-10-07T19:09:57.0123915-05:00	00:00:00.0000833
Passed	Sillar.Core.Tests.SettingValueValidatorTests	Sillar.Core.Tests.SettingValueValidatorTests.Un_valor_que_encaja_con_su_tipo_se_acepta(tipo: "email", valor: "contacto@ejemplo.pe")	2026-10-07T19:09:57.0242996-05:00	00:00:00.0004926
Passed	Sillar.Core.Tests.SettingValueValidatorTests	Sillar.Core.Tests.SettingValueValidatorTests.Un_valor_que_encaja_con_su_tipo_se_acepta(tipo: "json", valor: "{\"horario\":\"9-18\"}")	2026-10-07T19:09:56.9917749-05:00	00:00:00.0180739
Passed	Sillar.Core.Tests.SettingValueValidatorTests	Sillar.Core.Tests.SettingValueValidatorTests.Un_valor_que_encaja_con_su_tipo_se_acepta(tipo: "number", valor: "-3.5")	2026-10-07T19:09:56.9866719-05:00	00:00:00.0040080
Passed	Sillar.Core.Tests.SettingValueValidatorTests	Sillar.Core.Tests.SettingValueValidatorTests.Un_valor_que_encaja_con_su_tipo_se_acepta(tipo: "number", valor: "42")	2026-10-07T19:09:57.0288895-05:00	00:00:00.0000808
Passed	Sillar.Core.Tests.SettingValueValidatorTests	Sillar.Core.Tests.SettingValueValidatorTests.Un_valor_que_encaja_con_su_tipo_se_acepta(tipo: "text", valor: "Cualquier cosa")	2026-10-07T19:09:57.0231427-05:00	00:00:00.0000837
Passed	Sillar.Core.Tests.SettingValueValidatorTests	Sillar.Core.Tests.SettingValueValidatorTests.Un_valor_que_encaja_con_su_tipo_se_acepta(tipo: "url", valor: "https://ejemplo.pe/local")	2026-10-07T19:09:56.9805168-05:00	00:00:00.0042438
Passed	Sillar.Core.Tests.SettingValueValidatorTests	Sillar.Core.Tests.SettingValueValidatorTests.Un_valor_que_no_encaja_se_rechaza(tipo: "boolean", valor: "quizás")	2026-10-07T19:09:56.8646825-05:00	00:00:00.0198686
Passed	Sillar.Core.Tests.SettingValueValidatorTests	Sillar.Core.Tests.SettingValueValidatorTests.Un_valor_que_no_encaja_se_rechaza(tipo: "email", valor: "arroba-no-hay")	2026-10-07T19:09:56.9627772-05:00	00:00:00.0121635
Passed	Sillar.Core.Tests.SettingValueValidatorTests	Sillar.Core.Tests.SettingValueValidatorTests.Un_valor_que_no_encaja_se_rechaza(tipo: "json", valor: "{esto no es json}")	2026-10-07T19:09:56.8097746-05:00	00:00:00.0416211
Passed	Sillar.Core.Tests.SettingValueValidatorTests	Sillar.Core.Tests.SettingValueValidatorTests.Un_valor_que_no_encaja_se_rechaza(tipo: "number", valor: "muchos")	2026-10-07T19:09:56.8859413-05:00	00:00:00.0082410
Passed	Sillar.Core.Tests.SettingValueValidatorTests	Sillar.Core.Tests.SettingValueValidatorTests.Un_valor_que_no_encaja_se_rechaza(tipo: "url", valor: "ejemplo.pe")	2026-10-07T19:09:56.9504923-05:00	00:00:00.0001599
Passed	Sillar.Core.Tests.SettingValueValidatorTests	Sillar.Core.Tests.SettingValueValidatorTests.Un_valor_que_no_encaja_se_rechaza(tipo: "url", valor: "ftp://ejemplo.pe")	2026-10-07T19:09:56.8952772-05:00	00:00:00.0493622
Passed	Sillar.Core.Tests.SettingValueValidatorTests	Sillar.Core.Tests.SettingValueValidatorTests.Un_valor_vacio_se_rechaza_sea_cual_sea_el_tipo(valor: "   ")	2026-10-07T19:09:57.1244382-05:00	00:00:00.0003204
Passed	Sillar.Core.Tests.SettingValueValidatorTests	Sillar.Core.Tests.SettingValueValidatorTests.Un_valor_vacio_se_rechaza_sea_cual_sea_el_tipo(valor: "")	2026-10-07T19:09:57.1429461-05:00	00:00:00.0000854
Passed	Sillar.Core.Tests.SettingValueValidatorTests	Sillar.Core.Tests.SettingValueValidatorTests.Un_valor_vacio_se_rechaza_sea_cual_sea_el_tipo(valor: null)	2026-10-07T19:09:57.1339058-05:00	00:00:00.0006974
Passed	Sillar.Core.Tests.SettingsReaderPostgresTests	Sillar.Core.Tests.SettingsReaderPostgresTests.GetT_con_cache_fria_lee_PostgreSQL_y_respeta_conversion_defaults_e_inactivos	2026-10-07T19:09:54.6782791-05:00	00:00:22.9342415
Passed	Sillar.Modules.B2B.Tests.AtribucionDelPersonalTests	Sillar.Modules.B2B.Tests.AtribucionDelPersonalTests.El_nodo_es_el_de_la_cuenta_y_no_se_deriva_del_identificador	2026-10-07T19:10:00.8727299-05:00	00:00:00.0126529
Passed	Sillar.Modules.B2B.Tests.AtribucionDelPersonalTests	Sillar.Modules.B2B.Tests.AtribucionDelPersonalTests.El_nombre_visible_nunca_es_el_correo	2026-10-07T19:10:00.1763548-05:00	00:00:00.2669444
Passed	Sillar.Modules.B2B.Tests.AtribucionDelPersonalTests	Sillar.Modules.B2B.Tests.AtribucionDelPersonalTests.La_atribucion_llega_recortada	2026-10-07T19:10:00.9925523-05:00	00:00:00.0315346
Passed	Sillar.Modules.B2B.Tests.AtribucionDelPersonalTests	Sillar.Modules.B2B.Tests.AtribucionDelPersonalTests.La_cotizacion_solo_atribuye_el_pago_y_ninguna_otra_actuacion	2026-10-07T19:10:01.2307780-05:00	00:00:00.0496280
Passed	Sillar.Modules.B2B.Tests.AtribucionDelPersonalTests	Sillar.Modules.B2B.Tests.AtribucionDelPersonalTests.La_migracion_no_declara_ninguna_clave_foranea_hacia_core_admin_users	2026-10-07T19:10:01.1643127-05:00	00:00:00.0651921
Passed	Sillar.Modules.B2B.Tests.AtribucionDelPersonalTests	Sillar.Modules.B2B.Tests.AtribucionDelPersonalTests.La_migracion_solo_referencia_los_dos_schemas_de_sus_dependencias_duras	2026-10-07T19:10:01.0260443-05:00	00:00:00.1320496
Passed	Sillar.Modules.B2B.Tests.AtribucionDelPersonalTests	Sillar.Modules.B2B.Tests.AtribucionDelPersonalTests.Sin_identificador_local_valido_no_hay_atribucion	2026-10-07T19:10:00.7836876-05:00	00:00:00.0608623
Passed	Sillar.Modules.B2B.Tests.AtribucionDelPersonalTests	Sillar.Modules.B2B.Tests.AtribucionDelPersonalTests.Sin_nodo_de_la_cuenta_no_hay_atribucion	2026-10-07T19:10:00.8557397-05:00	00:00:00.0151177
Passed	Sillar.Modules.B2B.Tests.AtribucionDelPersonalTests	Sillar.Modules.B2B.Tests.AtribucionDelPersonalTests.Sin_nombre_visible_no_hay_atribucion	2026-10-07T19:10:01.2892391-05:00	00:00:00.0005251
Passed	Sillar.Modules.B2B.Tests.AtribucionDelPersonalTests	Sillar.Modules.B2B.Tests.AtribucionDelPersonalTests.Una_sesion_completa_da_los_tres_datos	2026-10-07T19:10:00.8968980-05:00	00:00:00.0917753
Passed	Sillar.Modules.B2B.Tests.BandejaYCatalogoTests	Sillar.Modules.B2B.Tests.BandejaYCatalogoTests.Actualizar_el_producto_refresca_la_instantanea_de_la_solicitud	2026-10-07T19:12:30.4587469-05:00	00:00:05.1389383
Passed	Sillar.Modules.B2B.Tests.BandejaYCatalogoTests	Sillar.Modules.B2B.Tests.BandejaYCatalogoTests.Desactivar_el_producto_marca_el_reenlace_y_no_invalida_ninguna_cotizacion	2026-10-07T19:12:44.3659245-05:00	00:00:03.3141944
Passed	Sillar.Modules.B2B.Tests.BandejaYCatalogoTests	Sillar.Modules.B2B.Tests.BandejaYCatalogoTests.E3b_una_linea_a_consultar_no_invalida_su_cotizacion_aunque_el_precio_cambie	2026-10-07T19:10:54.4052191-05:00	00:00:22.3397776
Passed	Sillar.Modules.B2B.Tests.BandejaYCatalogoTests	Sillar.Modules.B2B.Tests.BandejaYCatalogoTests.La_baja_es_logica_la_saca_de_lo_del_cliente_y_no_admite_mas_cambios	2026-10-07T19:12:16.0751759-05:00	00:00:08.7768300
Passed	Sillar.Modules.B2B.Tests.BandejaYCatalogoTests	Sillar.Modules.B2B.Tests.BandejaYCatalogoTests.La_bandeja_dice_de_quien_es_cada_fila_y_no_devuelve_su_identificador	2026-10-07T19:11:44.4435436-05:00	00:00:13.3422226
Passed	Sillar.Modules.B2B.Tests.BandejaYCatalogoTests	Sillar.Modules.B2B.Tests.BandejaYCatalogoTests.Las_notas_internas_estan_en_el_detalle_del_panel_y_no_en_la_bandeja_ni_en_lo_del_cliente	2026-10-07T19:12:47.6862764-05:00	00:00:03.7480732
Passed	Sillar.Modules.B2B.Tests.BandejaYCatalogoTests	Sillar.Modules.B2B.Tests.BandejaYCatalogoTests.Ningun_DTO_de_la_bandeja_lleva_el_identificador_del_cliente	2026-10-07T19:12:47.6827941-05:00	00:00:00.0027396
Passed	Sillar.Modules.B2B.Tests.BandejaYCatalogoTests	Sillar.Modules.B2B.Tests.BandejaYCatalogoTests.Reenlazar_a_un_producto_activo_refresca_la_instantanea_y_quita_el_pendiente	2026-10-07T19:12:24.8535158-05:00	00:00:05.6027915
Passed	Sillar.Modules.B2B.Tests.BandejaYCatalogoTests	Sillar.Modules.B2B.Tests.BandejaYCatalogoTests.Reenlazar_a_un_producto_dado_de_baja_se_rechaza	2026-10-07T19:11:33.1578661-05:00	00:00:11.2844200
Passed	Sillar.Modules.B2B.Tests.BandejaYCatalogoTests	Sillar.Modules.B2B.Tests.BandejaYCatalogoTests.Sin_cambio_de_precio_no_se_invalida_nada_y_aplicar_dos_veces_da_lo_mismo	2026-10-07T19:11:23.3441372-05:00	00:00:09.8118923
Passed	Sillar.Modules.B2B.Tests.BandejaYCatalogoTests	Sillar.Modules.B2B.Tests.BandejaYCatalogoTests.Un_cambio_de_precio_invalida_solo_las_cotizaciones_enviadas	2026-10-07T19:10:00.1764739-05:00	00:00:54.1085799
Passed	Sillar.Modules.B2B.Tests.BandejaYCatalogoTests	Sillar.Modules.B2B.Tests.BandejaYCatalogoTests.Un_cliente_que_M04_no_da_deja_la_fila_sin_cliente_y_no_se_rellena	2026-10-07T19:11:57.7870358-05:00	00:00:09.6398097
Passed	Sillar.Modules.B2B.Tests.BandejaYCatalogoTests	Sillar.Modules.B2B.Tests.BandejaYCatalogoTests.Un_estado_inventado_es_invalido	2026-10-07T19:12:07.4339827-05:00	00:00:08.6404253
Passed	Sillar.Modules.B2B.Tests.BandejaYCatalogoTests	Sillar.Modules.B2B.Tests.BandejaYCatalogoTests.Un_listado_pregunta_una_sola_vez_y_sin_repetir_identificadores	2026-10-07T19:12:39.8593696-05:00	00:00:04.5045295
Passed	Sillar.Modules.B2B.Tests.BandejaYCatalogoTests	Sillar.Modules.B2B.Tests.BandejaYCatalogoTests.Una_transicion_no_permitida_se_rechaza_y_no_cambia_nada	2026-10-07T19:11:16.7517008-05:00	00:00:06.5911979
Passed	Sillar.Modules.B2B.Tests.BandejaYCatalogoTests	Sillar.Modules.B2B.Tests.BandejaYCatalogoTests.Una_transicion_permitida_cambia_el_estado_y_nombra_la_fila	2026-10-07T19:12:35.5986094-05:00	00:00:04.2591055
Passed	Sillar.Modules.B2B.Tests.CotizacionesTests	Sillar.Modules.B2B.Tests.CotizacionesTests.Con_umbral_se_compara_el_importe_a_precio_de_lista_y_una_linea_libre_lo_hace_no_evaluable	2026-10-07T19:10:54.4097911-05:00	00:00:00.0658799
Passed	Sillar.Modules.B2B.Tests.CotizacionesTests	Sillar.Modules.B2B.Tests.CotizacionesTests.Crear_con_el_umbral_pendiente_no_toca_ningun_precio	2026-10-07T19:12:44.6443752-05:00	00:00:03.3935338
Passed	Sillar.Modules.B2B.Tests.CotizacionesTests	Sillar.Modules.B2B.Tests.CotizacionesTests.De_un_precio_a_a_consultar_si_invalida	2026-10-07T19:10:54.4804970-05:00	00:00:19.4785134
Passed	Sillar.Modules.B2B.Tests.CotizacionesTests	Sillar.Modules.B2B.Tests.CotizacionesTests.Dos_cotizaciones_concurrentes_reciben_correlativos_distintos_y_consecutivos	2026-10-07T19:12:07.4348580-05:00	00:00:08.5988366
Passed	Sillar.Modules.B2B.Tests.CotizacionesTests	Sillar.Modules.B2B.Tests.CotizacionesTests.E3b_de_a_consultar_a_un_precio_no_invalida	2026-10-07T19:11:34.7178728-05:00	00:00:09.6207851
Passed	Sillar.Modules.B2B.Tests.CotizacionesTests	Sillar.Modules.B2B.Tests.CotizacionesTests.El_formato_es_C_anio_y_cuatro_cifras	2026-10-07T19:11:58.0701563-05:00	00:00:00.0004365
Passed	Sillar.Modules.B2B.Tests.CotizacionesTests	Sillar.Modules.B2B.Tests.CotizacionesTests.El_numerador_se_niega_a_trabajar_fuera_de_una_transaccion	2026-10-07T19:11:58.0714047-05:00	00:00:09.3626253
Passed	Sillar.Modules.B2B.Tests.CotizacionesTests	Sillar.Modules.B2B.Tests.CotizacionesTests.El_pago_congela_el_nombre_el_identificador_local_y_el_nodo_de_la_cuenta	2026-10-07T19:12:40.3866996-05:00	00:00:04.2570631
Passed	Sillar.Modules.B2B.Tests.CotizacionesTests	Sillar.Modules.B2B.Tests.CotizacionesTests.El_umbral_solo_se_consume_por_el_contrato_ISettingsReader	2026-10-07T19:12:30.9649819-05:00	00:00:00.0197697
Passed	Sillar.Modules.B2B.Tests.CotizacionesTests	Sillar.Modules.B2B.Tests.CotizacionesTests.En_borrador_se_editan_las_lineas_y_se_congela_el_precio_de_catalogo	2026-10-07T19:12:16.0436627-05:00	00:00:08.8082919
Passed	Sillar.Modules.B2B.Tests.CotizacionesTests	Sillar.Modules.B2B.Tests.CotizacionesTests.La_auditoria_nombra_la_cotizacion_por_su_numero_visible	2026-10-07T19:12:30.9854773-05:00	00:00:05.0116806
Passed	Sillar.Modules.B2B.Tests.CotizacionesTests	Sillar.Modules.B2B.Tests.CotizacionesTests.Las_lineas_libres_no_participan_en_la_invalidacion	2026-10-07T19:10:00.1764532-05:00	00:00:54.1225402
Passed	Sillar.Modules.B2B.Tests.CotizacionesTests	Sillar.Modules.B2B.Tests.CotizacionesTests.Sin_umbral_configurado_lo_dice_y_no_inventa_importe(valor: "-1")	2026-10-07T19:12:30.9645578-05:00	00:00:00.0000494
Passed	Sillar.Modules.B2B.Tests.CotizacionesTests	Sillar.Modules.B2B.Tests.CotizacionesTests.Sin_umbral_configurado_lo_dice_y_no_inventa_importe(valor: "PENDIENTE_DEFINIR")	2026-10-07T19:12:30.9615708-05:00	00:00:00.0009407
Passed	Sillar.Modules.B2B.Tests.CotizacionesTests	Sillar.Modules.B2B.Tests.CotizacionesTests.Sin_umbral_configurado_lo_dice_y_no_inventa_importe(valor: "doscientos")	2026-10-07T19:12:30.9641222-05:00	00:00:00.0000584
Passed	Sillar.Modules.B2B.Tests.CotizacionesTests	Sillar.Modules.B2B.Tests.CotizacionesTests.Sin_umbral_configurado_lo_dice_y_no_inventa_importe(valor: null)	2026-10-07T19:12:30.9629969-05:00	00:00:00.0005617
Passed	Sillar.Modules.B2B.Tests.CotizacionesTests	Sillar.Modules.B2B.Tests.CotizacionesTests.Un_rollback_no_consume_correlativo	2026-10-07T19:12:35.9981956-05:00	00:00:04.3876229
Passed	Sillar.Modules.B2B.Tests.CotizacionesTests	Sillar.Modules.B2B.Tests.CotizacionesTests.Una_cotizacion_sin_lineas_no_se_envia	2026-10-07T19:11:13.9822140-05:00	00:00:09.3778198
Passed	Sillar.Modules.B2B.Tests.CotizacionesTests	Sillar.Modules.B2B.Tests.CotizacionesTests.Una_enviada_caducada_no_se_aprueba_y_una_vigente_si_hasta_pagarse	2026-10-07T19:12:24.8530092-05:00	00:00:06.1071555
Passed	Sillar.Modules.B2B.Tests.CotizacionesTests	Sillar.Modules.B2B.Tests.CotizacionesTests.Una_enviada_con_precio_conocido_que_cambia_se_invalida	2026-10-07T19:11:23.3630592-05:00	00:00:11.3481428
Passed	Sillar.Modules.B2B.Tests.CotizacionesTests	Sillar.Modules.B2B.Tests.CotizacionesTests.Una_enviada_no_admite_edicion_de_lineas	2026-10-07T19:11:44.3432712-05:00	00:00:13.7259168
Passed	Sillar.Modules.B2B.Tests.CotizacionesTests	Sillar.Modules.B2B.Tests.CotizacionesTests.Una_sesion_sin_los_tres_datos_no_registra_el_pago_ni_inventa_a_nadie	2026-10-07T19:12:48.0388964-05:00	00:00:03.4973754
Passed	Sillar.Modules.B2B.Tests.DependenciasDurasTests	Sillar.Modules.B2B.Tests.DependenciasDurasTests.Con_M07_activo_el_panel_no_desactiva_M01_ni_M04	2026-10-07T19:10:01.7278551-05:00	00:00:00.0105925
Passed	Sillar.Modules.B2B.Tests.DependenciasDurasTests	Sillar.Modules.B2B.Tests.DependenciasDurasTests.Con_M07_inactivo_el_panel_deja_desactivar_M01_porque_desactivar_no_borra	2026-10-07T19:10:01.5641383-05:00	00:00:00.0161831
Passed	Sillar.Modules.B2B.Tests.DependenciasDurasTests	Sillar.Modules.B2B.Tests.DependenciasDurasTests.El_instalador_aplica_M07_despues_de_M01_y_M04	2026-10-07T19:10:01.6447974-05:00	00:00:00.0768570
Passed	Sillar.Modules.B2B.Tests.DependenciasDurasTests	Sillar.Modules.B2B.Tests.DependenciasDurasTests.El_instalador_rechaza_un_despliegue_con_M07_y_sin_M01	2026-10-07T19:10:01.1356921-05:00	00:00:00.1674439
Passed	Sillar.Modules.B2B.Tests.DependenciasDurasTests	Sillar.Modules.B2B.Tests.DependenciasDurasTests.El_instalador_rechaza_un_despliegue_con_M07_y_sin_M04	2026-10-07T19:10:01.6084851-05:00	00:00:00.0257086
Passed	Sillar.Modules.B2B.Tests.DependenciasDurasTests	Sillar.Modules.B2B.Tests.DependenciasDurasTests.El_panel_no_activa_M07_si_falta_M01	2026-10-07T19:10:01.5937684-05:00	00:00:00.0112696
Passed	Sillar.Modules.B2B.Tests.DependenciasDurasTests	Sillar.Modules.B2B.Tests.DependenciasDurasTests.El_panel_no_activa_M07_si_falta_M04	2026-10-07T19:10:01.3048151-05:00	00:00:00.2294037
Passed	Sillar.Modules.B2B.Tests.DependenciasDurasTests	Sillar.Modules.B2B.Tests.DependenciasDurasTests.M07_declara_dependencia_dura_de_core_catalogo_y_clientes	2026-10-07T19:10:01.5358425-05:00	00:00:00.0125864
Passed	Sillar.Modules.B2B.Tests.InstalacionYDesinstalacionTests	Sillar.Modules.B2B.Tests.InstalacionYDesinstalacionTests.Ck_quotes_origen_rechaza_dos_origenes_y_ninguno_y_acepta_uno	2026-10-07T19:10:01.1194433-05:00	00:00:39.3974638
Passed	Sillar.Modules.B2B.Tests.InstalacionYDesinstalacionTests	Sillar.Modules.B2B.Tests.InstalacionYDesinstalacionTests.Con_M07_instalado_el_99_drop_de_una_dependencia_dura_se_rechaza_sin_borrar_nada(modulo: "catalog", nombre: "M01 Catálogo")	2026-10-07T19:12:07.4578217-05:00	00:00:08.6069364
Passed	Sillar.Modules.B2B.Tests.InstalacionYDesinstalacionTests	Sillar.Modules.B2B.Tests.InstalacionYDesinstalacionTests.Con_M07_instalado_el_99_drop_de_una_dependencia_dura_se_rechaza_sin_borrar_nada(modulo: "crm", nombre: "M04 Clientes")	2026-10-07T19:11:57.7865258-05:00	00:00:09.6509958
Passed	Sillar.Modules.B2B.Tests.InstalacionYDesinstalacionTests	Sillar.Modules.B2B.Tests.InstalacionYDesinstalacionTests.Desinstalar_M07_primero_permite_despues_desinstalar_M01_y_M04	2026-10-07T19:11:33.1687593-05:00	00:00:11.2676863
Passed	Sillar.Modules.B2B.Tests.InstalacionYDesinstalacionTests	Sillar.Modules.B2B.Tests.InstalacionYDesinstalacionTests.Desinstalar_y_reinstalar_M07_deja_M01_M04_y_CORE_como_estaban_y_devuelve_sus_FK	2026-10-07T19:12:24.8471277-05:00	00:00:06.1171181
Passed	Sillar.Modules.B2B.Tests.InstalacionYDesinstalacionTests	Sillar.Modules.B2B.Tests.InstalacionYDesinstalacionTests.Instalar_M07_con_M01_y_M04_crea_sus_cinco_claves_foraneas_duras	2026-10-07T19:11:22.3828703-05:00	00:00:10.7732772
Passed	Sillar.Modules.B2B.Tests.InstalacionYDesinstalacionTests	Sillar.Modules.B2B.Tests.InstalacionYDesinstalacionTests.Instalar_M07_sin_M01_falla_diciendo_que_falta_y_no_deja_tablas_de_M07	2026-10-07T19:12:30.9647152-05:00	00:00:05.0279969
Passed	Sillar.Modules.B2B.Tests.InstalacionYDesinstalacionTests	Sillar.Modules.B2B.Tests.InstalacionYDesinstalacionTests.Instalar_M07_sin_M04_falla_diciendo_que_falta_y_no_deja_tablas_de_M07	2026-10-07T19:11:44.4374862-05:00	00:00:13.3479391
Passed	Sillar.Modules.B2B.Tests.InstalacionYDesinstalacionTests	Sillar.Modules.B2B.Tests.InstalacionYDesinstalacionTests.La_guarda_rechaza_por_el_registro_de_modulos_aunque_las_FK_ya_no_esten	2026-10-07T19:12:16.0683733-05:00	00:00:08.7765129
Passed	Sillar.Modules.B2B.Tests.InstalacionYDesinstalacionTests	Sillar.Modules.B2B.Tests.InstalacionYDesinstalacionTests.Lanzado_como_psql_sin_detenerse_en_errores_el_99_drop_tampoco_borra_nada(modulo: "catalog")	2026-10-07T19:10:40.6432475-05:00	00:00:17.8081202
Passed	Sillar.Modules.B2B.Tests.InstalacionYDesinstalacionTests	Sillar.Modules.B2B.Tests.InstalacionYDesinstalacionTests.Lanzado_como_psql_sin_detenerse_en_errores_el_99_drop_tampoco_borra_nada(modulo: "crm")	2026-10-07T19:10:58.4570567-05:00	00:00:23.9212001
Passed	Sillar.Modules.B2B.Tests.LimitePorCuentaTests	Sillar.Modules.B2B.Tests.LimitePorCuentaTests.La_solicitud_N_dentro_de_la_ventana_pasa	2026-10-07T19:10:00.9605521-05:00	00:00:00.0010159
Passed	Sillar.Modules.B2B.Tests.LimitePorCuentaTests	Sillar.Modules.B2B.Tests.LimitePorCuentaTests.La_solicitud_N_mas_1_se_rechaza_y_dice_cuando_volver	2026-10-07T19:10:00.8498531-05:00	00:00:00.0969385
Passed	Sillar.Modules.B2B.Tests.LimitePorCuentaTests	Sillar.Modules.B2B.Tests.LimitePorCuentaTests.Pasada_la_ventana_la_cuenta_vuelve_a_poder	2026-10-07T19:10:00.1821819-05:00	00:00:00.3147514
Passed	Sillar.Modules.B2B.Tests.LimitePorCuentaTests	Sillar.Modules.B2B.Tests.LimitePorCuentaTests.Una_cuenta_agotada_no_bloquea_a_otra	2026-10-07T19:10:00.7912106-05:00	00:00:00.0160879
Passed	Sillar.Modules.B2B.Tests.PermisosDeRutasTests	Sillar.Modules.B2B.Tests.PermisosDeRutasTests.Las_bajas_y_el_pago_exigen_admin_y_nada_mas_lo_exige	2026-10-07T19:10:04.9729871-05:00	00:00:01.7833340
Passed	Sillar.Modules.B2B.Tests.PermisosDeRutasTests	Sillar.Modules.B2B.Tests.PermisosDeRutasTests.Las_cuatro_rutas_publicas_exigen_la_sesion_de_cliente_de_M04	2026-10-07T19:10:00.1763842-05:00	00:00:04.6565657
Passed	Sillar.Modules.B2B.Tests.PermisosDeRutasTests	Sillar.Modules.B2B.Tests.PermisosDeRutasTests.Todas_las_rutas_del_panel_exigen_al_menos_editor	2026-10-07T19:10:06.7729161-05:00	00:00:01.8254697
Passed	Sillar.Modules.B2B.Tests.SelectoresDeCatalogoTests	Sillar.Modules.B2B.Tests.SelectoresDeCatalogoTests.Con_el_catalogo_real_no_se_eligen_productos_dados_de_baja	2026-10-07T19:10:02.2583297-05:00	00:00:39.9295145
Passed	Sillar.Modules.B2B.Tests.SelectoresDeCatalogoTests	Sillar.Modules.B2B.Tests.SelectoresDeCatalogoTests.El_frontend_de_M07_solo_llama_a_rutas_de_M07	2026-10-07T19:10:02.0406412-05:00	00:00:00.2002011
Passed	Sillar.Modules.B2B.Tests.SelectoresDeCatalogoTests	Sillar.Modules.B2B.Tests.SelectoresDeCatalogoTests.El_selector_de_presentaciones_usa_el_contrato_y_no_expone_codigos_internos_de_M01	2026-10-07T19:10:00.1755471-05:00	00:00:01.4797272
Passed	Sillar.Modules.B2B.Tests.SelectoresDeCatalogoTests	Sillar.Modules.B2B.Tests.SelectoresDeCatalogoTests.El_selector_de_productos_proyecta_solo_el_DTO_de_M07_y_descarta_los_inactivos	2026-10-07T19:10:01.7748144-05:00	00:00:00.2520653
Passed	Sillar.Modules.B2B.Tests.SelectoresDeCatalogoTests	Sillar.Modules.B2B.Tests.SelectoresDeCatalogoTests.Sin_texto_no_devuelven_nada_ni_preguntan_al_catalogo(q: "   ")	2026-10-07T19:10:42.1985433-05:00	00:00:00.0248034
Passed	Sillar.Modules.B2B.Tests.SelectoresDeCatalogoTests	Sillar.Modules.B2B.Tests.SelectoresDeCatalogoTests.Sin_texto_no_devuelven_nada_ni_preguntan_al_catalogo(q: "")	2026-10-07T19:10:42.2249090-05:00	00:00:00.0049649
Passed	Sillar.Modules.B2B.Tests.SelectoresDeCatalogoTests	Sillar.Modules.B2B.Tests.SelectoresDeCatalogoTests.Sin_texto_no_devuelven_nada_ni_preguntan_al_catalogo(q: null)	2026-10-07T19:10:42.2482316-05:00	00:00:00.0001573
Passed	Sillar.Modules.B2B.Tests.SolicitudesClienteTests	Sillar.Modules.B2B.Tests.SolicitudesClienteTests.Las_dos_formas_de_solicitud_comparten_el_cupo_de_la_cuenta	2026-10-07T19:11:44.3613175-05:00	00:00:13.4194494
Passed	Sillar.Modules.B2B.Tests.SolicitudesClienteTests	Sillar.Modules.B2B.Tests.SolicitudesClienteTests.Las_solicitudes_propias_no_traen_notas_internas_ni_las_de_otros	2026-10-07T19:12:07.4603723-05:00	00:00:08.5800804
Passed	Sillar.Modules.B2B.Tests.SolicitudesClienteTests	Sillar.Modules.B2B.Tests.SolicitudesClienteTests.Sobre_un_producto_no_publicado_dado_de_baja_o_inexistente_no_se_crea_nada(producto: "00000000-0000-7000-8000-0000000000a2")	2026-10-07T19:11:05.6189506-05:00	00:00:17.7608995
Passed	Sillar.Modules.B2B.Tests.SolicitudesClienteTests	Sillar.Modules.B2B.Tests.SolicitudesClienteTests.Sobre_un_producto_no_publicado_dado_de_baja_o_inexistente_no_se_crea_nada(producto: "00000000-0000-7000-8000-0000000000a3")	2026-10-07T19:10:45.4611640-05:00	00:00:20.1509445
Passed	Sillar.Modules.B2B.Tests.SolicitudesClienteTests	Sillar.Modules.B2B.Tests.SolicitudesClienteTests.Sobre_un_producto_no_publicado_dado_de_baja_o_inexistente_no_se_crea_nada(producto: "00000000-0000-7000-8000-0000000000ff")	2026-10-07T19:11:23.3838870-05:00	00:00:09.9033850
Passed	Sillar.Modules.B2B.Tests.SolicitudesClienteTests	Sillar.Modules.B2B.Tests.SolicitudesClienteTests.Una_cotizacion_ajena_o_en_borrador_no_se_distingue_de_una_inexistente	2026-10-07T19:10:00.1762858-05:00	00:00:45.1577678
Passed	Sillar.Modules.B2B.Tests.SolicitudesClienteTests	Sillar.Modules.B2B.Tests.SolicitudesClienteTests.Una_personalizacion_sobre_un_producto_publicado_se_crea_con_su_instantanea	2026-10-07T19:11:57.7880056-05:00	00:00:09.6708162
Passed	Sillar.Modules.B2B.Tests.SolicitudesClienteTests	Sillar.Modules.B2B.Tests.SolicitudesClienteTests.Una_peticion_invalida_no_crea_nada_ni_gasta_cupo	2026-10-07T19:11:33.2882759-05:00	00:00:11.0721687
Passed	Sillar.Modules.B2B.Tests.TransicionesDeSolicitudTests	Sillar.Modules.B2B.Tests.TransicionesDeSolicitudTests.Cerrada_y_rechazada_son_finales_y_la_frase_lo_dice	2026-10-07T19:10:00.7923664-05:00	00:00:00.1852522
Passed	Sillar.Modules.B2B.Tests.TransicionesDeSolicitudTests	Sillar.Modules.B2B.Tests.TransicionesDeSolicitudTests.Solo_se_permiten_las_seis_transiciones_de_la_regla_5	2026-10-07T19:10:00.9806451-05:00	00:00:00.0569243
Passed	Sillar.Modules.B2B.Tests.TransicionesDeSolicitudTests	Sillar.Modules.B2B.Tests.TransicionesDeSolicitudTests.Un_estado_inventado_no_es_estado	2026-10-07T19:10:00.1764244-05:00	00:00:00.2751766
Passed	Sillar.Modules.Catalog.Tests.BreadcrumbTests	Sillar.Modules.Catalog.Tests.BreadcrumbTests.Entre_varias_activas_se_elige_por_nombre_no_por_orden_de_llegada	2026-10-07T19:09:54.1944591-05:00	00:00:00.0714975
Passed	Sillar.Modules.Catalog.Tests.BreadcrumbTests	Sillar.Modules.Catalog.Tests.BreadcrumbTests.La_ruta_se_corta_en_el_primer_antecesor_inactivo_sin_incluirlo	2026-10-07T19:09:53.8943012-05:00	00:00:00.2759591
Passed	Sillar.Modules.Catalog.Tests.BreadcrumbTests	Sillar.Modules.Catalog.Tests.BreadcrumbTests.La_ruta_sube_de_la_categoria_hasta_la_raiz	2026-10-07T19:09:54.3339331-05:00	00:00:00.0172993
Passed	Sillar.Modules.Catalog.Tests.BreadcrumbTests	Sillar.Modules.Catalog.Tests.BreadcrumbTests.Si_la_principal_esta_activa_se_usa_ella	2026-10-07T19:09:54.2716538-05:00	00:00:00.0139374
Passed	Sillar.Modules.Catalog.Tests.BreadcrumbTests	Sillar.Modules.Catalog.Tests.BreadcrumbTests.Si_la_principal_esta_inactiva_se_usa_otra_activa_del_producto	2026-10-07T19:09:54.3532544-05:00	00:00:00.0007776
Passed	Sillar.Modules.Catalog.Tests.BreadcrumbTests	Sillar.Modules.Catalog.Tests.BreadcrumbTests.Si_ninguna_categoria_esta_activa_no_hay_miga	2026-10-07T19:09:54.3022586-05:00	00:00:00.0008007
Passed	Sillar.Modules.Catalog.Tests.BreadcrumbTests	Sillar.Modules.Catalog.Tests.BreadcrumbTests.Sin_categoria_principal_se_usa_otra_activa_igual	2026-10-07T19:09:54.3169156-05:00	00:00:00.0006294
Passed	Sillar.Modules.Catalog.Tests.CatalogContractPostgresTests	Sillar.Modules.Catalog.Tests.CatalogContractPostgresTests.BuscarPorCodigo_traduce_con_inner_join_y_respeta_actividad_y_proyeccion	2026-10-07T19:10:21.8928472-05:00	00:00:00.7944753
Passed	Sillar.Modules.Catalog.Tests.CatalogContractPostgresTests	Sillar.Modules.Catalog.Tests.CatalogContractPostgresTests.Buscar_traduce_con_inner_join_full_text_filtros_orden_y_limite_cero	2026-10-07T19:10:21.2447015-05:00	00:00:00.5519994
Passed	Sillar.Modules.Catalog.Tests.CatalogContractPostgresTests	Sillar.Modules.Catalog.Tests.CatalogContractPostgresTests.ItemExisteYEstaActivo_traduce_en_postgresql_y_distingue_activa_inactiva_e_inexistente	2026-10-07T19:09:53.2992571-05:00	00:00:24.8619501
Passed	Sillar.Modules.Catalog.Tests.CatalogContractPostgresTests	Sillar.Modules.Catalog.Tests.CatalogContractPostgresTests.ObtenerItem_traduce_con_inner_join_y_relee_variante_inactiva	2026-10-07T19:10:20.8123611-05:00	00:00:00.4183473
Passed	Sillar.Modules.Catalog.Tests.CatalogContractPostgresTests	Sillar.Modules.Catalog.Tests.CatalogContractPostgresTests.VariantesDe_traduce_con_inner_join_y_conserva_solo_item_activo_y_orden	2026-10-07T19:10:18.4078174-05:00	00:00:02.3627339
Passed	Sillar.Modules.Catalog.Tests.CatalogSelectionTests	Sillar.Modules.Catalog.Tests.CatalogSelectionTests.Pedir_cero_o_menos_devuelve_uno	2026-10-07T19:09:53.2992957-05:00	00:00:00.2366060
Passed	Sillar.Modules.Catalog.Tests.CatalogSelectionTests	Sillar.Modules.Catalog.Tests.CatalogSelectionTests.Pedir_mas_del_tope_devuelve_el_tope	2026-10-07T19:09:53.7020504-05:00	00:00:00.0359907
Passed	Sillar.Modules.Catalog.Tests.CatalogSelectionTests	Sillar.Modules.Catalog.Tests.CatalogSelectionTests.Un_limite_razonable_se_respeta	2026-10-07T19:09:53.7398995-05:00	00:00:00.0155180
Passed	Sillar.Modules.Catalog.Tests.CatalogTranslationTests	Sillar.Modules.Catalog.Tests.CatalogTranslationTests.Buscar_para_seleccion_se_traduce_y_se_ejecuta	2026-10-07T19:10:18.4701700-05:00	00:00:01.5141014
Passed	Sillar.Modules.Catalog.Tests.CatalogTranslationTests	Sillar.Modules.Catalog.Tests.CatalogTranslationTests.La_busqueda_no_distingue_tildes_ni_mayusculas	2026-10-07T19:09:53.2993319-05:00	00:00:25.0960717
Passed	Sillar.Modules.Catalog.Tests.CatalogTranslationTests	Sillar.Modules.Catalog.Tests.CatalogTranslationTests.Obtener_para_seleccion_se_traduce_y_devuelve_lo_mismo_que_buscar	2026-10-07T19:10:21.5587624-05:00	00:00:00.1406550
Passed	Sillar.Modules.Catalog.Tests.CatalogTranslationTests	Sillar.Modules.Catalog.Tests.CatalogTranslationTests.Un_producto_de_baja_no_se_puede_elegir_pero_si_releer	2026-10-07T19:10:21.3530775-05:00	00:00:00.1787741
Passed	Sillar.Modules.Catalog.Tests.CatalogTranslationTests	Sillar.Modules.Catalog.Tests.CatalogTranslationTests.Un_producto_que_no_existe_se_relee_como_nulo	2026-10-07T19:10:20.0321842-05:00	00:00:01.2984979
Passed	Sillar.Modules.Catalog.Tests.CategoryTreeTests	Sillar.Modules.Catalog.Tests.CategoryTreeTests.Asignar_un_padre_sin_relacion_no_es_ciclo	2026-10-07T19:09:53.7745795-05:00	00:00:00.0247302
Passed	Sillar.Modules.Catalog.Tests.CategoryTreeTests	Sillar.Modules.Catalog.Tests.CategoryTreeTests.Asignar_una_raiz_nueva_no_es_ciclo	2026-10-07T19:09:53.2987721-05:00	00:00:00.1901676
Passed	Sillar.Modules.Catalog.Tests.CategoryTreeTests	Sillar.Modules.Catalog.Tests.CategoryTreeTests.Mover_una_hoja_a_otra_rama_no_es_ciclo	2026-10-07T19:09:53.8005487-05:00	00:00:00.0108384
Passed	Sillar.Modules.Catalog.Tests.CategoryTreeTests	Sillar.Modules.Catalog.Tests.CategoryTreeTests.Ser_padre_de_si_misma_es_ciclo	2026-10-07T19:09:53.7420112-05:00	00:00:00.0157014
Passed	Sillar.Modules.Catalog.Tests.CategoryTreeTests	Sillar.Modules.Catalog.Tests.CategoryTreeTests.Un_ciclo_largo_tambien_se_detecta	2026-10-07T19:09:53.8127971-05:00	00:00:00.0099270
Passed	Sillar.Modules.Catalog.Tests.ItemPricingTests	Sillar.Modules.Catalog.Tests.ItemPricingTests.Cero_no_es_lo_mismo_que_nulo	2026-10-07T19:09:53.8335601-05:00	00:00:00.0010464
Passed	Sillar.Modules.Catalog.Tests.ItemPricingTests	Sillar.Modules.Catalog.Tests.ItemPricingTests.Con_precio_propio_lo_usa_a_el	2026-10-07T19:09:53.8118792-05:00	00:00:00.0128124
Passed	Sillar.Modules.Catalog.Tests.ItemPricingTests	Sillar.Modules.Catalog.Tests.ItemPricingTests.El_minimo_cuenta_lo_que_se_hereda_no_solo_lo_propio	2026-10-07T19:09:53.2992162-05:00	00:00:00.2880813
Passed	Sillar.Modules.Catalog.Tests.ItemPricingTests	Sillar.Modules.Catalog.Tests.ItemPricingTests.Gratis_es_un_precio_y_puede_ser_el_minimo	2026-10-07T19:09:53.7608494-05:00	00:00:00.0183059
Passed	Sillar.Modules.Catalog.Tests.ItemPricingTests	Sillar.Modules.Catalog.Tests.ItemPricingTests.Nulo_en_los_dos_es_consultar_precio_no_cero	2026-10-07T19:09:53.8020019-05:00	00:00:00.0008432
Passed	Sillar.Modules.Catalog.Tests.ItemPricingTests	Sillar.Modules.Catalog.Tests.ItemPricingTests.Si_cuestan_distinto_la_tarjeta_ensena_el_minimo_con_desde	2026-10-07T19:09:53.8089369-05:00	00:00:00.0012797
Passed	Sillar.Modules.Catalog.Tests.ItemPricingTests	Sillar.Modules.Catalog.Tests.ItemPricingTests.Si_todas_las_presentaciones_cuestan_igual_la_tarjeta_no_dice_desde	2026-10-07T19:09:53.7441389-05:00	00:00:00.0156199
Passed	Sillar.Modules.Catalog.Tests.ItemPricingTests	Sillar.Modules.Catalog.Tests.ItemPricingTests.Sin_precio_propio_usa_el_de_lista	2026-10-07T19:09:53.8260512-05:00	00:00:00.0007674
Passed	Sillar.Modules.Catalog.Tests.ItemPricingTests	Sillar.Modules.Catalog.Tests.ItemPricingTests.Un_producto_sin_presentaciones_ensena_su_precio_de_lista	2026-10-07T19:09:53.7918854-05:00	00:00:00.0084899
Passed	Sillar.Modules.Catalog.Tests.ItemPricingTests	Sillar.Modules.Catalog.Tests.ItemPricingTests.Una_sola_a_consultar_deja_toda_la_tarjeta_a_consultar	2026-10-07T19:09:53.8294658-05:00	00:00:00.0006177
Passed	Sillar.Modules.Catalog.Tests.ProductEventTests	Sillar.Modules.Catalog.Tests.ProductEventTests.Cambiar_las_categorias_avisa	2026-10-07T19:10:18.4128237-05:00	00:00:04.7015774
Passed	Sillar.Modules.Catalog.Tests.ProductEventTests	Sillar.Modules.Catalog.Tests.ProductEventTests.Dar_de_baja_y_reactivar_avisan_los_dos	2026-10-07T19:10:23.1255657-05:00	00:00:01.8122754
Passed	Sillar.Modules.Catalog.Tests.ProductEventTests	Sillar.Modules.Catalog.Tests.ProductEventTests.Editar_una_presentacion_avisa_de_que_cambio_el_producto	2026-10-07T19:09:53.2993649-05:00	00:00:24.8676245
Passed	Sillar.Modules.Catalog.Tests.ProductEventTests	Sillar.Modules.Catalog.Tests.ProductEventTests.La_forma_interna_del_producto_no_cambia_lo_que_se_emite	2026-10-07T19:10:24.9563109-05:00	00:00:00.5061375
Passed	Sillar.Modules.Catalog.Tests.ProductItemRulesTests	Sillar.Modules.Catalog.Tests.ProductItemRulesTests.El_mensaje_no_es_un_error_generico	2026-10-07T19:09:53.6940415-05:00	00:00:00.0383829
Passed	Sillar.Modules.Catalog.Tests.ProductItemRulesTests	Sillar.Modules.Catalog.Tests.ProductItemRulesTests.Si_es_la_ultima_el_mensaje_propone_desactivar_el_producto	2026-10-07T19:09:53.7487746-05:00	00:00:00.0154776
Passed	Sillar.Modules.Catalog.Tests.ProductItemRulesTests	Sillar.Modules.Catalog.Tests.ProductItemRulesTests.Si_no_es_la_ultima_no_hay_bloqueo	2026-10-07T19:09:53.2993898-05:00	00:00:00.1912434
Passed	Sillar.Modules.Catalog.Tests.SlugGeneratorTests	Sillar.Modules.Catalog.Tests.SlugGeneratorTests.Formatos_invalidos_no_pasan(slug: "")	2026-10-07T19:09:53.7542456-05:00	00:00:00.0005033
Passed	Sillar.Modules.Catalog.Tests.SlugGeneratorTests	Sillar.Modules.Catalog.Tests.SlugGeneratorTests.Formatos_invalidos_no_pasan(slug: "-artesco")	2026-10-07T19:09:53.7948391-05:00	00:00:00.0000639
Passed	Sillar.Modules.Catalog.Tests.SlugGeneratorTests	Sillar.Modules.Catalog.Tests.SlugGeneratorTests.Formatos_invalidos_no_pasan(slug: "Artesco")	2026-10-07T19:09:53.7803358-05:00	00:00:00.0002835
Passed	Sillar.Modules.Catalog.Tests.SlugGeneratorTests	Sillar.Modules.Catalog.Tests.SlugGeneratorTests.Formatos_invalidos_no_pasan(slug: "artesco verde")	2026-10-07T19:09:53.7710876-05:00	00:00:00.0000834
Passed	Sillar.Modules.Catalog.Tests.SlugGeneratorTests	Sillar.Modules.Catalog.Tests.SlugGeneratorTests.Formatos_invalidos_no_pasan(slug: "artesco-")	2026-10-07T19:09:53.7047647-05:00	00:00:00.0308399
Passed	Sillar.Modules.Catalog.Tests.SlugGeneratorTests	Sillar.Modules.Catalog.Tests.SlugGeneratorTests.Formatos_invalidos_no_pasan(slug: "artesco--verde")	2026-10-07T19:09:53.7816976-05:00	00:00:00.0000839
Passed	Sillar.Modules.Catalog.Tests.SlugGeneratorTests	Sillar.Modules.Catalog.Tests.SlugGeneratorTests.Formatos_invalidos_no_pasan(slug: null)	2026-10-07T19:09:53.7958648-05:00	00:00:00.0000653
Passed	Sillar.Modules.Catalog.Tests.SlugGeneratorTests	Sillar.Modules.Catalog.Tests.SlugGeneratorTests.Formatos_validos_pasan(slug: "a4-100-hojas")	2026-10-07T19:09:53.6772602-05:00	00:00:00.0012259
Passed	Sillar.Modules.Catalog.Tests.SlugGeneratorTests	Sillar.Modules.Catalog.Tests.SlugGeneratorTests.Formatos_validos_pasan(slug: "artesco")	2026-10-07T19:09:53.6868908-05:00	00:00:00.0000758
Passed	Sillar.Modules.Catalog.Tests.SlugGeneratorTests	Sillar.Modules.Catalog.Tests.SlugGeneratorTests.Formatos_validos_pasan(slug: "plumon-de-pizarra-verde")	2026-10-07T19:09:53.3041711-05:00	00:00:00.2235516
Passed	Sillar.Modules.Catalog.Tests.SlugGeneratorTests	Sillar.Modules.Catalog.Tests.SlugGeneratorTests.La_ene_con_virgulilla_pliega_a_ene	2026-10-07T19:09:53.8972765-05:00	00:00:00.0004468
Passed	Sillar.Modules.Catalog.Tests.SlugGeneratorTests	Sillar.Modules.Catalog.Tests.SlugGeneratorTests.Las_tildes_desaparecen_sin_dejar_hueco	2026-10-07T19:09:53.9036190-05:00	00:00:00.0004453
Passed	Sillar.Modules.Catalog.Tests.SlugGeneratorTests	Sillar.Modules.Catalog.Tests.SlugGeneratorTests.Lo_que_genera_esta_clase_siempre_es_valido_para_ella_misma	2026-10-07T19:09:53.8503483-05:00	00:00:00.0062599
Passed	Sillar.Modules.Catalog.Tests.SlugGeneratorTests	Sillar.Modules.Catalog.Tests.SlugGeneratorTests.Los_espacios_multiples_no_dejan_guiones_dobles	2026-10-07T19:09:53.8743951-05:00	00:00:00.0108402
Passed	Sillar.Modules.Catalog.Tests.SlugGeneratorTests	Sillar.Modules.Catalog.Tests.SlugGeneratorTests.No_hay_guion_al_principio_ni_al_final	2026-10-07T19:09:53.8683420-05:00	00:00:00.0029336
Passed	Sillar.Modules.Catalog.Tests.SlugGeneratorTests	Sillar.Modules.Catalog.Tests.SlugGeneratorTests.Un_nombre_simple_se_pasa_a_minusculas_y_guiones	2026-10-07T19:09:53.8034706-05:00	00:00:00.0365150
Passed	Sillar.Modules.Cms.Tests.ContratosHttpTests	Sillar.Modules.Cms.Tests.ContratosHttpTests.Administracion_de_trabajos_distingue_los_incompletos	2026-10-07T19:09:55.3203382-05:00	00:00:00.0280849
Passed	Sillar.Modules.Cms.Tests.ContratosHttpTests	Sillar.Modules.Cms.Tests.ContratosHttpTests.Administracion_distingue_el_estado_del_producto_del_estado_del_destacado	2026-10-07T19:09:56.9283049-05:00	00:00:00.0015208
Passed	Sillar.Modules.Cms.Tests.ContratosHttpTests	Sillar.Modules.Cms.Tests.ContratosHttpTests.Destacados_exponen_el_snapshot_sin_precio_formateado	2026-10-07T19:09:56.9019047-05:00	00:00:00.0123512
Passed	Sillar.Modules.Cms.Tests.ContratosHttpTests	Sillar.Modules.Cms.Tests.ContratosHttpTests.Editar_no_permite_desactivar_ni_reordenar_por_un_campo_suelto	2026-10-07T19:09:54.8150275-05:00	00:00:00.2601934
Passed	Sillar.Modules.Cms.Tests.ContratosHttpTests	Sillar.Modules.Cms.Tests.ContratosHttpTests.Las_tres_respuestas_programables_exponen_un_estado_controlado	2026-10-07T19:09:55.3498989-05:00	00:00:01.5188283
Passed	Sillar.Modules.Cms.Tests.ContratosHttpTests	Sillar.Modules.Cms.Tests.ContratosHttpTests.Ninguna_respuesta_publica_expone_identificadores_de_medios	2026-10-07T19:09:56.8713186-05:00	00:00:00.0280827
Passed	Sillar.Modules.Cms.Tests.ContratosHttpTests	Sillar.Modules.Cms.Tests.ContratosHttpTests.Trabajos_y_redes_no_exponen_estado_de_ventana	2026-10-07T19:09:56.9154091-05:00	00:00:00.0068190
Passed	Sillar.Modules.Cms.Tests.EventosCatalogoTests	Sillar.Modules.Cms.Tests.EventosCatalogoTests.Los_tres_manejadores_se_registran_como_singleton_para_el_bus_raiz	2026-10-07T19:09:54.8161735-05:00	00:00:00.4905240
Passed	Sillar.Modules.Cms.Tests.ProductoDestacadoTests	Sillar.Modules.Cms.Tests.ProductoDestacadoTests.Precio_a_consultar_gratis_y_positivo_son_validos	2026-10-07T19:09:56.6250505-05:00	00:00:00.0102617
Passed	Sillar.Modules.Cms.Tests.ProductoDestacadoTests	Sillar.Modules.Cms.Tests.ProductoDestacadoTests.Precio_negativo_se_rechaza	2026-10-07T19:09:56.7159119-05:00	00:00:00.0004561
Passed	Sillar.Modules.Cms.Tests.ProductoDestacadoTests	Sillar.Modules.Cms.Tests.ProductoDestacadoTests.Producto_dado_de_baja_no_puede_publicarse_aunque_siga_publico	2026-10-07T19:09:56.6697598-05:00	00:00:00.0103151
Passed	Sillar.Modules.Cms.Tests.ProductoDestacadoTests	Sillar.Modules.Cms.Tests.ProductoDestacadoTests.Producto_no_publico_no_puede_publicarse	2026-10-07T19:09:56.6974439-05:00	00:00:00.0129167
Passed	Sillar.Modules.Cms.Tests.ProductoDestacadoTests	Sillar.Modules.Cms.Tests.ProductoDestacadoTests.Producto_publico_y_enlazado_puede_publicarse	2026-10-07T19:09:56.6836105-05:00	00:00:00.0032271
Passed	Sillar.Modules.Cms.Tests.ProductoDestacadoTests	Sillar.Modules.Cms.Tests.ProductoDestacadoTests.Releer_el_snapshot_sobrescribe_el_estado_del_producto_y_es_idempotente	2026-10-07T19:09:56.5535053-05:00	00:00:00.0700559
Passed	Sillar.Modules.Cms.Tests.ProductoDestacadoTests	Sillar.Modules.Cms.Tests.ProductoDestacadoTests.Respuesta_conserva_precio_nulo_cero_y_positivo_como_estados_distintos	2026-10-07T19:09:54.8164387-05:00	00:00:01.6623441
Passed	Sillar.Modules.Cms.Tests.ProductoDestacadoTests	Sillar.Modules.Cms.Tests.ProductoDestacadoTests.Snapshot_con_producto_no_esta_pendiente_de_volver_a_enlazar	2026-10-07T19:09:56.6418595-05:00	00:00:00.0011160
Passed	Sillar.Modules.Cms.Tests.ProductoDestacadoTests	Sillar.Modules.Cms.Tests.ProductoDestacadoTests.Snapshot_sin_producto_esta_pendiente_de_volver_a_enlazar	2026-10-07T19:09:56.7287498-05:00	00:00:00.0005067
Passed	Sillar.Modules.Cms.Tests.ReactivacionRedSocialTests	Sillar.Modules.Cms.Tests.ReactivacionRedSocialTests.Crear_desactivar_y_reactivar_instagram_recupera_la_misma_fila	2026-10-07T19:09:54.8162927-05:00	00:00:19.3561365
Passed	Sillar.Modules.Cms.Tests.ReactivacionRedSocialTests	Sillar.Modules.Cms.Tests.ReactivacionRedSocialTests.Reactivar_exige_editor_y_admin_para_aplicar_la_jerarquia_existente	2026-10-07T19:10:15.2209130-05:00	00:00:01.5136440
Passed	Sillar.Modules.Cms.Tests.ReactivacionRedSocialTests	Sillar.Modules.Cms.Tests.ReactivacionRedSocialTests.Reactivar_una_activa_es_idempotente_y_un_id_inexistente_no_se_inventa	2026-10-07T19:10:14.3269921-05:00	00:00:00.8868200
Passed	Sillar.Modules.Cms.Tests.ReglasContenidoTests	Sillar.Modules.Cms.Tests.ReglasContenidoTests.Enlace_sin_texto_visible_se_rechaza	2026-10-07T19:09:55.7210437-05:00	00:00:00.0003902
Passed	Sillar.Modules.Cms.Tests.ReglasContenidoTests	Sillar.Modules.Cms.Tests.ReglasContenidoTests.Fecha_de_fin_anterior_nombra_la_fecha_que_hay_que_corregir	2026-10-07T19:09:55.7796849-05:00	00:00:00.0133423
Passed	Sillar.Modules.Cms.Tests.ReglasContenidoTests	Sillar.Modules.Cms.Tests.ReglasContenidoTests.Fecha_de_fin_igual_al_inicio_tambien_se_rechaza	2026-10-07T19:09:55.6929677-05:00	00:00:00.0142732
Passed	Sillar.Modules.Cms.Tests.ReglasContenidoTests	Sillar.Modules.Cms.Tests.ReglasContenidoTests.Imagen_sin_texto_alternativo_se_rechaza	2026-10-07T19:09:54.8163721-05:00	00:00:00.2283258
Passed	Sillar.Modules.Cms.Tests.ReglasContenidoTests	Sillar.Modules.Cms.Tests.ReglasContenidoTests.Plataforma_social_fuera_de_la_lista_se_rechaza	2026-10-07T19:09:55.7481724-05:00	00:00:00.0166735
Passed	Sillar.Modules.Cms.Tests.ReglasContenidoTests	Sillar.Modules.Cms.Tests.ReglasContenidoTests.Plataforma_social_se_normaliza(original: " WHATSAPP ", expected: "whatsapp")	2026-10-07T19:09:55.6430124-05:00	00:00:00.0361267
Passed	Sillar.Modules.Cms.Tests.ReglasContenidoTests	Sillar.Modules.Cms.Tests.ReglasContenidoTests.Plataforma_social_se_normaliza(original: "Instagram", expected: "instagram")	2026-10-07T19:09:55.5908106-05:00	00:00:00.0512641
Passed	Sillar.Modules.Cms.Tests.ReglasContenidoTests	Sillar.Modules.Cms.Tests.ReglasContenidoTests.Ruta_interna_y_https_con_etiqueta_se_aceptan(url: "/catalogo")	2026-10-07T19:09:55.3637349-05:00	00:00:00.0153296
Passed	Sillar.Modules.Cms.Tests.ReglasContenidoTests	Sillar.Modules.Cms.Tests.ReglasContenidoTests.Ruta_interna_y_https_con_etiqueta_se_aceptan(url: "https://sillar.example/catalogo")	2026-10-07T19:09:55.3949707-05:00	00:00:00.1833197
Passed	Sillar.Modules.Cms.Tests.ReglasContenidoTests	Sillar.Modules.Cms.Tests.ReglasContenidoTests.Sin_imagen_el_texto_alternativo_puede_ser_nulo	2026-10-07T19:09:55.7341919-05:00	00:00:00.0003217
Passed	Sillar.Modules.Cms.Tests.ReglasContenidoTests	Sillar.Modules.Cms.Tests.ReglasContenidoTests.Texto_alternativo_de_espacios_se_rechaza_aunque_no_haya_imagen	2026-10-07T19:09:55.6808443-05:00	00:00:00.0104638
Passed	Sillar.Modules.Cms.Tests.ReordenamientoTests	Sillar.Modules.Cms.Tests.ReordenamientoTests.Cinco_elementos_reciben_exactamente_el_orden_solicitado	2026-10-07T19:09:55.4608122-05:00	00:00:00.4368906
Passed	Sillar.Modules.Cms.Tests.ReordenamientoTests	Sillar.Modules.Cms.Tests.ReordenamientoTests.Omitir_un_elemento_invalida_la_lista_completa	2026-10-07T19:09:55.4152559-05:00	00:00:00.0025209
Passed	Sillar.Modules.Cms.Tests.ReordenamientoTests	Sillar.Modules.Cms.Tests.ReordenamientoTests.Un_identificador_inexistente_invalida_el_plan_entero	2026-10-07T19:09:55.9019517-05:00	00:00:00.0098452
Passed	Sillar.Modules.Cms.Tests.ReordenamientoTests	Sillar.Modules.Cms.Tests.ReordenamientoTests.Un_identificador_repetido_no_produce_asignaciones_parciales	2026-10-07T19:09:54.8163262-05:00	00:00:00.3542849
Passed	Sillar.Modules.Cms.Tests.ReordenamientoTests	Sillar.Modules.Cms.Tests.ReordenamientoTests.Una_seccion_vacia_acepta_una_lista_vacia	2026-10-07T19:09:55.3279819-05:00	00:00:00.0806670
Passed	Sillar.Modules.Cms.Tests.TrabajoDestacadoTests	Sillar.Modules.Cms.Tests.TrabajoDestacadoTests.Con_imagen_activa_y_texto_alternativo_el_trabajo_esta_completo	2026-10-07T19:09:55.3595546-05:00	00:00:00.0112825
Passed	Sillar.Modules.Cms.Tests.TrabajoDestacadoTests	Sillar.Modules.Cms.Tests.TrabajoDestacadoTests.Con_medio_inactivo_el_trabajo_esta_incompleto	2026-10-07T19:09:55.3230724-05:00	00:00:00.0323446
Passed	Sillar.Modules.Cms.Tests.TrabajoDestacadoTests	Sillar.Modules.Cms.Tests.TrabajoDestacadoTests.Sin_imagen_el_trabajo_esta_incompleto	2026-10-07T19:09:54.8162584-05:00	00:00:00.2617191
Passed	Sillar.Modules.Cms.Tests.VigenciaPublicacionTests	Sillar.Modules.Cms.Tests.VigenciaPublicacionTests.Activo_sin_fechas_esta_vigente	2026-10-07T19:09:56.5113889-05:00	00:00:00.0331037
Passed	Sillar.Modules.Cms.Tests.VigenciaPublicacionTests	Sillar.Modules.Cms.Tests.VigenciaPublicacionTests.Banners_promociones_y_destacados_usan_la_misma_clasificacion	2026-10-07T19:09:56.3339715-05:00	00:00:00.1112687
Passed	Sillar.Modules.Cms.Tests.VigenciaPublicacionTests	Sillar.Modules.Cms.Tests.VigenciaPublicacionTests.Banners_promociones_y_destacados_usan_la_misma_expresion	2026-10-07T19:09:56.2817212-05:00	00:00:00.0510798
Passed	Sillar.Modules.Cms.Tests.VigenciaPublicacionTests	Sillar.Modules.Cms.Tests.VigenciaPublicacionTests.Dentro_del_intervalo_esta_vigente	2026-10-07T19:09:55.5543912-05:00	00:00:00.0454461
Passed	Sillar.Modules.Cms.Tests.VigenciaPublicacionTests	Sillar.Modules.Cms.Tests.VigenciaPublicacionTests.Empieza_exactamente_ahora_y_esta_vigente	2026-10-07T19:09:56.4834396-05:00	00:00:00.0189391
Passed	Sillar.Modules.Cms.Tests.VigenciaPublicacionTests	Sillar.Modules.Cms.Tests.VigenciaPublicacionTests.Estado_administrativo_respeta_la_misma_ventana(isActive: False, startMinutes: null, endMinutes: null, expected: Inactive)	2026-10-07T19:09:55.8820108-05:00	00:00:00.0315518
Passed	Sillar.Modules.Cms.Tests.VigenciaPublicacionTests	Sillar.Modules.Cms.Tests.VigenciaPublicacionTests.Estado_administrativo_respeta_la_misma_ventana(isActive: True, startMinutes: -1, endMinutes: 0, expected: Expired)	2026-10-07T19:09:55.9643861-05:00	00:00:00.0759212
Passed	Sillar.Modules.Cms.Tests.VigenciaPublicacionTests	Sillar.Modules.Cms.Tests.VigenciaPublicacionTests.Estado_administrativo_respeta_la_misma_ventana(isActive: True, startMinutes: -1, endMinutes: 1, expected: Current)	2026-10-07T19:09:56.1013278-05:00	00:00:00.0554326
Passed	Sillar.Modules.Cms.Tests.VigenciaPublicacionTests	Sillar.Modules.Cms.Tests.VigenciaPublicacionTests.Estado_administrativo_respeta_la_misma_ventana(isActive: True, startMinutes: -1, endMinutes: null, expected: Current)	2026-10-07T19:09:55.9217198-05:00	00:00:00.0416325
Passed	Sillar.Modules.Cms.Tests.VigenciaPublicacionTests	Sillar.Modules.Cms.Tests.VigenciaPublicacionTests.Estado_administrativo_respeta_la_misma_ventana(isActive: True, startMinutes: -2, endMinutes: -1, expected: Expired)	2026-10-07T19:09:56.1636158-05:00	00:00:00.0678747
Passed	Sillar.Modules.Cms.Tests.VigenciaPublicacionTests	Sillar.Modules.Cms.Tests.VigenciaPublicacionTests.Estado_administrativo_respeta_la_misma_ventana(isActive: True, startMinutes: 0, endMinutes: 1, expected: Current)	2026-10-07T19:09:55.6356805-05:00	00:00:00.2379738
Passed	Sillar.Modules.Cms.Tests.VigenciaPublicacionTests	Sillar.Modules.Cms.Tests.VigenciaPublicacionTests.Estado_administrativo_respeta_la_misma_ventana(isActive: True, startMinutes: 1, endMinutes: null, expected: Scheduled)	2026-10-07T19:09:56.0437775-05:00	00:00:00.0564893
Passed	Sillar.Modules.Cms.Tests.VigenciaPublicacionTests	Sillar.Modules.Cms.Tests.VigenciaPublicacionTests.Inactivo_no_esta_vigente_aunque_no_tenga_fechas	2026-10-07T19:09:54.8163547-05:00	00:00:00.6559021
Passed	Sillar.Modules.Cms.Tests.VigenciaPublicacionTests	Sillar.Modules.Cms.Tests.VigenciaPublicacionTests.Programado_para_despues_no_esta_vigente	2026-10-07T19:09:56.2328947-05:00	00:00:00.0356800
Passed	Sillar.Modules.Cms.Tests.VigenciaPublicacionTests	Sillar.Modules.Cms.Tests.VigenciaPublicacionTests.Termina_exactamente_ahora_y_ya_no_esta_vigente	2026-10-07T19:09:56.4488527-05:00	00:00:00.0229324
Passed	Sillar.Modules.Crm.Tests.ContactMessageContractTests	Sillar.Modules.Crm.Tests.ContactMessageContractTests.Respuestas_de_contacto_no_exponen_secretos(type: typeof(Sillar.Modules.Crm.Dtos.AdminContactMessageDetailResponse))	2026-10-07T19:09:58.2303989-05:00	00:00:00.0001121
Passed	Sillar.Modules.Crm.Tests.ContactMessageContractTests	Sillar.Modules.Crm.Tests.ContactMessageContractTests.Respuestas_de_contacto_no_exponen_secretos(type: typeof(Sillar.Modules.Crm.Dtos.AdminContactMessageListItemResponse))	2026-10-07T19:09:57.7172072-05:00	00:00:00.2574098
Passed	Sillar.Modules.Crm.Tests.ContactMessageContractTests	Sillar.Modules.Crm.Tests.ContactMessageContractTests.Respuestas_de_contacto_no_exponen_secretos(type: typeof(Sillar.Modules.Crm.Dtos.PublicContactAcceptedResponse))	2026-10-07T19:09:58.2153440-05:00	00:00:00.0140680
Passed	Sillar.Modules.Crm.Tests.ContactMessageServiceTests	Sillar.Modules.Crm.Tests.ContactMessageServiceTests.Admin_lee_y_da_de_baja_sin_borrar	2026-10-07T19:09:57.7174056-05:00	00:00:20.9658339
Passed	Sillar.Modules.Crm.Tests.ContactMessageServiceTests	Sillar.Modules.Crm.Tests.ContactMessageServiceTests.Sesion_valida_puede_vincular_customer_y_conserva_snapshot	2026-10-07T19:10:21.7696882-05:00	00:00:02.6446017
Passed	Sillar.Modules.Crm.Tests.ContactMessageServiceTests	Sillar.Modules.Crm.Tests.ContactMessageServiceTests.Sin_correo_ni_telefono_se_rechaza	2026-10-07T19:10:18.8099146-05:00	00:00:02.9469557
Passed	Sillar.Modules.Crm.Tests.ContactMessageServiceTests	Sillar.Modules.Crm.Tests.ContactMessageServiceTests.Visitante_guarda_mensaje_sin_customer_id	2026-10-07T19:10:24.4276152-05:00	00:00:01.1319501
Passed	Sillar.Modules.Crm.Tests.ContactSubmissionThrottleTests	Sillar.Modules.Crm.Tests.ContactSubmissionThrottleTests.Al_terminar_la_ventana_la_ip_puede_enviar_de_nuevo	2026-10-07T19:09:58.3217144-05:00	00:00:00.0204622
Passed	Sillar.Modules.Crm.Tests.ContactSubmissionThrottleTests	Sillar.Modules.Crm.Tests.ContactSubmissionThrottleTests.Cinco_intentos_entran_y_el_sexto_se_limita	2026-10-07T19:09:57.7130198-05:00	00:00:00.2814301
Passed	Sillar.Modules.Crm.Tests.ContactSubmissionThrottleTests	Sillar.Modules.Crm.Tests.ContactSubmissionThrottleTests.Otra_ip_tiene_su_propio_contador	2026-10-07T19:09:58.2409618-05:00	00:00:00.0792710
Passed	Sillar.Modules.Crm.Tests.CrmPersistenceTests	Sillar.Modules.Crm.Tests.CrmPersistenceTests.Test01_CrmInitial_aplica_desde_cero	2026-10-07T19:12:51.8982913-05:00	00:00:00.0324070
Passed	Sillar.Modules.Crm.Tests.CrmPersistenceTests	Sillar.Modules.Crm.Tests.CrmPersistenceTests.Test02_customer_y_address_generan_uuid_v7	2026-10-07T19:12:52.7271350-05:00	00:00:00.2585260
Passed	Sillar.Modules.Crm.Tests.CrmPersistenceTests	Sillar.Modules.Crm.Tests.CrmPersistenceTests.Test03_segunda_account_para_mismo_customer_falla	2026-10-07T19:12:54.2097833-05:00	00:00:00.1969524
Passed	Sillar.Modules.Crm.Tests.CrmPersistenceTests	Sillar.Modules.Crm.Tests.CrmPersistenceTests.Test04_email_duplicado_falla_con_ficha_no_activa(label: "baja")	2026-10-07T19:12:32.6035843-05:00	00:00:00.9297719
Passed	Sillar.Modules.Crm.Tests.CrmPersistenceTests	Sillar.Modules.Crm.Tests.CrmPersistenceTests.Test04_email_duplicado_falla_con_ficha_no_activa(label: "bloqueada")	2026-10-07T19:12:30.6075039-05:00	00:00:01.9879873
Passed	Sillar.Modules.Crm.Tests.CrmPersistenceTests	Sillar.Modules.Crm.Tests.CrmPersistenceTests.Test05_documento_duplicado_falla	2026-10-07T19:12:46.5690709-05:00	00:00:00.7869300
Passed	Sillar.Modules.Crm.Tests.CrmPersistenceTests	Sillar.Modules.Crm.Tests.CrmPersistenceTests.Test06_combinaciones_invalidas_lifecycle_fallan(isActive: False, hasDeact: False, hasBlocked: False, label: "inactiva sin deactivated_at ni blocked_at")	2026-10-07T19:12:39.5657993-05:00	00:00:01.6048417
Passed	Sillar.Modules.Crm.Tests.CrmPersistenceTests	Sillar.Modules.Crm.Tests.CrmPersistenceTests.Test06_combinaciones_invalidas_lifecycle_fallan(isActive: False, hasDeact: True, hasBlocked: True, label: "de baja y bloqueada a la vez")	2026-10-07T19:12:41.1776699-05:00	00:00:00.9532403
Passed	Sillar.Modules.Crm.Tests.CrmPersistenceTests	Sillar.Modules.Crm.Tests.CrmPersistenceTests.Test06_combinaciones_invalidas_lifecycle_fallan(isActive: True, hasDeact: False, hasBlocked: True, label: "activa pero con blocked_at")	2026-10-07T19:12:42.1315354-05:00	00:00:00.9088892
Passed	Sillar.Modules.Crm.Tests.CrmPersistenceTests	Sillar.Modules.Crm.Tests.CrmPersistenceTests.Test06_combinaciones_invalidas_lifecycle_fallan(isActive: True, hasDeact: True, hasBlocked: False, label: "activa pero con deactivated_at")	2026-10-07T19:12:37.8235149-05:00	00:00:01.7416625
Passed	Sillar.Modules.Crm.Tests.CrmPersistenceTests	Sillar.Modules.Crm.Tests.CrmPersistenceTests.Test07_reactivation_resolved_sin_requested_falla	2026-10-07T19:12:51.7294091-05:00	00:00:00.1682616
Passed	Sillar.Modules.Crm.Tests.CrmPersistenceTests	Sillar.Modules.Crm.Tests.CrmPersistenceTests.Test08_reactivation_resolved_anterior_a_requested_falla	2026-10-07T19:12:53.6894276-05:00	00:00:00.2158352
Passed	Sillar.Modules.Crm.Tests.CrmPersistenceTests	Sillar.Modules.Crm.Tests.CrmPersistenceTests.Test09_dos_preferidas_activas_del_mismo_cliente_falla	2026-10-07T19:12:35.1647695-05:00	00:00:01.2646469
Passed	Sillar.Modules.Crm.Tests.CrmPersistenceTests	Sillar.Modules.Crm.Tests.CrmPersistenceTests.Test10_purpose_invalido_falla(purpose: "")	2026-10-07T19:12:49.6596358-05:00	00:00:00.9519987
Passed	Sillar.Modules.Crm.Tests.CrmPersistenceTests	Sillar.Modules.Crm.Tests.CrmPersistenceTests.Test10_purpose_invalido_falla(purpose: "login")	2026-10-07T19:12:48.7331638-05:00	00:00:00.9258942
Passed	Sillar.Modules.Crm.Tests.CrmPersistenceTests	Sillar.Modules.Crm.Tests.CrmPersistenceTests.Test10_purpose_invalido_falla(purpose: "reset")	2026-10-07T19:12:47.3690413-05:00	00:00:01.3634760
Passed	Sillar.Modules.Crm.Tests.CrmPersistenceTests	Sillar.Modules.Crm.Tests.CrmPersistenceTests.Test11_consumo_concurrente_del_mismo_token_produce_un_ganador	2026-10-07T19:12:53.4661460-05:00	00:00:00.2226763
Passed	Sillar.Modules.Crm.Tests.CrmPersistenceTests	Sillar.Modules.Crm.Tests.CrmPersistenceTests.Test12_eliminar_schema_crm_no_toca_core_ni_catalog	2026-10-07T19:12:51.3670883-05:00	00:00:00.3610794
Passed	Sillar.Modules.Crm.Tests.CrmPersistenceTests	Sillar.Modules.Crm.Tests.CrmPersistenceTests.Test13_reinstalar_crminitial_sobre_schema_limpio_funciona	2026-10-07T19:12:50.6342749-05:00	00:00:00.7317207
Passed	Sillar.Modules.Crm.Tests.CrmPersistenceTests	Sillar.Modules.Crm.Tests.CrmPersistenceTests.Test14_nfc_y_nfd_chocan_en_uq_customers_email	2026-10-07T19:12:45.7643770-05:00	00:00:00.8041446
Passed	Sillar.Modules.Crm.Tests.CrmPersistenceTests	Sillar.Modules.Crm.Tests.CrmPersistenceTests.Test14b_base_rechaza_todos_los_blancos_que_dotnet_trim_recorta	2026-10-07T19:12:43.0415959-05:00	00:00:01.6673199
Passed	Sillar.Modules.Crm.Tests.CrmPersistenceTests	Sillar.Modules.Crm.Tests.CrmPersistenceTests.Test14c_migracion_falla_y_no_corrige_correos_preexistentes	2026-10-07T19:12:36.4299353-05:00	00:00:01.3924767
Passed	Sillar.Modules.Crm.Tests.CrmPersistenceTests	Sillar.Modules.Crm.Tests.CrmPersistenceTests.Test15_cambiar_email_limpia_email_verified_at	2026-10-07T19:12:53.1822457-05:00	00:00:00.2831021
Passed	Sillar.Modules.Crm.Tests.CrmPersistenceTests	Sillar.Modules.Crm.Tests.CrmPersistenceTests.Test16_cambiar_solo_mayusculas_no_invalida_email_verified_at	2026-10-07T19:12:33.5344738-05:00	00:00:01.6295042
Passed	Sillar.Modules.Crm.Tests.CrmPersistenceTests	Sillar.Modules.Crm.Tests.CrmPersistenceTests.Test17_sql_directo_nfc_nfd_is_distinct_from	2026-10-07T19:12:52.5209694-05:00	00:00:00.2055179
Passed	Sillar.Modules.Crm.Tests.CrmPersistenceTests	Sillar.Modules.Crm.Tests.CrmPersistenceTests.Test18_tablas_no_replicadas_no_tienen_origin_node_ni_row_version	2026-10-07T19:12:50.6125245-05:00	00:00:00.0207089
Passed	Sillar.Modules.Crm.Tests.CrmPersistenceTests	Sillar.Modules.Crm.Tests.CrmPersistenceTests.Test19_tablas_replicadas_tienen_origin_node_y_row_version_se_incrementa	2026-10-07T19:12:52.9901492-05:00	00:00:00.1914668
Passed	Sillar.Modules.Crm.Tests.CrmPersistenceTests	Sillar.Modules.Crm.Tests.CrmPersistenceTests.Test20_set_updated_at_modifica_updated_at	2026-10-07T19:12:54.4074099-05:00	00:00:00.2768592
Passed	Sillar.Modules.Crm.Tests.CrmPersistenceTests	Sillar.Modules.Crm.Tests.CrmPersistenceTests.Test21_busqueda_parcial_email_trgm	2026-10-07T19:12:28.8618037-05:00	00:00:01.7444425
Passed	Sillar.Modules.Crm.Tests.CrmPersistenceTests	Sillar.Modules.Crm.Tests.CrmPersistenceTests.Test22_busqueda_full_name_tsvector_pena	2026-10-07T19:12:51.9311563-05:00	00:00:00.1978518
Passed	Sillar.Modules.Crm.Tests.CrmPersistenceTests	Sillar.Modules.Crm.Tests.CrmPersistenceTests.Test23_contact_message_sin_customer_id	2026-10-07T19:12:44.7094433-05:00	00:00:01.0541417
Passed	Sillar.Modules.Crm.Tests.CrmPersistenceTests	Sillar.Modules.Crm.Tests.CrmPersistenceTests.Test24_contact_message_vinculado_y_fk_inexistente	2026-10-07T19:12:52.3266733-05:00	00:00:00.1936641
Passed	Sillar.Modules.Crm.Tests.CrmPersistenceTests	Sillar.Modules.Crm.Tests.CrmPersistenceTests.Test25_contact_message_sin_email_ni_phone_falla	2026-10-07T19:12:52.1298626-05:00	00:00:00.1957915
Passed	Sillar.Modules.Crm.Tests.CrmPersistenceTests	Sillar.Modules.Crm.Tests.CrmPersistenceTests.Test26_contact_messages_no_tiene_origin_node_ni_row_version	2026-10-07T19:12:47.3569905-05:00	00:00:00.0112584
Passed	Sillar.Modules.Crm.Tests.CrmPersistenceTests	Sillar.Modules.Crm.Tests.CrmPersistenceTests.Test27_contact_messages_set_updated_at_modifica_updated_at	2026-10-07T19:12:53.9059398-05:00	00:00:00.3033722
Passed	Sillar.Modules.Crm.Tests.CustomerAccountTokenServiceTests	Sillar.Modules.Crm.Tests.CustomerAccountTokenServiceTests.Invitacion_crea_cuenta_y_verifica_correo	2026-10-07T19:10:57.6651646-05:00	00:00:09.2716111
Passed	Sillar.Modules.Crm.Tests.CustomerAccountTokenServiceTests	Sillar.Modules.Crm.Tests.CustomerAccountTokenServiceTests.Recuperar_password_revoca_todas_las_sesiones	2026-10-07T19:10:25.6505108-05:00	00:00:26.7566993
Passed	Sillar.Modules.Crm.Tests.CustomerAccountTokenServiceTests	Sillar.Modules.Crm.Tests.CustomerAccountTokenServiceTests.Verificacion_guarda_hash_y_solo_el_ultimo_token_es_valido	2026-10-07T19:10:52.4347241-05:00	00:00:05.2264660
Passed	Sillar.Modules.Crm.Tests.CustomerAdminContractTests	Sillar.Modules.Crm.Tests.CustomerAdminContractTests.Respuestas_admin_no_exponen_secretos(type: typeof(Sillar.Modules.Crm.Dtos.AdminCustomerAccessResponse))	2026-10-07T19:09:58.2090898-05:00	00:00:00.0184235
Passed	Sillar.Modules.Crm.Tests.CustomerAdminContractTests	Sillar.Modules.Crm.Tests.CustomerAdminContractTests.Respuestas_admin_no_exponen_secretos(type: typeof(Sillar.Modules.Crm.Dtos.AdminCustomerAddressResponse))	2026-10-07T19:09:58.2286441-05:00	00:00:00.0001017
Passed	Sillar.Modules.Crm.Tests.CustomerAdminContractTests	Sillar.Modules.Crm.Tests.CustomerAdminContractTests.Respuestas_admin_no_exponen_secretos(type: typeof(Sillar.Modules.Crm.Dtos.AdminCustomerDetailResponse))	2026-10-07T19:09:58.2433399-05:00	00:00:00.0001505
Passed	Sillar.Modules.Crm.Tests.CustomerAdminContractTests	Sillar.Modules.Crm.Tests.CustomerAdminContractTests.Respuestas_admin_no_exponen_secretos(type: typeof(Sillar.Modules.Crm.Dtos.AdminCustomerInvitationResponse))	2026-10-07T19:09:57.7173483-05:00	00:00:00.2501910
Passed	Sillar.Modules.Crm.Tests.CustomerAdminContractTests	Sillar.Modules.Crm.Tests.CustomerAdminContractTests.Respuestas_admin_no_exponen_secretos(type: typeof(Sillar.Modules.Crm.Dtos.AdminCustomerListItemResponse))	2026-10-07T19:09:58.2607035-05:00	00:00:00.0001245
Passed	Sillar.Modules.Crm.Tests.CustomerAdminContractTests	Sillar.Modules.Crm.Tests.CustomerAdminContractTests.Solo_la_ficha_admin_puede_exponer_notas_internas	2026-10-07T19:09:58.3023912-05:00	00:00:00.0602539
Passed	Sillar.Modules.Crm.Tests.CustomerAdminServiceTests	Sillar.Modules.Crm.Tests.CustomerAdminServiceTests.Baja_revoca_sesiones_y_reactivar_no_las_resucita	2026-10-07T19:11:06.9469135-05:00	00:00:04.5445805
Passed	Sillar.Modules.Crm.Tests.CustomerAdminServiceTests	Sillar.Modules.Crm.Tests.CustomerAdminServiceTests.Crea_ficha_sin_cuenta_y_la_encuentra_por_busqueda	2026-10-07T19:11:17.1455365-05:00	00:00:03.7473038
Passed	Sillar.Modules.Crm.Tests.CustomerAdminServiceTests	Sillar.Modules.Crm.Tests.CustomerAdminServiceTests.Editar_correo_de_cuenta_verificada_la_deja_sin_verificar	2026-10-07T19:11:20.8974003-05:00	00:00:01.9447292
Passed	Sillar.Modules.Crm.Tests.CustomerAdminServiceTests	Sillar.Modules.Crm.Tests.CustomerAdminServiceTests.Invitacion_marca_estado_y_no_expone_el_token	2026-10-07T19:11:11.5046825-05:00	00:00:05.6391212
Passed	Sillar.Modules.Crm.Tests.CustomerAuthenticationServiceTests	Sillar.Modules.Crm.Tests.CustomerAuthenticationServiceTests.Cliente_inactivo_no_puede_abrir_sesion	2026-10-07T19:12:58.8407891-05:00	00:00:01.4869605
Passed	Sillar.Modules.Crm.Tests.CustomerAuthenticationServiceTests	Sillar.Modules.Crm.Tests.CustomerAuthenticationServiceTests.Correo_inexistente_y_password_incorrecto_tienen_mismo_resultado	2026-10-07T19:12:56.9028241-05:00	00:00:01.9376148
Passed	Sillar.Modules.Crm.Tests.CustomerAuthenticationServiceTests	Sillar.Modules.Crm.Tests.CustomerAuthenticationServiceTests.Login_correcto_crea_customer_session	2026-10-07T19:12:55.3225019-05:00	00:00:01.5796953
Passed	Sillar.Modules.Crm.Tests.CustomerIdentityReaderTests	Sillar.Modules.Crm.Tests.CustomerIdentityReaderTests.El_contrato_es_solo_lectura	2026-10-07T19:11:39.4042859-05:00	00:00:00.0009902
Passed	Sillar.Modules.Crm.Tests.CustomerIdentityReaderTests	Sillar.Modules.Crm.Tests.CustomerIdentityReaderTests.El_contrato_no_pide_direccion	2026-10-07T19:11:22.8451283-05:00	00:00:00.0043873
Passed	Sillar.Modules.Crm.Tests.CustomerIdentityReaderTests	Sillar.Modules.Crm.Tests.CustomerIdentityReaderTests.La_identidad_solo_lleva_id_nombre_correo_y_telefono	2026-10-07T19:11:39.4014980-05:00	00:00:00.0022223
Passed	Sillar.Modules.Crm.Tests.CustomerIdentityReaderTests	Sillar.Modules.Crm.Tests.CustomerIdentityReaderTests.Los_contratos_no_arrastran_la_implementacion_de_CRM_ni_EF	2026-10-07T19:11:31.7130744-05:00	00:00:00.0151307
Passed	Sillar.Modules.Crm.Tests.CustomerIdentityReaderTests	Sillar.Modules.Crm.Tests.CustomerIdentityReaderTests.No_expone_notas_internas	2026-10-07T19:11:32.8104142-05:00	00:00:06.5795327
Passed	Sillar.Modules.Crm.Tests.CustomerIdentityReaderTests	Sillar.Modules.Crm.Tests.CustomerIdentityReaderTests.Por_lotes_devuelve_solo_los_activos_existentes_una_vez_cada_uno	2026-10-07T19:11:31.7339957-05:00	00:00:01.0715159
Passed	Sillar.Modules.Crm.Tests.CustomerIdentityReaderTests	Sillar.Modules.Crm.Tests.CustomerIdentityReaderTests.Por_lotes_una_coleccion_vacia_devuelve_un_diccionario_vacio	2026-10-07T19:11:39.3910817-05:00	00:00:00.0097716
Passed	Sillar.Modules.Crm.Tests.CustomerIdentityReaderTests	Sillar.Modules.Crm.Tests.CustomerIdentityReaderTests.Un_cliente_activo_devuelve_nombre_correo_y_telefono	2026-10-07T19:11:29.4123609-05:00	00:00:01.3995221
Passed	Sillar.Modules.Crm.Tests.CustomerIdentityReaderTests	Sillar.Modules.Crm.Tests.CustomerIdentityReaderTests.Un_cliente_de_baja_o_bloqueado_devuelve_null(estado: "baja")	2026-10-07T19:11:27.5506653-05:00	00:00:01.8593002
Passed	Sillar.Modules.Crm.Tests.CustomerIdentityReaderTests	Sillar.Modules.Crm.Tests.CustomerIdentityReaderTests.Un_cliente_de_baja_o_bloqueado_devuelve_null(estado: "bloqueo")	2026-10-07T19:11:22.8520415-05:00	00:00:04.6952866
Passed	Sillar.Modules.Crm.Tests.CustomerIdentityReaderTests	Sillar.Modules.Crm.Tests.CustomerIdentityReaderTests.Un_cliente_inexistente_devuelve_null	2026-10-07T19:11:39.4057226-05:00	00:00:02.1405627
Passed	Sillar.Modules.Crm.Tests.CustomerIdentityReaderTests	Sillar.Modules.Crm.Tests.CustomerIdentityReaderTests.Una_ficha_sin_cuenta_tambien_tiene_identidad	2026-10-07T19:11:30.8176811-05:00	00:00:00.8926295
Passed	Sillar.Modules.Crm.Tests.CustomerIdentityTests	Sillar.Modules.Crm.Tests.CustomerIdentityTests.Cookie_csrf_de_cliente_es_legible_y_conserva_barreras	2026-10-07T19:09:57.7174274-05:00	00:00:00.2734728
Passed	Sillar.Modules.Crm.Tests.CustomerIdentityTests	Sillar.Modules.Crm.Tests.CustomerIdentityTests.Cookie_csrf_no_reemplaza_la_cookie_de_sesion	2026-10-07T19:09:58.7715472-05:00	00:00:00.0641370
Passed	Sillar.Modules.Crm.Tests.CustomerIdentityTests	Sillar.Modules.Crm.Tests.CustomerIdentityTests.Cookie_de_cliente_conserva_las_barreras_del_spec	2026-10-07T19:09:58.3227175-05:00	00:00:00.0010281
Passed	Sillar.Modules.Crm.Tests.CustomerIdentityTests	Sillar.Modules.Crm.Tests.CustomerIdentityTests.CurrentCustomer_ignora_claims_administrativos	2026-10-07T19:09:58.3360520-05:00	00:00:00.2004512
Passed	Sillar.Modules.Crm.Tests.CustomerIdentityTests	Sillar.Modules.Crm.Tests.CustomerIdentityTests.CurrentCustomer_lee_solo_claims_de_cliente	2026-10-07T19:09:58.5423406-05:00	00:00:00.2203495
Passed	Sillar.Modules.Crm.Tests.CustomerIdentityTests	Sillar.Modules.Crm.Tests.CustomerIdentityTests.Identidad_de_cliente_tiene_namespace_cookie_y_esquema_propios	2026-10-07T19:09:58.2465713-05:00	00:00:00.0620412
Passed	Sillar.Modules.Crm.Tests.CustomerLoginPolicyTests	Sillar.Modules.Crm.Tests.CustomerLoginPolicyTests.BCrypt_cliente_nunca_baja_de_factor_12	2026-10-07T19:09:58.3106751-05:00	00:00:00.0007454
Passed	Sillar.Modules.Crm.Tests.CustomerLoginPolicyTests	Sillar.Modules.Crm.Tests.CustomerLoginPolicyTests.Cuenta_no_se_bloquea_y_la_espera_crece	2026-10-07T19:09:58.3608980-05:00	00:00:00.0221615
Passed	Sillar.Modules.Crm.Tests.CustomerLoginPolicyTests	Sillar.Modules.Crm.Tests.CustomerLoginPolicyTests.Ip_tiene_un_margen_mucho_mas_generoso	2026-10-07T19:09:58.3392581-05:00	00:00:00.0201976
Passed	Sillar.Modules.Crm.Tests.CustomerLoginPolicyTests	Sillar.Modules.Crm.Tests.CustomerLoginPolicyTests.Sesion_cliente_tiene_politica_propia	2026-10-07T19:09:57.7172457-05:00	00:00:00.2811490
Passed	Sillar.Modules.Crm.Tests.CustomerPasswordExposureTests	Sillar.Modules.Crm.Tests.CustomerPasswordExposureTests.Criterio13_los_contratos_de_respuesta_no_exponen_password_ni_hash	2026-10-07T19:09:57.7173751-05:00	00:00:00.3210103
Passed	Sillar.Modules.Crm.Tests.CustomerProfileContractTests	Sillar.Modules.Crm.Tests.CustomerProfileContractTests.Contratos_publicos_no_exponen_campos_internos(type: typeof(Sillar.Modules.Crm.Contracts.CustomerIdentity))	2026-10-07T19:09:58.5942321-05:00	00:00:00.0002122
Passed	Sillar.Modules.Crm.Tests.CustomerProfileContractTests	Sillar.Modules.Crm.Tests.CustomerProfileContractTests.Contratos_publicos_no_exponen_campos_internos(type: typeof(Sillar.Modules.Crm.Contracts.CustomerOrderAddressSnapshot))	2026-10-07T19:09:58.5500493-05:00	00:00:00.0103202
Passed	Sillar.Modules.Crm.Tests.CustomerProfileContractTests	Sillar.Modules.Crm.Tests.CustomerProfileContractTests.Contratos_publicos_no_exponen_campos_internos(type: typeof(Sillar.Modules.Crm.Contracts.CustomerOrderContactSnapshot))	2026-10-07T19:09:58.5332142-05:00	00:00:00.0158217
Passed	Sillar.Modules.Crm.Tests.CustomerProfileContractTests	Sillar.Modules.Crm.Tests.CustomerProfileContractTests.Contratos_publicos_no_exponen_campos_internos(type: typeof(Sillar.Modules.Crm.Contracts.CustomerOrderSnapshot))	2026-10-07T19:09:58.5847194-05:00	00:00:00.0002191
Passed	Sillar.Modules.Crm.Tests.CustomerProfileContractTests	Sillar.Modules.Crm.Tests.CustomerProfileContractTests.Contratos_publicos_no_exponen_campos_internos(type: typeof(Sillar.Modules.Crm.Dtos.CustomerAddressResponse))	2026-10-07T19:09:58.5677220-05:00	00:00:00.0002458
Passed	Sillar.Modules.Crm.Tests.CustomerProfileContractTests	Sillar.Modules.Crm.Tests.CustomerProfileContractTests.Contratos_publicos_no_exponen_campos_internos(type: typeof(Sillar.Modules.Crm.Dtos.CustomerProfileResponse))	2026-10-07T19:09:58.5834093-05:00	00:00:00.0002202
Passed	Sillar.Modules.Crm.Tests.CustomerProfileServiceTests	Sillar.Modules.Crm.Tests.CustomerProfileServiceTests.Agrega_dos_direcciones_y_cambia_la_preferida	2026-10-07T19:12:24.7550312-05:00	00:00:02.0109387
Passed	Sillar.Modules.Crm.Tests.CustomerProfileServiceTests	Sillar.Modules.Crm.Tests.CustomerProfileServiceTests.Cambiar_correo_invalida_verificacion	2026-10-07T19:12:22.4514250-05:00	00:00:01.4143219
Passed	Sillar.Modules.Crm.Tests.CustomerProfileServiceTests	Sillar.Modules.Crm.Tests.CustomerProfileServiceTests.No_modifica_una_direccion_de_otro_cliente	2026-10-07T19:12:27.7782485-05:00	00:00:01.0821237
Passed	Sillar.Modules.Crm.Tests.CustomerProfileServiceTests	Sillar.Modules.Crm.Tests.CustomerProfileServiceTests.Perfil_no_expone_notas_internas	2026-10-07T19:12:26.7763125-05:00	00:00:01.0011577
Passed	Sillar.Modules.Crm.Tests.CustomerProfileServiceTests	Sillar.Modules.Crm.Tests.CustomerProfileServiceTests.Snapshot_para_M03_usa_solo_datos_publicables_del_cliente	2026-10-07T19:12:23.8667066-05:00	00:00:00.8874459
Passed	Sillar.Modules.Crm.Tests.CustomerRegistrationPolicyTests	Sillar.Modules.Crm.Tests.CustomerRegistrationPolicyTests.Password_comun_se_rechaza	2026-10-07T19:09:58.7666962-05:00	00:00:00.0116173
Passed	Sillar.Modules.Crm.Tests.CustomerRegistrationPolicyTests	Sillar.Modules.Crm.Tests.CustomerRegistrationPolicyTests.Password_con_identidad_se_rechaza	2026-10-07T19:09:58.7210769-05:00	00:00:00.0029602
Passed	Sillar.Modules.Crm.Tests.CustomerRegistrationPolicyTests	Sillar.Modules.Crm.Tests.CustomerRegistrationPolicyTests.Password_larga_sin_identidad_se_acepta	2026-10-07T19:09:58.5094657-05:00	00:00:00.2051263
Passed	Sillar.Modules.Crm.Tests.CustomerRegistrationPolicyTests	Sillar.Modules.Crm.Tests.CustomerRegistrationPolicyTests.Password_menor_de_12_se_rechaza	2026-10-07T19:09:58.8025164-05:00	00:00:00.0004022
Passed	Sillar.Modules.Crm.Tests.CustomerRegistrationServiceTests	Sillar.Modules.Crm.Tests.CustomerRegistrationServiceTests.Ficha_con_cuenta_no_reemplaza_la_password_existente	2026-10-07T19:12:13.1722262-05:00	00:00:06.1526708
Passed	Sillar.Modules.Crm.Tests.CustomerRegistrationServiceTests	Sillar.Modules.Crm.Tests.CustomerRegistrationServiceTests.Ficha_existente_sin_cuenta_se_enlaza_sin_duplicarla_ni_pisar_notas	2026-10-07T19:12:09.8557756-05:00	00:00:03.3157188
Passed	Sillar.Modules.Crm.Tests.CustomerRegistrationServiceTests	Sillar.Modules.Crm.Tests.CustomerRegistrationServiceTests.Registro_nuevo_crea_ficha_y_cuenta_no_verificada	2026-10-07T19:12:19.3262213-05:00	00:00:03.1180662
Passed	Sillar.Modules.Crm.Tests.CustomerSessionServiceTests	Sillar.Modules.Crm.Tests.CustomerSessionServiceTests.Abrir_sesion_guarda_solo_hashes_de_los_secretos	2026-10-07T19:12:55.1157641-05:00	00:00:00.2052545
Passed	Sillar.Modules.Crm.Tests.CustomerSessionServiceTests	Sillar.Modules.Crm.Tests.CustomerSessionServiceTests.Logout_revoca_la_fila_y_no_se_puede_rotar_csrf	2026-10-07T19:12:54.6858455-05:00	00:00:00.2344846
Passed	Sillar.Modules.Crm.Tests.CustomerSessionServiceTests	Sillar.Modules.Crm.Tests.CustomerSessionServiceTests.Rotar_csrf_invalida_el_token_anterior	2026-10-07T19:12:54.9212014-05:00	00:00:00.1937638
Passed	Sillar.Modules.Crm.Tests.CustomerSnapshotReaderTests	Sillar.Modules.Crm.Tests.CustomerSnapshotReaderTests.Cliente_de_baja_o_bloqueado_devuelve_null_en_las_dos_variantes(estado: "baja")	2026-10-07T19:11:52.0786808-05:00	00:00:01.3405076
Passed	Sillar.Modules.Crm.Tests.CustomerSnapshotReaderTests	Sillar.Modules.Crm.Tests.CustomerSnapshotReaderTests.Cliente_de_baja_o_bloqueado_devuelve_null_en_las_dos_variantes(estado: "bloqueo")	2026-10-07T19:11:44.3995781-05:00	00:00:07.6783125
Passed	Sillar.Modules.Crm.Tests.CustomerSnapshotReaderTests	Sillar.Modules.Crm.Tests.CustomerSnapshotReaderTests.Cliente_inexistente_devuelve_null_en_las_dos_variantes	2026-10-07T19:11:59.1893290-05:00	00:00:03.1152370
Passed	Sillar.Modules.Crm.Tests.CustomerSnapshotReaderTests	Sillar.Modules.Crm.Tests.CustomerSnapshotReaderTests.Con_direccion_ajena_devuelve_null	2026-10-07T19:11:43.0393512-05:00	00:00:01.3390905
Passed	Sillar.Modules.Crm.Tests.CustomerSnapshotReaderTests	Sillar.Modules.Crm.Tests.CustomerSnapshotReaderTests.Con_direccion_de_baja_devuelve_null	2026-10-07T19:11:53.4201205-05:00	00:00:01.2750706
Passed	Sillar.Modules.Crm.Tests.CustomerSnapshotReaderTests	Sillar.Modules.Crm.Tests.CustomerSnapshotReaderTests.Con_direccion_inexistente_devuelve_null_y_no_cae_en_la_variante_sin_direccion	2026-10-07T19:12:05.5749349-05:00	00:00:00.9082025
Passed	Sillar.Modules.Crm.Tests.CustomerSnapshotReaderTests	Sillar.Modules.Crm.Tests.CustomerSnapshotReaderTests.Con_direccion_valida_devuelve_cliente_y_direccion_como_en_1_0_0	2026-10-07T19:11:54.7013240-05:00	00:00:00.9988606
Passed	Sillar.Modules.Crm.Tests.CustomerSnapshotReaderTests	Sillar.Modules.Crm.Tests.CustomerSnapshotReaderTests.Ficha_sin_cuenta_devuelve_null_en_las_dos_variantes	2026-10-07T19:12:02.3115179-05:00	00:00:03.2622074
Passed	Sillar.Modules.Crm.Tests.CustomerSnapshotReaderTests	Sillar.Modules.Crm.Tests.CustomerSnapshotReaderTests.Las_instantaneas_no_se_pueden_modificar_despues_de_creadas(tipo: typeof(Sillar.Modules.Crm.Contracts.CustomerOrderAddressSnapshot))	2026-10-07T19:11:59.1853986-05:00	00:00:00.0005197
Passed	Sillar.Modules.Crm.Tests.CustomerSnapshotReaderTests	Sillar.Modules.Crm.Tests.CustomerSnapshotReaderTests.Las_instantaneas_no_se_pueden_modificar_despues_de_creadas(tipo: typeof(Sillar.Modules.Crm.Contracts.CustomerOrderContactSnapshot))	2026-10-07T19:11:59.1884370-05:00	00:00:00.0000968
Passed	Sillar.Modules.Crm.Tests.CustomerSnapshotReaderTests	Sillar.Modules.Crm.Tests.CustomerSnapshotReaderTests.Las_instantaneas_no_se_pueden_modificar_despues_de_creadas(tipo: typeof(Sillar.Modules.Crm.Contracts.CustomerOrderSnapshot))	2026-10-07T19:11:59.1833602-05:00	00:00:00.0009799
Passed	Sillar.Modules.Crm.Tests.CustomerSnapshotReaderTests	Sillar.Modules.Crm.Tests.CustomerSnapshotReaderTests.Sin_direccion_devuelve_los_datos_del_cliente_aunque_no_tenga_ninguna_direccion	2026-10-07T19:11:55.7013105-05:00	00:00:01.3511129
Passed	Sillar.Modules.Crm.Tests.CustomerSnapshotReaderTests	Sillar.Modules.Crm.Tests.CustomerSnapshotReaderTests.Sin_direccion_no_expone_ninguna_propiedad_de_direccion	2026-10-07T19:11:59.1808202-05:00	00:00:00.0016138
Passed	Sillar.Modules.Crm.Tests.CustomerSnapshotReaderTests	Sillar.Modules.Crm.Tests.CustomerSnapshotReaderTests.Sin_direccion_no_filtra_notas_internas	2026-10-07T19:11:41.5485513-05:00	00:00:01.4894362
Passed	Sillar.Modules.Crm.Tests.CustomerSnapshotReaderTests	Sillar.Modules.Crm.Tests.CustomerSnapshotReaderTests.Sin_direccion_refleja_correo_sin_verificar	2026-10-07T19:11:57.0534293-05:00	00:00:02.1265595
Passed	Sillar.Modules.Crm.Tests.CustomerSnapshotReaderTests	Sillar.Modules.Crm.Tests.CustomerSnapshotReaderTests.Un_cambio_posterior_del_perfil_no_altera_la_instantanea_ya_tomada	2026-10-07T19:12:06.4839126-05:00	00:00:03.3694310
Passed	Sillar.Modules.Crm.Tests.CustomerTokenPolicyTests	Sillar.Modules.Crm.Tests.CustomerTokenPolicyTests.Invitacion_caduca	2026-10-07T19:09:58.3432179-05:00	00:00:00.0005140
Passed	Sillar.Modules.Crm.Tests.CustomerTokenPolicyTests	Sillar.Modules.Crm.Tests.CustomerTokenPolicyTests.Propósitos_coinciden_con_el_schema	2026-10-07T19:09:57.7132206-05:00	00:00:00.2467311
Passed	Sillar.Modules.Crm.Tests.CustomerTokenPolicyTests	Sillar.Modules.Crm.Tests.CustomerTokenPolicyTests.Recuperacion_es_corta	2026-10-07T19:09:58.3585612-05:00	00:00:00.0205632
Passed	Sillar.Modules.Crm.Tests.CustomerTokenPolicyTests	Sillar.Modules.Crm.Tests.CustomerTokenPolicyTests.Verificacion_caduca	2026-10-07T19:09:58.2420119-05:00	00:00:00.0704509
Passed	Sillar.Modules.Sales.Tests.AtribucionDelPersonalTests	Sillar.Modules.Sales.Tests.AtribucionDelPersonalTests.El_nodo_de_la_cuenta_no_se_deriva_del_nodo_de_la_actuacion	2026-10-07T19:10:16.9067122-05:00	00:00:00.0373289
Passed	Sillar.Modules.Sales.Tests.AtribucionDelPersonalTests	Sillar.Modules.Sales.Tests.AtribucionDelPersonalTests.El_nodo_de_la_cuenta_puede_ser_distinto_del_nodo_de_la_actuacion	2026-10-07T19:10:17.1459742-05:00	00:00:00.0044900
Passed	Sillar.Modules.Sales.Tests.AtribucionDelPersonalTests	Sillar.Modules.Sales.Tests.AtribucionDelPersonalTests.El_pedido_no_interviene_en_la_interpretacion_de_la_atribucion	2026-10-07T19:10:17.1397908-05:00	00:00:00.0043432
Passed	Sillar.Modules.Sales.Tests.AtribucionDelPersonalTests	Sillar.Modules.Sales.Tests.AtribucionDelPersonalTests.La_atribucion_de_un_cambio_se_resuelve_sin_leer_el_pedido	2026-10-07T19:10:16.8644067-05:00	00:00:00.0223902
Passed	Sillar.Modules.Sales.Tests.AtribucionDelPersonalTests	Sillar.Modules.Sales.Tests.AtribucionDelPersonalTests.La_cabecera_del_pedido_no_atribuye_a_ningun_trabajador	2026-10-07T19:10:17.6039832-05:00	00:00:00.0083431
Passed	Sillar.Modules.Sales.Tests.AtribucionDelPersonalTests	Sillar.Modules.Sales.Tests.AtribucionDelPersonalTests.La_migracion_no_declara_ninguna_clave_foranea_hacia_core_admin_users	2026-10-07T19:10:16.9832481-05:00	00:00:00.1549887
Passed	Sillar.Modules.Sales.Tests.AtribucionDelPersonalTests	Sillar.Modules.Sales.Tests.AtribucionDelPersonalTests.La_migracion_solo_referencia_dos_schemas_ajenos_y_ninguno_es_core	2026-10-07T19:10:17.6272164-05:00	00:00:00.0065656
Passed	Sillar.Modules.Sales.Tests.AtribucionDelPersonalTests	Sillar.Modules.Sales.Tests.AtribucionDelPersonalTests.La_tabla_orders_de_la_migracion_no_tiene_columna_de_atribucion	2026-10-07T19:10:17.5873264-05:00	00:00:00.0074107
Passed	Sillar.Modules.Sales.Tests.AtribucionDelPersonalTests	Sillar.Modules.Sales.Tests.AtribucionDelPersonalTests.Ningun_CHECK_exige_que_los_dos_nodos_coincidan	2026-10-07T19:10:17.2334509-05:00	00:00:00.3524021
Passed	Sillar.Modules.Sales.Tests.AtribucionDelPersonalTests	Sillar.Modules.Sales.Tests.AtribucionDelPersonalTests.Ninguna_de_las_seis_atribuciones_parciales_se_acepta	2026-10-07T19:10:16.7767370-05:00	00:00:00.0650086
Passed	Sillar.Modules.Sales.Tests.AtribucionDelPersonalTests	Sillar.Modules.Sales.Tests.AtribucionDelPersonalTests.Un_cambio_automatico_leido_desde_la_entidad_no_atribuye_a_nadie	2026-10-07T19:10:15.9003008-05:00	00:00:00.3718729
Passed	Sillar.Modules.Sales.Tests.AtribucionDelPersonalTests	Sillar.Modules.Sales.Tests.AtribucionDelPersonalTests.Un_cambio_automatico_lleva_los_tres_datos_nulos_y_no_atribuye_a_nadie	2026-10-07T19:10:17.6363191-05:00	00:00:00.0004793
Passed	Sillar.Modules.Sales.Tests.AtribucionDelPersonalTests	Sillar.Modules.Sales.Tests.AtribucionDelPersonalTests.Un_cambio_humano_lleva_los_tres_datos_presentes	2026-10-07T19:10:17.6174241-05:00	00:00:00.0005770
Passed	Sillar.Modules.Sales.Tests.AtribucionDelPersonalTests	Sillar.Modules.Sales.Tests.AtribucionDelPersonalTests.Un_identificador_local_cero_o_negativo_no_se_acepta	2026-10-07T19:10:17.2072851-05:00	00:00:00.0096503
Passed	Sillar.Modules.Sales.Tests.AtribucionDelPersonalTests	Sillar.Modules.Sales.Tests.AtribucionDelPersonalTests.Un_pago_humano_exige_los_tres_datos	2026-10-07T19:10:16.9595120-05:00	00:00:00.0047709
Passed	Sillar.Modules.Sales.Tests.AtribucionDelPersonalTests	Sillar.Modules.Sales.Tests.AtribucionDelPersonalTests.Un_pago_sin_identificador_local_no_se_registra	2026-10-07T19:10:17.5959792-05:00	00:00:00.0022589
Passed	Sillar.Modules.Sales.Tests.AtribucionDelPersonalTests	Sillar.Modules.Sales.Tests.AtribucionDelPersonalTests.Un_pago_sin_nodo_de_la_cuenta_no_se_registra	2026-10-07T19:10:16.5862950-05:00	00:00:00.1889379
Passed	Sillar.Modules.Sales.Tests.AtribucionDelPersonalTests	Sillar.Modules.Sales.Tests.AtribucionDelPersonalTests.Un_pago_sin_nombre_no_se_registra	2026-10-07T19:10:17.6003722-05:00	00:00:00.0012998
Passed	Sillar.Modules.Sales.Tests.CodigoVisibleTests	Sillar.Modules.Sales.Tests.CodigoVisibleTests.Dos_anios_distintos_dan_codigos_distintos_con_el_mismo_correlativo	2026-10-07T19:10:16.9511636-05:00	00:00:00.0111259
Passed	Sillar.Modules.Sales.Tests.CodigoVisibleTests	Sillar.Modules.Sales.Tests.CodigoVisibleTests.Dos_nodos_distintos_dan_codigos_distintos_con_la_misma_serie	2026-10-07T19:10:15.9055218-05:00	00:00:00.4021502
Passed	Sillar.Modules.Sales.Tests.CodigoVisibleTests	Sillar.Modules.Sales.Tests.CodigoVisibleTests.El_codigo_visible_de_un_pedido_tiene_la_forma_P_2026_0147	2026-10-07T19:10:16.8534358-05:00	00:00:00.0003711
Passed	Sillar.Modules.Sales.Tests.CodigoVisibleTests	Sillar.Modules.Sales.Tests.CodigoVisibleTests.El_correlativo_se_rellena_hasta_cuatro_digitos	2026-10-07T19:10:16.6450571-05:00	00:00:00.0269432
Passed	Sillar.Modules.Sales.Tests.CodigoVisibleTests	Sillar.Modules.Sales.Tests.CodigoVisibleTests.El_mensaje_de_la_etiqueta_ausente_dice_que_no_hay_valor_por_defecto	2026-10-07T19:10:16.7144269-05:00	00:00:00.0441729
Passed	Sillar.Modules.Sales.Tests.CodigoVisibleTests	Sillar.Modules.Sales.Tests.CodigoVisibleTests.La_etiqueta_del_nodo_va_delante_del_anio	2026-10-07T19:10:16.9044296-05:00	00:00:00.0333023
Passed	Sillar.Modules.Sales.Tests.CodigoVisibleTests	Sillar.Modules.Sales.Tests.CodigoVisibleTests.La_etiqueta_se_recorta_pero_no_se_transforma	2026-10-07T19:10:16.5880318-05:00	00:00:00.0555329
Passed	Sillar.Modules.Sales.Tests.CodigoVisibleTests	Sillar.Modules.Sales.Tests.CodigoVisibleTests.Sin_etiqueta_de_nodo_no_se_compone_ningun_codigo	2026-10-07T19:10:16.8014678-05:00	00:00:00.0325800
Passed	Sillar.Modules.Sales.Tests.CodigoVisibleTests	Sillar.Modules.Sales.Tests.CodigoVisibleTests.Un_correlativo_de_cinco_cifras_no_se_recorta	2026-10-07T19:10:16.7600591-05:00	00:00:00.0400262
Passed	Sillar.Modules.Sales.Tests.CodigoVisibleTests	Sillar.Modules.Sales.Tests.CodigoVisibleTests.Un_correlativo_menor_que_uno_no_se_acepta	2026-10-07T19:10:16.8814061-05:00	00:00:00.0013809
Passed	Sillar.Modules.Sales.Tests.CongelarClienteTests	Sillar.Modules.Sales.Tests.CongelarClienteTests.Congelar_copia_los_seis_campos_al_pedido	2026-10-07T19:10:16.6570599-05:00	00:00:00.0967804
Passed	Sillar.Modules.Sales.Tests.CongelarClienteTests	Sillar.Modules.Sales.Tests.CongelarClienteTests.El_pedido_no_recibe_ninguna_direccion	2026-10-07T19:10:16.9593797-05:00	00:00:00.0715490
Passed	Sillar.Modules.Sales.Tests.CongelarClienteTests	Sillar.Modules.Sales.Tests.CongelarClienteTests.Los_motivos_de_rechazo_no_nombran_ninguna_causa_que_M04_no_garantice	2026-10-07T19:10:16.8597832-05:00	00:00:00.0715636
Passed	Sillar.Modules.Sales.Tests.CongelarClienteTests	Sillar.Modules.Sales.Tests.CongelarClienteTests.Se_usa_la_sobrecarga_SIN_direccion	2026-10-07T19:10:16.5877989-05:00	00:00:00.0675817
Passed	Sillar.Modules.Sales.Tests.CongelarClienteTests	Sillar.Modules.Sales.Tests.CongelarClienteTests.Si_M04_devuelve_null_no_se_inventa_la_causa	2026-10-07T19:10:16.7830222-05:00	00:00:00.0752642
Passed	Sillar.Modules.Sales.Tests.CongelarClienteTests	Sillar.Modules.Sales.Tests.CongelarClienteTests.Un_cliente_verificado_se_congela_con_sus_seis_datos	2026-10-07T19:10:15.8983839-05:00	00:00:00.3717674
Passed	Sillar.Modules.Sales.Tests.CongelarClienteTests	Sillar.Modules.Sales.Tests.CongelarClienteTests.Un_correo_sin_verificar_no_compra	2026-10-07T19:10:16.9329843-05:00	00:00:00.0130312
Passed	Sillar.Modules.Sales.Tests.CrearPedidoPersistenciaTests	Sillar.Modules.Sales.Tests.CrearPedidoPersistenciaTests.El_precio_de_la_linea_lo_pone_M01_y_no_quien_llama	2026-10-07T19:10:42.0435963-05:00	00:00:00.6487711
Passed	Sillar.Modules.Sales.Tests.CrearPedidoPersistenciaTests	Sillar.Modules.Sales.Tests.CrearPedidoPersistenciaTests.El_rollback_de_la_transaccion_exterior_devuelve_el_numero	2026-10-07T19:10:43.1735306-05:00	00:00:01.1776035
Passed	Sillar.Modules.Sales.Tests.CrearPedidoPersistenciaTests	Sillar.Modules.Sales.Tests.CrearPedidoPersistenciaTests.El_snapshot_sigue_congelado_cuando_M01_cambia_despues	2026-10-07T19:10:42.8284101-05:00	00:00:00.1304300
Passed	Sillar.Modules.Sales.Tests.CrearPedidoPersistenciaTests	Sillar.Modules.Sales.Tests.CrearPedidoPersistenciaTests.Se_pregunta_por_la_vendibilidad_antes_de_tomar_el_precio	2026-10-07T19:10:42.6978433-05:00	00:00:00.0377659
Passed	Sillar.Modules.Sales.Tests.CrearPedidoPersistenciaTests	Sillar.Modules.Sales.Tests.CrearPedidoPersistenciaTests.Un_carrito_vacio_no_entra_en_confirmacion	2026-10-07T19:10:44.3597749-05:00	00:00:00.0509890
Passed	Sillar.Modules.Sales.Tests.CrearPedidoPersistenciaTests	Sillar.Modules.Sales.Tests.CrearPedidoPersistenciaTests.Un_correo_sin_verificar_no_llega_a_preguntar_por_el_catalogo	2026-10-07T19:10:45.0307574-05:00	00:00:00.0261325
Passed	Sillar.Modules.Sales.Tests.CrearPedidoPersistenciaTests	Sillar.Modules.Sales.Tests.CrearPedidoPersistenciaTests.Un_item_inexistente_o_inactivo_no_produce_pedido	2026-10-07T19:10:44.4189265-05:00	00:00:00.1305028
Passed	Sillar.Modules.Sales.Tests.CrearPedidoPersistenciaTests	Sillar.Modules.Sales.Tests.CrearPedidoPersistenciaTests.Un_pedido_que_no_llega_a_crearse_no_consume_numero	2026-10-07T19:10:44.9976677-05:00	00:00:00.0298370
Passed	Sillar.Modules.Sales.Tests.CrearPedidoPersistenciaTests	Sillar.Modules.Sales.Tests.CrearPedidoPersistenciaTests.Un_pedido_se_crea_con_el_precio_de_M01_y_su_snapshot_congelado	2026-10-07T19:10:44.5591927-05:00	00:00:00.4222285
Passed	Sillar.Modules.Sales.Tests.CrearPedidoPersistenciaTests	Sillar.Modules.Sales.Tests.CrearPedidoPersistenciaTests.Un_precio_null_no_entra_al_pedido_y_un_precio_cero_si	2026-10-07T19:10:42.7389895-05:00	00:00:00.0823567
Passed	Sillar.Modules.Sales.Tests.CrearPedidoPersistenciaTests	Sillar.Modules.Sales.Tests.CrearPedidoPersistenciaTests.Una_cantidad_no_positiva_no_produce_pedido	2026-10-07T19:10:42.9609470-05:00	00:00:00.1752178
Passed	Sillar.Modules.Sales.Tests.EstadosYPagoTests	Sillar.Modules.Sales.Tests.EstadosYPagoTests.La_secuencia_principal_tiene_cinco_estados_en_orden	2026-10-07T19:10:16.7088190-05:00	00:00:00.0285844
Passed	Sillar.Modules.Sales.Tests.EstadosYPagoTests	Sillar.Modules.Sales.Tests.EstadosYPagoTests.Los_estados_se_guardan_en_ingles_tecnico_y_no_en_espaniol	2026-10-07T19:10:16.8570484-05:00	00:00:00.2755507
Passed	Sillar.Modules.Sales.Tests.EstadosYPagoTests	Sillar.Modules.Sales.Tests.EstadosYPagoTests.Los_estados_visibles_son_exactamente_siete	2026-10-07T19:10:15.9025354-05:00	00:00:00.4051826
Passed	Sillar.Modules.Sales.Tests.EstadosYPagoTests	Sillar.Modules.Sales.Tests.EstadosYPagoTests.Los_siete_estados_son_los_ratificados_el_26_de_septiembre	2026-10-07T19:10:16.5852670-05:00	00:00:00.0830634
Passed	Sillar.Modules.Sales.Tests.EstadosYPagoTests	Sillar.Modules.Sales.Tests.EstadosYPagoTests.Ningun_estado_esta_repetido	2026-10-07T19:10:16.7690826-05:00	00:00:00.0243420
Passed	Sillar.Modules.Sales.Tests.EstadosYPagoTests	Sillar.Modules.Sales.Tests.EstadosYPagoTests.Vencido_no_es_lo_mismo_que_cancelado	2026-10-07T19:10:16.6888428-05:00	00:00:00.0185809
Passed	Sillar.Modules.Sales.Tests.EstadosYPagoTests	Sillar.Modules.Sales.Tests.EstadosYPagoTests.Vencido_y_cancelado_estan_fuera_de_la_secuencia_principal	2026-10-07T19:10:16.8108009-05:00	00:00:00.0180169
Passed	Sillar.Modules.Sales.Tests.MediosDePagoTests	Sillar.Modules.Sales.Tests.MediosDePagoTests.Cualquier_otro_medio_queda_fuera	2026-10-07T19:10:16.9774315-05:00	00:00:00.0394297
Passed	Sillar.Modules.Sales.Tests.MediosDePagoTests	Sillar.Modules.Sales.Tests.MediosDePagoTests.El_efectivo_es_un_medio_valido	2026-10-07T19:10:15.9025753-05:00	00:00:00.4032238
Passed	Sillar.Modules.Sales.Tests.MediosDePagoTests	Sillar.Modules.Sales.Tests.MediosDePagoTests.La_tarjeta_no_se_admite_en_M03_v1	2026-10-07T19:10:16.9099316-05:00	00:00:00.0473488
Passed	Sillar.Modules.Sales.Tests.MediosDePagoTests	Sillar.Modules.Sales.Tests.MediosDePagoTests.Los_valores_van_en_minusculas_y_sin_espacios	2026-10-07T19:10:16.5990365-05:00	00:00:00.2598953
Passed	Sillar.Modules.Sales.Tests.MediosDePagoTests	Sillar.Modules.Sales.Tests.MediosDePagoTests.V1_admite_yape_y_efectivo	2026-10-07T19:10:16.8602713-05:00	00:00:00.0296337
Passed	Sillar.Modules.Sales.Tests.MediosDePagoTests	Sillar.Modules.Sales.Tests.MediosDePagoTests.Yape_es_un_medio_valido	2026-10-07T19:10:16.5846145-05:00	00:00:00.0132494
Passed	Sillar.Modules.Sales.Tests.NumeracionTests	Sillar.Modules.Sales.Tests.NumeracionTests.El_anio_de_la_serie_es_el_de_Lima_y_no_el_de_UTC	2026-10-07T19:10:30.2855267-05:00	00:00:00.0007916
Passed	Sillar.Modules.Sales.Tests.NumeracionTests	Sillar.Modules.Sales.Tests.NumeracionTests.El_codigo_de_esa_tarde_se_compone_con_el_anio_de_Lima	2026-10-07T19:10:28.7122712-05:00	00:00:00.0172878
Passed	Sillar.Modules.Sales.Tests.NumeracionTests	Sillar.Modules.Sales.Tests.NumeracionTests.El_mediodia_de_Lima_y_el_de_UTC_dan_el_mismo_anio	2026-10-07T19:10:28.7524160-05:00	00:00:00.0029411
Passed	Sillar.Modules.Sales.Tests.NumeracionTests	Sillar.Modules.Sales.Tests.NumeracionTests.Fuera_de_una_transaccion_el_numerador_se_niega_a_numerar	2026-10-07T19:10:28.7683311-05:00	00:00:01.5147000
Passed	Sillar.Modules.Sales.Tests.NumeracionTests	Sillar.Modules.Sales.Tests.NumeracionTests.La_guarda_de_transaccion_actua_antes_de_mirar_la_configuracion	2026-10-07T19:10:15.9022431-05:00	00:00:12.7266752
Passed	Sillar.Modules.Sales.Tests.NumeracionTests	Sillar.Modules.Sales.Tests.NumeracionTests.La_zona_del_negocio_se_resuelve_en_esta_maquina	2026-10-07T19:10:28.7359906-05:00	00:00:00.0096735
Passed	Sillar.Modules.Sales.Tests.NumeracionTests	Sillar.Modules.Sales.Tests.NumeracionTests.Un_pedido_de_la_tarde_del_31_de_diciembre_conserva_su_anio	2026-10-07T19:10:28.7612932-05:00	00:00:00.0007687
Passed	Sillar.Modules.Sales.Tests.PedidosPropiosPersistenciaTests	Sillar.Modules.Sales.Tests.PedidosPropiosPersistenciaTests.El_contrato_publico_acota_el_limite_en_vez_de_obedecerlo	2026-10-07T19:10:39.7054810-05:00	00:00:00.3218655
Passed	Sillar.Modules.Sales.Tests.PedidosPropiosPersistenciaTests	Sillar.Modules.Sales.Tests.PedidosPropiosPersistenciaTests.El_historial_no_devuelve_pedidos_dados_de_baja	2026-10-07T19:10:40.0364512-05:00	00:00:00.0978277
Passed	Sillar.Modules.Sales.Tests.PedidosPropiosPersistenciaTests	Sillar.Modules.Sales.Tests.PedidosPropiosPersistenciaTests.El_historial_va_del_mas_reciente_al_mas_antiguo	2026-10-07T19:10:39.2292856-05:00	00:00:00.2288961
Passed	Sillar.Modules.Sales.Tests.PedidosPropiosPersistenciaTests	Sillar.Modules.Sales.Tests.PedidosPropiosPersistenciaTests.El_pedido_de_otro_cliente_no_existe_para_la_consulta_filtrada	2026-10-07T19:10:23.3555525-05:00	00:00:14.6867921
Passed	Sillar.Modules.Sales.Tests.PedidosPropiosPersistenciaTests	Sillar.Modules.Sales.Tests.PedidosPropiosPersistenciaTests.El_resumen_cuenta_las_lineas_sin_traerlas	2026-10-07T19:10:38.0834029-05:00	00:00:01.1391634
Passed	Sillar.Modules.Sales.Tests.PedidosPropiosPersistenciaTests	Sillar.Modules.Sales.Tests.PedidosPropiosPersistenciaTests.Un_cliente_sin_pedidos_recibe_una_lista_vacia_y_no_un_error	2026-10-07T19:10:39.4687671-05:00	00:00:00.2193791
Passed	Sillar.Modules.Sales.Tests.PedidosPropiosPersistenciaTests	Sillar.Modules.Sales.Tests.PedidosPropiosPersistenciaTests.Un_cliente_solo_ve_sus_propios_pedidos	2026-10-07T19:10:40.1358219-05:00	00:00:00.2657797
Passed	Sillar.Modules.Sales.Tests.PeticionDePedidoTests	Sillar.Modules.Sales.Tests.PeticionDePedidoTests.La_peticion_no_lleva_cliente_ni_direccion	2026-10-07T19:10:16.6033612-05:00	00:00:00.0677471
Passed	Sillar.Modules.Sales.Tests.PeticionDePedidoTests	Sillar.Modules.Sales.Tests.PeticionDePedidoTests.La_peticion_no_tiene_donde_poner_un_precio_ni_un_total	2026-10-07T19:10:16.6905113-05:00	00:00:00.1091315
Passed	Sillar.Modules.Sales.Tests.PeticionDePedidoTests	Sillar.Modules.Sales.Tests.PeticionDePedidoTests.Los_motivos_de_no_creacion_distinguen_a_consultar_de_no_vendible	2026-10-07T19:10:15.9021828-05:00	00:00:00.4115071
Passed	Sillar.Modules.Sales.Tests.PeticionDePedidoTests	Sillar.Modules.Sales.Tests.PeticionDePedidoTests.Una_linea_pedida_solo_lleva_variante_y_cantidad	2026-10-07T19:10:16.8154494-05:00	00:00:00.4680249
Passed	Sillar.Modules.Sales.Tests.TransicionesTests	Sillar.Modules.Sales.Tests.TransicionesTests.El_cliente_no_cancela_directamente	2026-10-07T19:10:16.5950688-05:00	00:00:00.0263381
Passed	Sillar.Modules.Sales.Tests.TransicionesTests	Sillar.Modules.Sales.Tests.TransicionesTests.El_vencimiento_automatico_nunca_conduce_a_cancelado	2026-10-07T19:10:16.7083787-05:00	00:00:00.0380418
Passed	Sillar.Modules.Sales.Tests.TransicionesTests	Sillar.Modules.Sales.Tests.TransicionesTests.Ninguna_transicion_permitida_sale_de_los_siete_estados	2026-10-07T19:10:15.9001675-05:00	00:00:00.4086975
Passed	Sillar.Modules.Sales.Tests.TransicionesTests	Sillar.Modules.Sales.Tests.TransicionesTests.Solo_vence_un_pedido_pendiente_de_pago	2026-10-07T19:10:16.6543109-05:00	00:00:00.0116988
Passed	Sillar.Modules.Sales.Tests.TransicionesTests	Sillar.Modules.Sales.Tests.TransicionesTests.Un_pago_no_lo_registra_el_sistema	2026-10-07T19:10:16.7702413-05:00	00:00:00.0263772
Passed	Sillar.Modules.Sales.Tests.TransicionesTests	Sillar.Modules.Sales.Tests.TransicionesTests.Un_pago_sin_mercancia_no_inventa_ningun_octavo_estado	2026-10-07T19:10:16.6919918-05:00	00:00:00.0055984
Passed	Sillar.Modules.Sales.Tests.TransicionesTests	Sillar.Modules.Sales.Tests.TransicionesTests.Un_pago_tardio_con_mercancia_lleva_el_pedido_de_Vencido_a_Preparando	2026-10-07T19:10:16.6854088-05:00	00:00:00.0005751
Passed	Sillar.Modules.Sales.Tests.TransicionesTests	Sillar.Modules.Sales.Tests.TransicionesTests.Un_pago_tardio_no_pasa_por_Pago_por_verificar	2026-10-07T19:10:16.6378287-05:00	00:00:00.0098156
Passed	Sillar.Modules.Sales.Tests.TransicionesTests	Sillar.Modules.Sales.Tests.TransicionesTests.Un_pago_tardio_sin_mercancia_se_registra_y_deja_pendiente_operativo	2026-10-07T19:10:16.6490380-05:00	00:00:00.0039885
Passed	Sillar.Modules.Sales.Tests.TransicionesTests	Sillar.Modules.Sales.Tests.TransicionesTests.Un_pedido_entregado_no_se_puede_cancelar	2026-10-07T19:10:16.7617475-05:00	00:00:00.0006010
Passed	Sillar.Modules.Sales.Tests.TransicionesTests	Sillar.Modules.Sales.Tests.TransicionesTests.Un_pedido_vencido_si_se_puede_cancelar_con_motivo	2026-10-07T19:10:16.7478165-05:00	00:00:00.0081017
Passed	Sillar.Modules.Sales.Tests.TransicionesTests	Sillar.Modules.Sales.Tests.TransicionesTests.Una_cancelacion_del_personal_con_motivo_si_se_permite	2026-10-07T19:10:16.6329734-05:00	00:00:00.0023542
Passed	Sillar.Modules.Sales.Tests.TransicionesTests	Sillar.Modules.Sales.Tests.TransicionesTests.Una_cancelacion_sin_motivo_no_se_permite	2026-10-07T19:10:16.6753838-05:00	00:00:00.0008919
Passed	Sillar.Modules.Sales.Tests.VencimientoPersistenciaTests	Sillar.Modules.Sales.Tests.VencimientoPersistenciaTests.Correr_el_vencimiento_dos_veces_no_duplica_asientos	2026-10-07T19:10:40.4515567-05:00	00:00:00.6227779
Passed	Sillar.Modules.Sales.Tests.VencimientoPersistenciaTests	Sillar.Modules.Sales.Tests.VencimientoPersistenciaTests.El_asiento_del_vencimiento_deja_los_TRES_datos_de_atribucion_en_NULL	2026-10-07T19:10:41.6152286-05:00	00:00:00.3864727
Passed	Sillar.Modules.Sales.Tests.VencimientoPersistenciaTests	Sillar.Modules.Sales.Tests.VencimientoPersistenciaTests.Solo_vence_lo_que_estaba_pendiente_de_pago	2026-10-07T19:10:41.5526340-05:00	00:00:00.0563266
Passed	Sillar.Modules.Sales.Tests.VencimientoPersistenciaTests	Sillar.Modules.Sales.Tests.VencimientoPersistenciaTests.Un_plazo_cumplido_pasa_el_pedido_a_Vencido	2026-10-07T19:10:41.3276023-05:00	00:00:00.2166926
Passed	Sillar.Modules.Sales.Tests.VencimientoPersistenciaTests	Sillar.Modules.Sales.Tests.VencimientoPersistenciaTests.Un_plazo_que_no_ha_llegado_no_vence	2026-10-07T19:10:41.1053002-05:00	00:00:00.0851304
Passed	Sillar.Modules.Sales.Tests.VencimientoPersistenciaTests	Sillar.Modules.Sales.Tests.VencimientoPersistenciaTests.Vencer_no_cancela_y_no_libera_nada	2026-10-07T19:10:41.1951824-05:00	00:00:00.1283047
Passed	Sillar.Modules.ServiceOrders.Tests.ContractsAndModuleTests	Sillar.Modules.ServiceOrders.Tests.ContractsAndModuleTests.Module_declares_only_ratified_hard_and_soft_dependencies	2026-10-07T19:10:41.1789526-05:00	00:00:00.0157828
Passed	Sillar.Modules.ServiceOrders.Tests.ContractsAndModuleTests	Sillar.Modules.ServiceOrders.Tests.ContractsAndModuleTests.Public_contract_exposes_exactly_the_ratified_legal_transitions	2026-10-07T19:10:41.1564108-05:00	00:00:00.0111649
Passed	Sillar.Modules.ServiceOrders.Tests.ContractsAndModuleTests	Sillar.Modules.ServiceOrders.Tests.ContractsAndModuleTests.Public_contract_owns_exactly_the_ratified_state_vocabulary	2026-10-07T19:10:41.0785969-05:00	00:00:00.0683120
Passed	Sillar.Modules.ServiceOrders.Tests.ContractsAndModuleTests	Sillar.Modules.ServiceOrders.Tests.ContractsAndModuleTests.Public_contract_resolves_C3_through_C7_without_EF_or_error_text_protocol	2026-10-07T19:10:40.5611819-05:00	00:00:00.4271229
Passed	Sillar.Modules.ServiceOrders.Tests.NumberingPostgresTests	Sillar.Modules.ServiceOrders.Tests.NumberingPostgresTests.It_refuses_to_number_outside_the_document_transaction	2026-10-07T19:11:08.1070414-05:00	00:00:00.0204579
Passed	Sillar.Modules.ServiceOrders.Tests.NumberingPostgresTests	Sillar.Modules.ServiceOrders.Tests.NumberingPostgresTests.Own_series_is_consecutive_under_concurrency	2026-10-07T19:11:08.1289017-05:00	00:00:15.2238583
Passed	Sillar.Modules.ServiceOrders.Tests.NumberingPostgresTests	Sillar.Modules.ServiceOrders.Tests.NumberingPostgresTests.Rollback_does_not_consume_a_number	2026-10-07T19:10:40.5612808-05:00	00:00:27.4643341
Passed	Sillar.Modules.ServiceOrders.Tests.ParityBarrierTests	Sillar.Modules.ServiceOrders.Tests.ParityBarrierTests.M05b_is_named_in_every_applicable_installation_surface	2026-10-07T19:10:40.5613024-05:00	00:00:00.2331585
Passed	Sillar.Modules.ServiceOrders.Tests.PhysicalModelPostgresTests	Sillar.Modules.ServiceOrders.Tests.PhysicalModelPostgresTests.Clean_migration_is_idempotent_and_materializes_five_tables	2026-10-07T19:12:07.4480190-05:00	00:00:08.4916432
Passed	Sillar.Modules.ServiceOrders.Tests.PhysicalModelPostgresTests	Sillar.Modules.ServiceOrders.Tests.PhysicalModelPostgresTests.Decimal_quantity_and_promised_at_boundaries_are_physical_constraints	2026-10-07T19:11:58.0774283-05:00	00:00:09.3522592
Passed	Sillar.Modules.ServiceOrders.Tests.PhysicalModelPostgresTests	Sillar.Modules.ServiceOrders.Tests.PhysicalModelPostgresTests.Drop_is_idempotent_isolated_and_blocks_future_hard_dependent	2026-10-07T19:11:23.3558506-05:00	00:00:10.0755242
Passed	Sillar.Modules.ServiceOrders.Tests.PhysicalModelPostgresTests	Sillar.Modules.ServiceOrders.Tests.PhysicalModelPostgresTests.Every_ratified_column_PK_and_unique_constraint_exists_physically	2026-10-07T19:10:40.5792277-05:00	00:00:27.3242474
Passed	Sillar.Modules.ServiceOrders.Tests.PhysicalModelPostgresTests	Sillar.Modules.ServiceOrders.Tests.PhysicalModelPostgresTests.Installing_without_M05a_is_rejected_with_attributable_message	2026-10-07T19:11:44.3766510-05:00	00:00:13.6925469
Passed	Sillar.Modules.ServiceOrders.Tests.PhysicalModelPostgresTests	Sillar.Modules.ServiceOrders.Tests.PhysicalModelPostgresTests.Physical_catalog_matches_ADR_classification_and_FKs_are_internal	2026-10-07T19:11:33.4345163-05:00	00:00:10.9359529
Passed	Sillar.Modules.ServiceOrders.Tests.PhysicalModelPostgresTests	Sillar.Modules.ServiceOrders.Tests.PhysicalModelPostgresTests.Status_actor_accepts_complete_human_or_all_null_and_rejects_partial_or_fictitious	2026-10-07T19:11:08.0002987-05:00	00:00:15.3538411
Passed	Sillar.Modules.ServiceOrders.Tests.ReplicationClassificationTests	Sillar.Modules.ServiceOrders.Tests.ReplicationClassificationTests.Four_replicated_entities_start_with_application_UUID_v7_and_series_is_local	2026-10-07T19:10:40.5612492-05:00	00:00:00.2333699
Passed	Sillar.Modules.ServiceOrders.Tests.TransitionPostgresTests	Sillar.Modules.ServiceOrders.Tests.TransitionPostgresTests.A_history_failure_rolls_back_the_state_change	2026-10-07T19:11:23.3572774-05:00	00:00:10.2246214
Passed	Sillar.Modules.ServiceOrders.Tests.TransitionPostgresTests	Sillar.Modules.ServiceOrders.Tests.TransitionPostgresTests.A_legal_transition_commits_state_and_exactly_one_history_row	2026-10-07T19:11:13.9782058-05:00	00:00:09.3629025
Passed	Sillar.Modules.ServiceOrders.Tests.TransitionPostgresTests	Sillar.Modules.ServiceOrders.Tests.TransitionPostgresTests.Invalid_and_missing_orders_produce_no_writes	2026-10-07T19:10:40.5603932-05:00	00:00:33.3106617
Passed	Sillar.Modules.ServiceOrders.Tests.TransitionPostgresTests	Sillar.Modules.ServiceOrders.Tests.TransitionPostgresTests.Two_consumers_with_the_same_expected_state_yield_one_ok_and_one_conflict	2026-10-07T19:11:33.5829599-05:00	00:00:10.7428391
Passed	Sillar.Modules.Services.Tests.ServiceRulesTests	Sillar.Modules.Services.Tests.ServiceRulesTests.Imagen_exige_texto_alternativo	2026-10-07T19:10:25.9966576-05:00	00:00:00.0097609
Passed	Sillar.Modules.Services.Tests.ServiceRulesTests	Sillar.Modules.Services.Tests.ServiceRulesTests.Precio_cero_es_valido_y_distinto_de_nulo	2026-10-07T19:10:25.1884409-05:00	00:00:00.1956179
Passed	Sillar.Modules.Services.Tests.ServiceRulesTests	Sillar.Modules.Services.Tests.ServiceRulesTests.Precio_negativo_se_rechaza	2026-10-07T19:10:25.9178333-05:00	00:00:00.0126876
Passed	Sillar.Modules.Services.Tests.ServiceRulesTests	Sillar.Modules.Services.Tests.ServiceRulesTests.Precio_nulo_es_valido_para_consultar	2026-10-07T19:10:25.9826019-05:00	00:00:00.0126722
Passed	Sillar.Modules.Services.Tests.ServiceRulesTests	Sillar.Modules.Services.Tests.ServiceRulesTests.Publicar_desde_borrador_es_valido	2026-10-07T19:10:25.9692095-05:00	00:00:00.0115834
Passed	Sillar.Modules.Services.Tests.ServiceRulesTests	Sillar.Modules.Services.Tests.ServiceRulesTests.Restaurar_archivado_no_se_inventa	2026-10-07T19:10:25.9456556-05:00	00:00:00.0136145
Passed	Sillar.Modules.Services.Tests.ServiceRulesTests	Sillar.Modules.Services.Tests.ServiceRulesTests.Slug_quita_tildes_y_normaliza_separadores	2026-10-07T19:10:25.6649109-05:00	00:00:00.2407039
Passed	Sillar.Modules.Services.Tests.ServicesPostgresTests	Sillar.Modules.Services.Tests.ServicesPostgresTests.El_99_drop_quita_services_dos_veces_sin_tocar_core_y_la_migracion_reinstala	2026-10-07T19:10:26.5674371-05:00	00:00:16.1281076
Passed	Sillar.Modules.Services.Tests.ServicesPostgresTests	Sillar.Modules.Services.Tests.ServicesPostgresTests.La_direccion_publica_es_unica_sin_distinguir_mayusculas	2026-10-07T19:10:51.7474425-05:00	00:00:00.1470961
Passed	Sillar.Modules.Services.Tests.ServicesPostgresTests	Sillar.Modules.Services.Tests.ServicesPostgresTests.La_fotografia_de_un_servicio_publicado_trae_sus_datos_y_la_url_de_su_imagen	2026-10-07T19:10:52.0369146-05:00	00:00:00.2856201
Passed	Sillar.Modules.Services.Tests.ServicesPostgresTests	Sillar.Modules.Services.Tests.ServicesPostgresTests.La_migracion_crea_solo_el_schema_services_con_su_historial_dentro	2026-10-07T19:10:51.5196333-05:00	00:00:00.1098851
Passed	Sillar.Modules.Services.Tests.ServicesPostgresTests	Sillar.Modules.Services.Tests.ServicesPostgresTests.La_unica_referencia_cruzada_va_de_una_tabla_local_a_una_replicada_como_permite_la_ADR_018	2026-10-07T19:10:51.6348529-05:00	00:00:00.1068129
Passed	Sillar.Modules.Services.Tests.ServicesPostgresTests	Sillar.Modules.Services.Tests.ServicesPostgresTests.La_vitrina_publica_solo_enseña_lo_publicado_en_su_orden	2026-10-07T19:10:50.3874733-05:00	00:00:01.1247893
Passed	Sillar.Modules.Services.Tests.ServicesPostgresTests	Sillar.Modules.Services.Tests.ServicesPostgresTests.Solo_un_servicio_publicado_tiene_fotografia(caso: "archivado")	2026-10-07T19:10:49.4428646-05:00	00:00:00.5947513
Passed	Sillar.Modules.Services.Tests.ServicesPostgresTests	Sillar.Modules.Services.Tests.ServicesPostgresTests.Solo_un_servicio_publicado_tiene_fotografia(caso: "borrador")	2026-10-07T19:10:50.0496540-05:00	00:00:00.3323795
Passed	Sillar.Modules.Services.Tests.ServicesPostgresTests	Sillar.Modules.Services.Tests.ServicesPostgresTests.Solo_un_servicio_publicado_tiene_fotografia(caso: "inexistente")	2026-10-07T19:10:42.9172370-05:00	00:00:06.5173298
Passed	Sillar.Modules.Services.Tests.ServicesPostgresTests	Sillar.Modules.Services.Tests.ServicesPostgresTests.Una_transicion_no_permitida_se_explica_en_castellano	2026-10-07T19:10:51.9027844-05:00	00:00:00.1275809
Passed	Sillar.Modules.Tracking.Tests.ModelContractTests	Sillar.Modules.Tracking.Tests.ModelContractTests.Both_business_tables_are_replicated_with_application_UUID_v7	2026-10-07T19:10:45.5518408-05:00	00:00:00.2547325
Passed	Sillar.Modules.Tracking.Tests.ModelContractTests	Sillar.Modules.Tracking.Tests.ModelContractTests.Lazy_priority_is_nullable_and_negative_values_have_a_model_check	2026-10-07T19:10:46.0323108-05:00	00:00:06.5483740
Passed	Sillar.Modules.Tracking.Tests.ModelContractTests	Sillar.Modules.Tracking.Tests.ModelContractTests.Notes_are_internal_and_only_reference_the_local_tracking_row	2026-10-07T19:10:52.8695001-05:00	00:00:00.6788010
Passed	Sillar.Modules.Tracking.Tests.ModelContractTests	Sillar.Modules.Tracking.Tests.ModelContractTests.There_is_one_tracking_row_per_service_order_without_importing_M05b_entities	2026-10-07T19:10:52.5850235-05:00	00:00:00.2832152
Passed	Sillar.Modules.Tracking.Tests.ModuleContractTests	Sillar.Modules.Tracking.Tests.ModuleContractTests.Module_declares_only_ratified_dependencies	2026-10-07T19:10:46.0364973-05:00	00:00:00.1035790
Passed	Sillar.Modules.Tracking.Tests.ModuleContractTests	Sillar.Modules.Tracking.Tests.ModuleContractTests.Tracking_does_not_reference_the_concrete_ServiceOrders_assembly	2026-10-07T19:10:45.5522643-05:00	00:00:00.2520568
Passed	Sillar.Modules.Tracking.Tests.PhysicalModelPostgresTests	Sillar.Modules.Tracking.Tests.PhysicalModelPostgresTests.Database_enforces_actor_triples_and_rejects_fictitious_actor	2026-10-07T19:11:33.5867426-05:00	00:00:10.7697638
Passed	Sillar.Modules.Tracking.Tests.PhysicalModelPostgresTests	Sillar.Modules.Tracking.Tests.PhysicalModelPostgresTests.Database_enforces_replication_checks_on_both_tables	2026-10-07T19:11:23.3626230-05:00	00:00:10.2213904
Passed	Sillar.Modules.Tracking.Tests.PhysicalModelPostgresTests	Sillar.Modules.Tracking.Tests.PhysicalModelPostgresTests.Database_enforces_unique_tracking_row_and_internal_note_FK	2026-10-07T19:12:07.4210855-05:00	00:00:08.6165465
Passed	Sillar.Modules.Tracking.Tests.PhysicalModelPostgresTests	Sillar.Modules.Tracking.Tests.PhysicalModelPostgresTests.Lazy_row_and_note_allow_null_priority	2026-10-07T19:11:57.7806407-05:00	00:00:09.6385961
Passed	Sillar.Modules.Tracking.Tests.PhysicalModelPostgresTests	Sillar.Modules.Tracking.Tests.PhysicalModelPostgresTests.Migration_materializes_expected_schema_FKs_and_triggers	2026-10-07T19:12:22.6178474-05:00	00:00:03.5459374
Passed	Sillar.Modules.Tracking.Tests.PhysicalModelPostgresTests	Sillar.Modules.Tracking.Tests.PhysicalModelPostgresTests.Migration_rejects_installation_without_hard_dependencies	2026-10-07T19:12:16.0462261-05:00	00:00:06.5689515
Passed	Sillar.Modules.Tracking.Tests.PhysicalModelPostgresTests	Sillar.Modules.Tracking.Tests.PhysicalModelPostgresTests.Negative_priority_is_rejected_by_PostgreSQL_check	2026-10-07T19:11:44.3633589-05:00	00:00:13.4094412
Passed	Sillar.Modules.Tracking.Tests.PhysicalModelPostgresTests	Sillar.Modules.Tracking.Tests.PhysicalModelPostgresTests.Tracking_for_unknown_service_order_is_rejected_by_FK	2026-10-07T19:10:45.5533131-05:00	00:00:22.4509102
Passed	Sillar.Modules.Tracking.Tests.PhysicalModelPostgresTests	Sillar.Modules.Tracking.Tests.PhysicalModelPostgresTests.Updated_at_trigger_runs_for_tracking_and_notes	2026-10-07T19:11:08.1418134-05:00	00:00:15.2097801
Passed	Sillar.Shared.Data.Tests.ReplicationMappingTests	Sillar.Shared.Data.Tests.ReplicationMappingTests.El_nodo_de_origen_es_obligatorio	2026-10-07T19:10:02.4566362-05:00	00:00:00.0073278
Passed	Sillar.Shared.Data.Tests.ReplicationMappingTests	Sillar.Shared.Data.Tests.ReplicationMappingTests.La_fecha_de_alta_la_pone_la_base_y_solo_al_insertar	2026-10-07T19:10:02.3926967-05:00	00:00:00.0571542
Passed	Sillar.Shared.Data.Tests.ReplicationMappingTests	Sillar.Shared.Data.Tests.ReplicationMappingTests.La_fecha_de_cambio_la_pone_el_trigger_al_insertar_y_al_actualizar	2026-10-07T19:10:02.4674456-05:00	00:00:00.0069604
Passed	Sillar.Shared.Data.Tests.ReplicationMappingTests	Sillar.Shared.Data.Tests.ReplicationMappingTests.La_version_nace_en_uno_y_no_la_genera_la_base	2026-10-07T19:10:02.4809802-05:00	00:00:00.0908241
Passed	Sillar.Shared.Data.Tests.ReplicationMappingTests	Sillar.Shared.Data.Tests.ReplicationMappingTests.Las_cuatro_columnas_llevan_el_nombre_en_snake_case_del_esquema	2026-10-07T19:09:54.0813176-05:00	00:00:08.0462120
Passed	Sillar.Shared.Data.Tests.ReplicationMappingTests	Sillar.Shared.Data.Tests.ReplicationMappingTests.Sin_MapReplication_EF_las_nombraria_de_otra_forma	2026-10-07T19:10:02.3669615-05:00	00:00:00.0145305
Passed	Sillar.Shared.Data.Tests.ReplicationStampingTests	Sillar.Shared.Data.Tests.ReplicationStampingTests.Al_modificar_no_se_reescriben_ni_el_origen_ni_la_fecha_de_alta	2026-10-07T19:09:54.0853291-05:00	00:00:08.7915624
Passed	Sillar.Shared.Data.Tests.ReplicationStampingTests	Sillar.Shared.Data.Tests.ReplicationStampingTests.Al_modificar_sube_la_version_y_el_origen_no_se_toca	2026-10-07T19:10:03.3063409-05:00	00:00:00.0084581
Passed	Sillar.Shared.Data.Tests.ReplicationStampingTests	Sillar.Shared.Data.Tests.ReplicationStampingTests.El_borrado_tampoco_sube_la_version	2026-10-07T19:10:03.0544186-05:00	00:00:00.2470324
Passed	Sillar.Shared.Data.Tests.ReplicationStampingTests	Sillar.Shared.Data.Tests.ReplicationStampingTests.Una_fila_nueva_nace_con_el_nodo_la_version_uno_y_las_dos_fechas	2026-10-07T19:10:03.3171891-05:00	00:00:00.0178871
Passed	Sillar.Shared.Data.Tests.ReplicationStampingTests	Sillar.Shared.Data.Tests.ReplicationStampingTests.Una_fila_sin_cambios_no_se_sella	2026-10-07T19:10:02.9891514-05:00	00:00:00.0576691
Passed	Sillar.Shared.Tests.ModuleActivationSafetyTests	Sillar.Shared.Tests.ModuleActivationSafetyTests.Activar_con_las_dependencias_duras_activas_si_esta_permitido	2026-10-07T19:09:54.3270680-05:00	00:00:00.0064088
Passed	Sillar.Shared.Tests.ModuleActivationSafetyTests	Sillar.Shared.Tests.ModuleActivationSafetyTests.Activar_con_una_dependencia_dura_inactiva_no_esta_permitido	2026-10-07T19:09:54.3713468-05:00	00:00:00.0063621
Passed	Sillar.Shared.Tests.ModuleActivationSafetyTests	Sillar.Shared.Tests.ModuleActivationSafetyTests.Desactivar_CORE_dejaria_a_todos_los_activos_sin_su_dependencia_dura	2026-10-07T19:09:53.7901937-05:00	00:00:00.2124021
Passed	Sillar.Shared.Tests.ModuleActivationSafetyTests	Sillar.Shared.Tests.ModuleActivationSafetyTests.Desactivar_en_orden_inverso_a_las_dependencias_si_esta_permitido	2026-10-07T19:09:54.3903061-05:00	00:00:00.0006364
Passed	Sillar.Shared.Tests.ModuleActivationSafetyTests	Sillar.Shared.Tests.ModuleActivationSafetyTests.Desactivar_un_modulo_del_que_otro_activo_depende_duro_no_esta_permitido	2026-10-07T19:09:54.3348792-05:00	00:00:00.0309748
Passed	Sillar.Shared.Tests.ModuleActivationSafetyTests	Sillar.Shared.Tests.ModuleActivationSafetyTests.Ninguna_secuencia_de_operaciones_permitidas_deja_el_sistema_sin_arrancar	2026-10-07T19:09:54.2505188-05:00	00:00:00.0742338
Passed	Sillar.Shared.Tests.ModuleActivationSafetyTests	Sillar.Shared.Tests.ModuleActivationSafetyTests.Una_dependencia_blanda_inactiva_no_impide_activar	2026-10-07T19:09:54.3972475-05:00	00:00:00.0005164
Passed	Sillar.Shared.Tests.ModuleActivationSafetyTests	Sillar.Shared.Tests.ModuleActivationSafetyTests.Una_dependencia_blanda_no_impide_desactivar_al_otro	2026-10-07T19:09:54.3842344-05:00	00:00:00.0006888
Passed	Sillar.Shared.Tests.ModuleActivationTests	Sillar.Shared.Tests.ModuleActivationTests.Con_todas_las_dependencias_duras_activas_no_hay_problema	2026-10-07T19:09:54.2459090-05:00	00:00:00.0260461
Passed	Sillar.Shared.Tests.ModuleActivationTests	Sillar.Shared.Tests.ModuleActivationTests.Lo_que_esta_apagado_no_se_juzga	2026-10-07T19:09:54.4238171-05:00	00:00:00.0010176
Passed	Sillar.Shared.Tests.ModuleActivationTests	Sillar.Shared.Tests.ModuleActivationTests.Se_reportan_todas_las_dependencias_que_faltan_no_solo_la_primera	2026-10-07T19:09:53.7866418-05:00	00:00:00.2470761
Passed	Sillar.Shared.Tests.ModuleActivationTests	Sillar.Shared.Tests.ModuleActivationTests.Un_modulo_activo_con_su_dependencia_dura_apagada_es_un_problema	2026-10-07T19:09:54.2869579-05:00	00:00:00.1355117
Passed	Sillar.Shared.Tests.ModuleActivationTests	Sillar.Shared.Tests.ModuleActivationTests.Una_dependencia_blanda_apagada_no_es_un_problema	2026-10-07T19:09:54.4264162-05:00	00:00:00.0025675
Passed	Sillar.Shared.Tests.ModuleActiveButUndeclaredTests	Sillar.Shared.Tests.ModuleActiveButUndeclaredTests.Lo_inactivo_y_ausente_no_es_un_problema	2026-10-07T19:09:54.2544285-05:00	00:00:00.0352659
Passed	Sillar.Shared.Tests.ModuleActiveButUndeclaredTests	Sillar.Shared.Tests.ModuleActiveButUndeclaredTests.Se_nombran_todos_los_que_faltan_no_solo_el_primero	2026-10-07T19:09:53.7922516-05:00	00:00:00.3628067
Passed	Sillar.Shared.Tests.ModuleActiveButUndeclaredTests	Sillar.Shared.Tests.ModuleActiveButUndeclaredTests.Si_todo_lo_activo_en_la_base_esta_declarado_no_hay_problema	2026-10-07T19:09:54.3042504-05:00	00:00:00.0006054
Passed	Sillar.Shared.Tests.ModuleActiveButUndeclaredTests	Sillar.Shared.Tests.ModuleActiveButUndeclaredTests.Sin_ningun_codigo_activo_no_hay_nada_que_reportar	2026-10-07T19:09:54.3354455-05:00	00:00:00.0284897
Passed	Sillar.Shared.Tests.ModuleActiveButUndeclaredTests	Sillar.Shared.Tests.ModuleActiveButUndeclaredTests.Un_codigo_activo_que_el_binario_no_trae_se_nombra	2026-10-07T19:09:54.3141814-05:00	00:00:00.0204214
Passed	Sillar.Shared.Tests.ModuleGraphTests	Sillar.Shared.Tests.ModuleGraphTests.Declarar_la_misma_dependencia_dura_y_blanda_avisa_y_manda_la_dura	2026-10-07T19:09:54.4152614-05:00	00:00:00.0016352
Passed	Sillar.Shared.Tests.ModuleGraphTests	Sillar.Shared.Tests.ModuleGraphTests.Dos_modulos_con_el_mismo_codigo_abortan	2026-10-07T19:09:54.5102851-05:00	00:00:00.0011473
Passed	Sillar.Shared.Tests.ModuleGraphTests	Sillar.Shared.Tests.ModuleGraphTests.El_orden_deja_cada_modulo_detras_de_sus_dependencias	2026-10-07T19:09:54.3097182-05:00	00:00:00.0942865
Passed	Sillar.Shared.Tests.ModuleGraphTests	Sillar.Shared.Tests.ModuleGraphTests.El_orden_no_depende_de_como_lleguen_los_modulos	2026-10-07T19:09:54.4705964-05:00	00:00:00.0090420
Passed	Sillar.Shared.Tests.ModuleGraphTests	Sillar.Shared.Tests.ModuleGraphTests.Sin_CORE_no_se_puede_arrancar	2026-10-07T19:09:54.2536261-05:00	00:00:00.0441568
Passed	Sillar.Shared.Tests.ModuleGraphTests	Sillar.Shared.Tests.ModuleGraphTests.Sin_ningun_modulo_no_se_puede_arrancar	2026-10-07T19:09:54.4207835-05:00	00:00:00.0048669
Passed	Sillar.Shared.Tests.ModuleGraphTests	Sillar.Shared.Tests.ModuleGraphTests.Un_ciclo_a_traves_de_una_dependencia_blanda_tambien_aborta	2026-10-07T19:09:54.4268745-05:00	00:00:00.0109449
Passed	Sillar.Shared.Tests.ModuleGraphTests	Sillar.Shared.Tests.ModuleGraphTests.Un_ciclo_aborta_e_indica_el_camino	2026-10-07T19:09:54.5169245-05:00	00:00:00.0025758
Passed	Sillar.Shared.Tests.ModuleGraphTests	Sillar.Shared.Tests.ModuleGraphTests.Un_codigo_que_no_sirve_como_schema_aborta(codigo: "")	2026-10-07T19:09:54.2327621-05:00	00:00:00.0046781
Passed	Sillar.Shared.Tests.ModuleGraphTests	Sillar.Shared.Tests.ModuleGraphTests.Un_codigo_que_no_sirve_como_schema_aborta(codigo: "1catalog")	2026-10-07T19:09:54.2455207-05:00	00:00:00.0000840
Passed	Sillar.Shared.Tests.ModuleGraphTests	Sillar.Shared.Tests.ModuleGraphTests.Un_codigo_que_no_sirve_como_schema_aborta(codigo: "Catalog")	2026-10-07T19:09:54.2463939-05:00	00:00:00.0001085
Passed	Sillar.Shared.Tests.ModuleGraphTests	Sillar.Shared.Tests.ModuleGraphTests.Un_codigo_que_no_sirve_como_schema_aborta(codigo: "c")	2026-10-07T19:09:54.2496725-05:00	00:00:00.0001093
Passed	Sillar.Shared.Tests.ModuleGraphTests	Sillar.Shared.Tests.ModuleGraphTests.Un_codigo_que_no_sirve_como_schema_aborta(codigo: "cata-logo")	2026-10-07T19:09:53.7921925-05:00	00:00:00.2233350
Passed	Sillar.Shared.Tests.ModuleGraphTests	Sillar.Shared.Tests.ModuleGraphTests.Un_codigo_que_no_sirve_como_schema_aborta(codigo: "catalogo_con_un_nombre_larguisimo_que_pasa_de_cuar"···)	2026-10-07T19:09:54.2384426-05:00	00:00:00.0001193
Passed	Sillar.Shared.Tests.ModuleGraphTests	Sillar.Shared.Tests.ModuleGraphTests.Un_grafo_correcto_es_valido	2026-10-07T19:09:54.5128130-05:00	00:00:00.0011799
Passed	Sillar.Shared.Tests.ModuleGraphTests	Sillar.Shared.Tests.ModuleGraphTests.Un_modulo_que_depende_de_si_mismo_aborta	2026-10-07T19:09:54.4907340-05:00	00:00:00.0032190
Passed	Sillar.Shared.Tests.ModuleGraphTests	Sillar.Shared.Tests.ModuleGraphTests.Un_modulo_que_no_declara_CORE_aborta	2026-10-07T19:09:54.5243582-05:00	00:00:00.0012506
Passed	Sillar.Shared.Tests.ModuleGraphTests	Sillar.Shared.Tests.ModuleGraphTests.Un_modulo_sin_descripcion_aborta(descripcion: "   ")	2026-10-07T19:09:54.5080506-05:00	00:00:00.0006623
Passed	Sillar.Shared.Tests.ModuleGraphTests	Sillar.Shared.Tests.ModuleGraphTests.Un_modulo_sin_descripcion_aborta(descripcion: "")	2026-10-07T19:09:54.5037261-05:00	00:00:00.0012064
Passed	Sillar.Shared.Tests.ModuleGraphTests	Sillar.Shared.Tests.ModuleGraphTests.Un_nombre_visible_vacio_aborta	2026-10-07T19:09:54.5212335-05:00	00:00:00.0013216
Passed	Sillar.Shared.Tests.ModuleGraphTests	Sillar.Shared.Tests.ModuleGraphTests.Una_dependencia_blanda_inexistente_solo_avisa	2026-10-07T19:09:54.4835450-05:00	00:00:00.0034219
Passed	Sillar.Shared.Tests.ModuleGraphTests	Sillar.Shared.Tests.ModuleGraphTests.Una_dependencia_dura_hacia_un_modulo_inexistente_aborta	2026-10-07T19:09:54.4955780-05:00	00:00:00.0043765
Passed	Sillar.Shared.Tests.ModuleGraphTests	Sillar.Shared.Tests.ModuleGraphTests.Una_descripcion_que_no_cabe_en_la_columna_aborta	2026-10-07T19:09:54.4080907-05:00	00:00:00.0039438
Passed	Sillar.Shared.Tests.ModuleGraphTests	Sillar.Shared.Tests.ModuleGraphTests.Una_posicion_negativa_en_el_panel_aborta	2026-10-07T19:09:54.4573914-05:00	00:00:00.0073355
Passed	Sillar.Shared.Tests.ModuleGraphTests	Sillar.Shared.Tests.ModuleGraphTests.Una_version_mal_formada_aborta(version: "")	2026-10-07T19:09:54.4515179-05:00	00:00:00.0001187
Passed	Sillar.Shared.Tests.ModuleGraphTests	Sillar.Shared.Tests.ModuleGraphTests.Una_version_mal_formada_aborta(version: "1.0")	2026-10-07T19:09:54.4494603-05:00	00:00:00.0009974
Passed	Sillar.Shared.Tests.ModuleGraphTests	Sillar.Shared.Tests.ModuleGraphTests.Una_version_mal_formada_aborta(version: "v1.0.0")	2026-10-07T19:09:54.4442151-05:00	00:00:00.0019837
Passed	Sillar.Shared.Tests.PagingTests	Sillar.Shared.Tests.PagingTests.El_salto_corresponde_a_la_pagina_pedida	2026-10-07T19:09:54.3086995-05:00	00:00:00.0082048
Passed	Sillar.Shared.Tests.PagingTests	Sillar.Shared.Tests.PagingTests.El_total_de_paginas_redondea_hacia_arriba	2026-10-07T19:09:54.3282602-05:00	00:00:00.0010901
Passed	Sillar.Shared.Tests.PagingTests	Sillar.Shared.Tests.PagingTests.La_ultima_pagina_no_tiene_siguiente	2026-10-07T19:09:53.7912361-05:00	00:00:00.2013173
Passed	Sillar.Shared.Tests.PagingTests	Sillar.Shared.Tests.PagingTests.No_se_puede_pedir_mas_del_maximo	2026-10-07T19:09:54.3807912-05:00	00:00:00.0048012
Passed	Sillar.Shared.Tests.PagingTests	Sillar.Shared.Tests.PagingTests.Sin_pedir_nada_se_devuelve_la_primera_pagina_de_cincuenta	2026-10-07T19:09:54.3476124-05:00	00:00:00.0318790
Passed	Sillar.Shared.Tests.PagingTests	Sillar.Shared.Tests.PagingTests.Sin_resultados_no_hay_paginas_ni_siguiente	2026-10-07T19:09:54.4052920-05:00	00:00:00.0006472
Passed	Sillar.Shared.Tests.PagingTests	Sillar.Shared.Tests.PagingTests.Un_tamano_de_cero_o_negativo_se_lleva_al_minimo	2026-10-07T19:09:54.3951638-05:00	00:00:00.0006968
Passed	Sillar.Shared.Tests.PagingTests	Sillar.Shared.Tests.PagingTests.Una_pagina_por_debajo_de_uno_se_trata_como_la_primera(pedida: -3)	2026-10-07T19:09:54.2935429-05:00	00:00:00.0008051
Passed	Sillar.Shared.Tests.PagingTests	Sillar.Shared.Tests.PagingTests.Una_pagina_por_debajo_de_uno_se_trata_como_la_primera(pedida: 0)	2026-10-07T19:09:54.2567628-05:00	00:00:00.0248462
