outcome	clase	prueba	inicio	duracion
Failed	Sillar.Api.Tests.ArranqueConModuloActivoAusenteTests	Sillar.Api.Tests.ArranqueConModuloActivoAusenteTests.Un_modulo_activo_que_el_binario_no_trae_impide_arrancar_al_host	2026-10-08T14:30:44.5117073-05:00	00:01:50.4456672
Failed	Sillar.Api.Tests.CierreM04SeguridadYCorreoTests	Sillar.Api.Tests.CierreM04SeguridadYCorreoTests.Criterio13_password_de_registro_no_aparece_en_respuesta_logs_ni_auditoria	2026-10-08T14:30:44.5724188-05:00	00:01:54.2070881
Failed	Sillar.Api.Tests.CierreM04SeguridadYCorreoTests	Sillar.Api.Tests.CierreM04SeguridadYCorreoTests.Criterio17_fallo_de_correo_de_un_registro_concreto_es_visible_para_admin	2026-10-08T14:32:38.7998681-05:00	00:02:53.2854050
Passed	Sillar.Api.Tests.ModulosEnElDespliegueTests	Sillar.Api.Tests.ModulosEnElDespliegueTests.Cada_modulo_del_repositorio_tiene_su_ensamblado_junto_al_host	2026-10-08T14:30:44.5153756-05:00	00:00:00.1254844
Failed	Sillar.Core.Tests.ActivacionConSchemaTests	Sillar.Core.Tests.ActivacionConSchemaTests.Al_negarse_el_estado_previo_queda_intacto	2026-10-08T14:31:36.3031395-05:00	00:00:40.1415735
Failed	Sillar.Core.Tests.ActivacionConSchemaTests	Sillar.Core.Tests.ActivacionConSchemaTests.Con_su_schema_presente_el_modulo_se_activa	2026-10-08T14:35:13.8008329-05:00	00:01:41.1457642
Passed	Sillar.Core.Tests.ActivacionConSchemaTests	Sillar.Core.Tests.ActivacionConSchemaTests.El_error_nombra_el_modulo_el_schema_la_base_y_que_hacer	2026-10-08T14:31:06.0559604-05:00	00:00:05.5148399
Failed	Sillar.Core.Tests.ActivacionConSchemaTests	Sillar.Core.Tests.ActivacionConSchemaTests.Los_modulos_de_demostracion_sin_schema_se_siguen_activando	2026-10-08T14:32:16.4550756-05:00	00:01:42.9018907
Failed	Sillar.Core.Tests.ActivacionConSchemaTests	Sillar.Core.Tests.ActivacionConSchemaTests.Sin_su_schema_el_modulo_no_se_activa	2026-10-08T14:33:59.3740854-05:00	00:01:14.4153971
Passed	Sillar.Core.Tests.ActivacionConSchemaTests	Sillar.Core.Tests.ActivacionConSchemaTests.Tras_una_instalacion_correcta_los_modulos_reales_tienen_su_schema_y_se_activan	2026-10-08T14:31:11.5865396-05:00	00:00:24.7151888
Passed	Sillar.Core.Tests.ActivacionConSchemaTests	Sillar.Core.Tests.ActivacionConSchemaTests.Un_modulo_real_sin_su_schema_no_se_activa_aunque_otros_si_lo_tengan	2026-10-08T14:30:43.2386725-05:00	00:00:22.8157583
Passed	Sillar.Core.Tests.ActivacionConSchemaTests	Sillar.Core.Tests.ActivacionConSchemaTests.Una_averia_distinta_no_se_convierte_en_falta_el_schema	2026-10-08T14:33:59.3611179-05:00	00:00:00.0114759
Passed	Sillar.Core.Tests.AdminClaimIsolationTests	Sillar.Core.Tests.AdminClaimIsolationTests.Claim_csrf_administrativo_si_se_resuelve	2026-10-08T14:30:43.3283045-05:00	00:00:00.0095493
Passed	Sillar.Core.Tests.AdminClaimIsolationTests	Sillar.Core.Tests.AdminClaimIsolationTests.Claim_csrf_generico_anterior_no_es_claim_administrativo	2026-10-08T14:30:43.3671607-05:00	00:00:00.0079607
Passed	Sillar.Core.Tests.AdminClaimIsolationTests	Sillar.Core.Tests.AdminClaimIsolationTests.Claims_administrativos_tienen_namespace_propio	2026-10-08T14:30:43.4243492-05:00	00:00:00.0012654
Passed	Sillar.Core.Tests.AdminClaimIsolationTests	Sillar.Core.Tests.AdminClaimIsolationTests.CurrentAdmin_ignora_claims_de_cliente	2026-10-08T14:30:43.3838119-05:00	00:00:00.0346160
Passed	Sillar.Core.Tests.AdminClaimIsolationTests	Sillar.Core.Tests.AdminClaimIsolationTests.CurrentAdmin_ignora_session_id_generico_anterior	2026-10-08T14:30:43.4771702-05:00	00:00:00.0043695
Passed	Sillar.Core.Tests.AdminClaimIsolationTests	Sillar.Core.Tests.AdminClaimIsolationTests.CurrentAdmin_lee_session_id_administrativo	2026-10-08T14:30:43.4286969-05:00	00:00:00.0378350
Passed	Sillar.Core.Tests.ArranqueContraBaseVaciaTests	Sillar.Core.Tests.ArranqueContraBaseVaciaTests.El_modo_instalacion_monta_las_dos_rutas_de_setup_y_ninguna_mas	2026-10-08T14:31:02.0134954-05:00	00:00:00.9636112
Passed	Sillar.Core.Tests.ArranqueContraBaseVaciaTests	Sillar.Core.Tests.ArranqueContraBaseVaciaTests.GET_setup_status_contra_base_vacia_responde_200_y_no_un_500	2026-10-08T14:31:02.9963599-05:00	00:00:00.7608255
Passed	Sillar.Core.Tests.ArranqueContraBaseVaciaTests	Sillar.Core.Tests.ArranqueContraBaseVaciaTests.La_misma_base_cambia_de_estado_al_aplicarle_las_migraciones	2026-10-08T14:30:59.2544311-05:00	00:00:02.7548972
Passed	Sillar.Core.Tests.ArranqueContraBaseVaciaTests	Sillar.Core.Tests.ArranqueContraBaseVaciaTests.Sin_migraciones_el_estado_es_faltan_migraciones_y_no_una_excepcion	2026-10-08T14:30:42.3047820-05:00	00:00:16.8976537
Passed	Sillar.Core.Tests.ArranqueContraBaseVaciaTests	Sillar.Core.Tests.ArranqueContraBaseVaciaTests.Un_error_de_PostgreSQL_que_NO_es_42P01_no_se_traga	2026-10-08T14:31:03.7704591-05:00	00:00:01.8403341
Passed	Sillar.Core.Tests.AutenticacionSinAlmacenDeSesionesTests	Sillar.Core.Tests.AutenticacionSinAlmacenDeSesionesTests.Base_pristina_y_cookie_vieja_el_instalador_termina_y_la_cookie_nunca_autentica	2026-10-08T14:31:06.0569745-05:00	00:00:35.1157601
Passed	Sillar.Core.Tests.AutenticacionSinAlmacenDeSesionesTests	Sillar.Core.Tests.AutenticacionSinAlmacenDeSesionesTests.Con_cookie_vieja_y_sin_core_setup_status_responde_y_una_ruta_protegida_da_401	2026-10-08T14:30:59.5897598-05:00	00:00:06.4105774
Passed	Sillar.Core.Tests.AutenticacionSinAlmacenDeSesionesTests	Sillar.Core.Tests.AutenticacionSinAlmacenDeSesionesTests.Con_cookie_y_sin_tabla_de_sesiones_no_hay_resultado_y_no_hay_identidad	2026-10-08T14:30:56.4464113-05:00	00:00:02.8943370
Failed	Sillar.Core.Tests.AutenticacionSinAlmacenDeSesionesTests	Sillar.Core.Tests.AutenticacionSinAlmacenDeSesionesTests.Con_la_tabla_presente_y_una_sesion_valida_autentica_con_normalidad	2026-10-08T14:32:15.1721183-05:00	00:03:16.7300483
Failed	Sillar.Core.Tests.AutenticacionSinAlmacenDeSesionesTests	Sillar.Core.Tests.AutenticacionSinAlmacenDeSesionesTests.Cuando_aparecen_las_tablas_el_handler_vuelve_a_consultar_con_normalidad	2026-10-08T14:36:16.5715250-05:00	00:02:46.8738065
Failed	Sillar.Core.Tests.AutenticacionSinAlmacenDeSesionesTests	Sillar.Core.Tests.AutenticacionSinAlmacenDeSesionesTests.Sin_cookie_no_hay_resultado_como_siempre	2026-10-08T14:31:41.1787725-05:00	00:00:33.9591725
Failed	Sillar.Core.Tests.AutenticacionSinAlmacenDeSesionesTests	Sillar.Core.Tests.AutenticacionSinAlmacenDeSesionesTests.Un_42P01_de_otra_relacion_no_se_traga	2026-10-08T14:35:31.9064075-05:00	00:00:44.6603881
Passed	Sillar.Core.Tests.AutenticacionSinAlmacenDeSesionesTests	Sillar.Core.Tests.AutenticacionSinAlmacenDeSesionesTests.Un_UndefinedColumn_no_se_traga	2026-10-08T14:39:03.4539682-05:00	00:00:39.8360958
Passed	Sillar.Core.Tests.AutenticacionSinAlmacenDeSesionesTests	Sillar.Core.Tests.AutenticacionSinAlmacenDeSesionesTests.Una_base_inexistente_no_se_convierte_en_ausencia	2026-10-08T14:30:43.0341101-05:00	00:00:13.3190905
Passed	Sillar.Core.Tests.AutenticacionSinAlmacenDeSesionesTests	Sillar.Core.Tests.AutenticacionSinAlmacenDeSesionesTests.Una_conexion_caida_no_se_convierte_en_ausencia	2026-10-08T14:30:59.3528672-05:00	00:00:00.2290597
Passed	Sillar.Core.Tests.ContentSnifferTests	Sillar.Core.Tests.ContentSnifferTests.Otros_formatos_conocidos_se_rechazan(firma: "%PDF-1.7")	2026-10-08T14:30:42.8976650-05:00	00:00:00.0000649
Passed	Sillar.Core.Tests.ContentSnifferTests	Sillar.Core.Tests.ContentSnifferTests.Otros_formatos_conocidos_se_rechazan(firma: "GIF89a")	2026-10-08T14:30:42.8172436-05:00	00:00:00.0462249
Passed	Sillar.Core.Tests.ContentSnifferTests	Sillar.Core.Tests.ContentSnifferTests.Otros_formatos_conocidos_se_rechazan(firma: "PK\x03\x04")	2026-10-08T14:30:42.8870848-05:00	00:00:00.0000582
Passed	Sillar.Core.Tests.ContentSnifferTests	Sillar.Core.Tests.ContentSnifferTests.Otros_formatos_conocidos_se_rechazan(firma: "\x1f")	2026-10-08T14:30:42.8681275-05:00	00:00:00.0179586
Passed	Sillar.Core.Tests.ContentSnifferTests	Sillar.Core.Tests.ContentSnifferTests.Un_archivo_con_extension_png_pero_otro_contenido_se_rechaza	2026-10-08T14:30:42.9040806-05:00	00:00:00.0063997
Passed	Sillar.Core.Tests.ContentSnifferTests	Sillar.Core.Tests.ContentSnifferTests.Un_archivo_vacio_o_truncado_se_rechaza	2026-10-08T14:30:42.9115206-05:00	00:00:00.0004261
Passed	Sillar.Core.Tests.ContentSnifferTests	Sillar.Core.Tests.ContentSnifferTests.Un_jpeg_se_reconoce_por_su_firma	2026-10-08T14:30:43.1108535-05:00	00:00:00.0241592
Passed	Sillar.Core.Tests.ContentSnifferTests	Sillar.Core.Tests.ContentSnifferTests.Un_png_se_reconoce_por_su_firma	2026-10-08T14:30:43.1590109-05:00	00:00:00.0011385
Passed	Sillar.Core.Tests.ContentSnifferTests	Sillar.Core.Tests.ContentSnifferTests.Un_riff_que_no_es_webp_se_rechaza	2026-10-08T14:30:43.1412397-05:00	00:00:00.0006311
Passed	Sillar.Core.Tests.ContentSnifferTests	Sillar.Core.Tests.ContentSnifferTests.Un_svg_sin_declaracion_xml_tambien_se_rechaza	2026-10-08T14:30:42.8989693-05:00	00:00:00.0037677
Passed	Sillar.Core.Tests.ContentSnifferTests	Sillar.Core.Tests.ContentSnifferTests.Un_svg_valido_se_rechaza	2026-10-08T14:30:43.1531528-05:00	00:00:00.0004199
Passed	Sillar.Core.Tests.ContentSnifferTests	Sillar.Core.Tests.ContentSnifferTests.Un_webp_se_reconoce_en_sus_tres_variantes(variante: "VP8 ")	2026-10-08T14:30:42.9375453-05:00	00:00:00.1479615
Passed	Sillar.Core.Tests.ContentSnifferTests	Sillar.Core.Tests.ContentSnifferTests.Un_webp_se_reconoce_en_sus_tres_variantes(variante: "VP8L")	2026-10-08T14:30:43.1015841-05:00	00:00:00.0001273
Passed	Sillar.Core.Tests.ContentSnifferTests	Sillar.Core.Tests.ContentSnifferTests.Un_webp_se_reconoce_en_sus_tres_variantes(variante: "VP8X")	2026-10-08T14:30:43.0863151-05:00	00:00:00.0008206
Passed	Sillar.Core.Tests.CsrfTokenFactoryTests	Sillar.Core.Tests.CsrfTokenFactoryTests.Dos_instalaciones_distintas_dan_tokens_distintos_para_la_misma_sesion	2026-10-08T14:30:42.8996264-05:00	00:00:00.0052485
Passed	Sillar.Core.Tests.CsrfTokenFactoryTests	Sillar.Core.Tests.CsrfTokenFactoryTests.Dos_sesiones_distintas_dan_tokens_distintos	2026-10-08T14:30:42.8101856-05:00	00:00:00.0721862
Passed	Sillar.Core.Tests.CsrfTokenFactoryTests	Sillar.Core.Tests.CsrfTokenFactoryTests.El_hash_que_se_guarda_no_contiene_el_token	2026-10-08T14:30:42.6736345-05:00	00:00:00.0044724
Passed	Sillar.Core.Tests.CsrfTokenFactoryTests	Sillar.Core.Tests.CsrfTokenFactoryTests.El_token_no_revela_la_sesion_ni_la_clave_de_instalacion	2026-10-08T14:30:42.2894130-05:00	00:00:00.1516420
Passed	Sillar.Core.Tests.CsrfTokenFactoryTests	Sillar.Core.Tests.CsrfTokenFactoryTests.El_token_viaja_en_una_cabecera_sin_escapar_nada	2026-10-08T14:30:42.7075862-05:00	00:00:00.1013966
Passed	Sillar.Core.Tests.CsrfTokenFactoryTests	Sillar.Core.Tests.CsrfTokenFactoryTests.La_etiqueta_de_derivacion_esta_versionada	2026-10-08T14:30:42.6648644-05:00	00:00:00.0074405
Passed	Sillar.Core.Tests.CsrfTokenFactoryTests	Sillar.Core.Tests.CsrfTokenFactoryTests.La_misma_sesion_da_siempre_el_mismo_token	2026-10-08T14:30:42.8917199-05:00	00:00:00.0004688
Passed	Sillar.Core.Tests.CsrfTokenFactoryTests	Sillar.Core.Tests.CsrfTokenFactoryTests.Reiniciar_el_proceso_no_cambia_el_token_de_una_sesion_viva	2026-10-08T14:30:42.6349448-05:00	00:00:00.0158699
Passed	Sillar.Core.Tests.CsrfTokenFactoryTests	Sillar.Core.Tests.CsrfTokenFactoryTests.Una_clave_de_instalacion_que_solo_difiere_en_un_bit_da_otro_token	2026-10-08T14:30:42.9061402-05:00	00:00:00.0067407
Passed	Sillar.Core.Tests.CsrfTokenFactoryTests	Sillar.Core.Tests.CsrfTokenFactoryTests.Una_clave_de_instalacion_vacia_se_rechaza	2026-10-08T14:30:42.6824028-05:00	00:00:00.0157663
Passed	Sillar.Core.Tests.EmailTestStatusContractTests	Sillar.Core.Tests.EmailTestStatusContractTests.Estado_smtp_no_expone_secretos	2026-10-08T14:30:43.1665413-05:00	00:00:00.0449472
Passed	Sillar.Core.Tests.EmailTestStatusContractTests	Sillar.Core.Tests.EmailTestStatusContractTests.Estado_smtp_representa_nunca_probado_sin_inventar_fecha	2026-10-08T14:30:43.2124996-05:00	00:00:00.0061182
Passed	Sillar.Core.Tests.HostRestarterTests	Sillar.Core.Tests.HostRestarterTests.Con_la_bandera_en_false_el_host_no_se_detiene	2026-10-08T14:30:42.6221707-05:00	00:00:00.1257745
Passed	Sillar.Core.Tests.HostRestarterTests	Sillar.Core.Tests.HostRestarterTests.Con_la_bandera_en_true_la_parada_se_programa_para_despues_de_la_respuesta	2026-10-08T14:30:42.7655072-05:00	00:00:00.0097270
Passed	Sillar.Core.Tests.HostRestarterTests	Sillar.Core.Tests.HostRestarterTests.La_parada_incondicional_tampoco_ocurre_antes_de_la_respuesta	2026-10-08T14:30:42.2891527-05:00	00:00:00.1686641
Passed	Sillar.Core.Tests.HostRestarterTests	Sillar.Core.Tests.HostRestarterTests.Sin_configuracion_el_host_no_se_detiene	2026-10-08T14:30:42.7547370-05:00	00:00:00.0004242
Passed	Sillar.Core.Tests.ImageDimensionsTests	Sillar.Core.Tests.ImageDimensionsTests.En_jpeg_el_alto_va_antes_que_el_ancho	2026-10-08T14:30:43.6805438-05:00	00:00:00.0011175
Passed	Sillar.Core.Tests.ImageDimensionsTests	Sillar.Core.Tests.ImageDimensionsTests.En_jpeg_se_saltan_los_marcadores_previos	2026-10-08T14:30:43.6380084-05:00	00:00:00.0120806
Passed	Sillar.Core.Tests.ImageDimensionsTests	Sillar.Core.Tests.ImageDimensionsTests.Las_dimensiones_de_un_jpeg_se_leen_del_inicio_de_fotograma(ancho: 1920, alto: 1080)	2026-10-08T14:30:43.6595887-05:00	00:00:00.0005063
Passed	Sillar.Core.Tests.ImageDimensionsTests	Sillar.Core.Tests.ImageDimensionsTests.Las_dimensiones_de_un_jpeg_se_leen_del_inicio_de_fotograma(ancho: 800, alto: 600)	2026-10-08T14:30:43.6608787-05:00	00:00:00.0067971
Passed	Sillar.Core.Tests.ImageDimensionsTests	Sillar.Core.Tests.ImageDimensionsTests.Las_dimensiones_de_un_png_se_leen_del_IHDR(ancho: 1, alto: 1)	2026-10-08T14:30:43.6125797-05:00	00:00:00.0108577
Passed	Sillar.Core.Tests.ImageDimensionsTests	Sillar.Core.Tests.ImageDimensionsTests.Las_dimensiones_de_un_png_se_leen_del_IHDR(ancho: 4096, alto: 2160)	2026-10-08T14:30:43.6267278-05:00	00:00:00.0000760
Passed	Sillar.Core.Tests.ImageDimensionsTests	Sillar.Core.Tests.ImageDimensionsTests.Las_dimensiones_de_un_png_se_leen_del_IHDR(ancho: 800, alto: 600)	2026-10-08T14:30:43.5897750-05:00	00:00:00.0011291
Passed	Sillar.Core.Tests.ImageDimensionsTests	Sillar.Core.Tests.ImageDimensionsTests.Las_dimensiones_de_un_webp_se_leen_en_sus_tres_variantes(variante: "VP8 ", ancho: 640, alto: 480)	2026-10-08T14:30:43.5812019-05:00	00:00:00.0001180
Passed	Sillar.Core.Tests.ImageDimensionsTests	Sillar.Core.Tests.ImageDimensionsTests.Las_dimensiones_de_un_webp_se_leen_en_sus_tres_variantes(variante: "VP8L", ancho: 1, alto: 1)	2026-10-08T14:30:43.4978353-05:00	00:00:00.0507554
Passed	Sillar.Core.Tests.ImageDimensionsTests	Sillar.Core.Tests.ImageDimensionsTests.Las_dimensiones_de_un_webp_se_leen_en_sus_tres_variantes(variante: "VP8L", ancho: 640, alto: 480)	2026-10-08T14:30:43.5653914-05:00	00:00:00.0000995
Passed	Sillar.Core.Tests.ImageDimensionsTests	Sillar.Core.Tests.ImageDimensionsTests.Las_dimensiones_de_un_webp_se_leen_en_sus_tres_variantes(variante: "VP8X", ancho: 16383, alto: 16383)	2026-10-08T14:30:43.5557216-05:00	00:00:00.0085970
Passed	Sillar.Core.Tests.ImageDimensionsTests	Sillar.Core.Tests.ImageDimensionsTests.Las_dimensiones_de_un_webp_se_leen_en_sus_tres_variantes(variante: "VP8X", ancho: 640, alto: 480)	2026-10-08T14:30:43.5722372-05:00	00:00:00.0000928
Passed	Sillar.Core.Tests.ImageDimensionsTests	Sillar.Core.Tests.ImageDimensionsTests.Un_jpeg_sin_inicio_de_fotograma_devuelve_nulo_y_no_se_queda_dando_vueltas	2026-10-08T14:30:43.6842579-05:00	00:00:00.0004650
Passed	Sillar.Core.Tests.ImageDimensionsTests	Sillar.Core.Tests.ImageDimensionsTests.Un_webp_de_variante_desconocida_devuelve_nulo	2026-10-08T14:30:43.6829049-05:00	00:00:00.0004726
Passed	Sillar.Core.Tests.ImageDimensionsTests	Sillar.Core.Tests.ImageDimensionsTests.Una_cabecera_truncada_devuelve_nulo_sin_reventar	2026-10-08T14:30:43.6688039-05:00	00:00:00.0062331
Passed	Sillar.Core.Tests.InstalacionDeModulosTests	Sillar.Core.Tests.InstalacionDeModulosTests.Base_pristina_la_instalacion_deja_todos_los_schemas_desplegados_y_termina_operativa	2026-10-08T14:39:18.3425598-05:00	00:00:26.7942656
Passed	Sillar.Core.Tests.InstalacionDeModulosTests	Sillar.Core.Tests.InstalacionDeModulosTests.CORE_se_instala_el_primero_y_no_por_casualidad	2026-10-08T14:34:04.0934889-05:00	00:00:00.0011531
Passed	Sillar.Core.Tests.InstalacionDeModulosTests	Sillar.Core.Tests.InstalacionDeModulosTests.Clasificar_con_algo_ajeno_no_es_seguro	2026-10-08T14:39:18.3405587-05:00	00:00:00.0008032
Passed	Sillar.Core.Tests.InstalacionDeModulosTests	Sillar.Core.Tests.InstalacionDeModulosTests.Clasificar_con_solo_lo_nuestro_es_reanudable	2026-10-08T14:31:10.6795122-05:00	00:00:00.0032305
Passed	Sillar.Core.Tests.InstalacionDeModulosTests	Sillar.Core.Tests.InstalacionDeModulosTests.Clasificar_sin_nada_es_pristina	2026-10-08T14:34:04.0923036-05:00	00:00:00.0004341
Failed	Sillar.Core.Tests.InstalacionDeModulosTests	Sillar.Core.Tests.InstalacionDeModulosTests.El_503_nombra_base_servidor_puerto_y_la_evidencia_y_manda_comprobar_la_conexion	2026-10-08T14:37:24.1045838-05:00	00:00:44.4234026
Passed	Sillar.Core.Tests.InstalacionDeModulosTests	Sillar.Core.Tests.InstalacionDeModulosTests.El_orden_es_el_mismo_llegue_como_llegue_el_catalogo_de_modulos	2026-10-08T14:33:02.1779653-05:00	00:00:00.0018076
Failed	Sillar.Core.Tests.InstalacionDeModulosTests	Sillar.Core.Tests.InstalacionDeModulosTests.Las_extensiones_en_public_no_convierten_la_base_en_ajena	2026-10-08T14:38:08.5350671-05:00	00:00:37.5046808
Passed	Sillar.Core.Tests.InstalacionDeModulosTests	Sillar.Core.Tests.InstalacionDeModulosTests.POST_setup_sobre_base_pristina_responde_201	2026-10-08T14:31:10.6874769-05:00	00:00:25.6040863
Failed	Sillar.Core.Tests.InstalacionDeModulosTests	Sillar.Core.Tests.InstalacionDeModulosTests.Repetir_la_instalacion_no_reaplica_nada_y_sigue_operativa	2026-10-08T14:34:04.0952726-05:00	00:02:22.9672110
Failed	Sillar.Core.Tests.InstalacionDeModulosTests	Sillar.Core.Tests.InstalacionDeModulosTests.Un_historial_con_migraciones_que_este_binario_no_conoce_no_se_toca	2026-10-08T14:31:36.2945354-05:00	00:00:38.8529337
Failed	Sillar.Core.Tests.InstalacionDeModulosTests	Sillar.Core.Tests.InstalacionDeModulosTests.Un_schema_ajeno_hace_que_se_niegue_antes_de_migrar_nada	2026-10-08T14:33:02.1803910-05:00	00:01:01.9058847
Failed	Sillar.Core.Tests.InstalacionDeModulosTests	Sillar.Core.Tests.InstalacionDeModulosTests.Un_schema_con_nuestro_nombre_pero_sin_nuestro_historial_no_se_toca	2026-10-08T14:38:46.0437338-05:00	00:00:32.2915123
Failed	Sillar.Core.Tests.InstalacionDeModulosTests	Sillar.Core.Tests.InstalacionDeModulosTests.Un_schema_de_SILLAR_cuya_primera_migracion_fallo_sigue_siendo_reanudable	2026-10-08T14:36:27.0684123-05:00	00:00:57.0236757
Passed	Sillar.Core.Tests.InstalacionDeModulosTests	Sillar.Core.Tests.InstalacionDeModulosTests.Una_instalacion_a_medias_se_reanuda_y_se_completa	2026-10-08T14:30:43.1732821-05:00	00:00:27.4807306
Failed	Sillar.Core.Tests.InstalacionDeModulosTests	Sillar.Core.Tests.InstalacionDeModulosTests.Una_tabla_ajena_en_public_hace_que_se_niegue	2026-10-08T14:32:15.1721504-05:00	00:00:47.0014451
Passed	Sillar.Core.Tests.LockoutPolicyTests	Sillar.Core.Tests.LockoutPolicyTests.El_bloqueo_termina_solo_al_pasar_el_plazo	2026-10-08T14:30:42.6244529-05:00	00:00:00.0116049
Passed	Sillar.Core.Tests.LockoutPolicyTests	Sillar.Core.Tests.LockoutPolicyTests.El_quinto_fallo_bloquea_quince_minutos	2026-10-08T14:30:42.6397414-05:00	00:00:00.0137250
Passed	Sillar.Core.Tests.LockoutPolicyTests	Sillar.Core.Tests.LockoutPolicyTests.Los_fallos_siguientes_reinician_los_quince_minutos	2026-10-08T14:30:42.6848150-05:00	00:00:00.0004279
Passed	Sillar.Core.Tests.LockoutPolicyTests	Sillar.Core.Tests.LockoutPolicyTests.Menos_de_cinco_fallos_no_bloquean(fallos: 1)	2026-10-08T14:30:42.6791004-05:00	00:00:00.0044576
Passed	Sillar.Core.Tests.LockoutPolicyTests	Sillar.Core.Tests.LockoutPolicyTests.Menos_de_cinco_fallos_no_bloquean(fallos: 4)	2026-10-08T14:30:42.6680668-05:00	00:00:00.0004534
Passed	Sillar.Core.Tests.LockoutPolicyTests	Sillar.Core.Tests.LockoutPolicyTests.Una_cuenta_sin_bloqueo_no_esta_bloqueada	2026-10-08T14:30:42.3067606-05:00	00:00:00.1292650
Passed	Sillar.Core.Tests.LoginEvaluatorTests	Sillar.Core.Tests.LoginEvaluatorTests.Con_la_contrasena_correcta_y_la_cuenta_bloqueada_devuelve_423	2026-10-08T14:30:42.2903889-05:00	00:00:00.2133349
Passed	Sillar.Core.Tests.LoginEvaluatorTests	Sillar.Core.Tests.LoginEvaluatorTests.Con_la_contrasena_incorrecta_y_la_cuenta_bloqueada_devuelve_401_y_no_423	2026-10-08T14:30:42.6886380-05:00	00:00:00.0059764
Passed	Sillar.Core.Tests.LoginEvaluatorTests	Sillar.Core.Tests.LoginEvaluatorTests.Con_todo_en_orden_concede_el_acceso	2026-10-08T14:30:42.6579965-05:00	00:00:00.0038645
Passed	Sillar.Core.Tests.LoginEvaluatorTests	Sillar.Core.Tests.LoginEvaluatorTests.El_senuelo_no_se_calcula_cuando_la_cuenta_existe	2026-10-08T14:30:42.6707197-05:00	00:00:00.0037697
Passed	Sillar.Core.Tests.LoginEvaluatorTests	Sillar.Core.Tests.LoginEvaluatorTests.Un_bloqueo_ya_vencido_no_impide_entrar	2026-10-08T14:30:42.6491783-05:00	00:00:00.0078377
Passed	Sillar.Core.Tests.LoginEvaluatorTests	Sillar.Core.Tests.LoginEvaluatorTests.Un_correo_que_no_existe_devuelve_401_y_gasta_el_tiempo_del_senuelo	2026-10-08T14:30:42.6187181-05:00	00:00:00.0251019
Passed	Sillar.Core.Tests.LoginEvaluatorTests	Sillar.Core.Tests.LoginEvaluatorTests.Una_contrasena_incorrecta_devuelve_401	2026-10-08T14:30:42.6810152-05:00	00:00:00.0025969
Passed	Sillar.Core.Tests.LoginEvaluatorTests	Sillar.Core.Tests.LoginEvaluatorTests.Una_cuenta_desactivada_devuelve_401_generico	2026-10-08T14:30:42.6959553-05:00	00:00:00.0086025
Passed	Sillar.Core.Tests.LoginEvaluatorTests	Sillar.Core.Tests.LoginEvaluatorTests.Una_cuenta_desactivada_y_bloqueada_devuelve_423_porque_el_bloqueo_se_mira_antes	2026-10-08T14:30:42.6756460-05:00	00:00:00.0005314
Passed	Sillar.Core.Tests.ModuleRegistryTests	Sillar.Core.Tests.ModuleRegistryTests.IsActive_devuelve_false_si_el_modulo_no_esta_en_la_foto_activa	2026-10-08T14:30:43.2265771-05:00	00:00:00.0701925
Passed	Sillar.Core.Tests.ModuleRegistryTests	Sillar.Core.Tests.ModuleRegistryTests.IsActive_devuelve_true_si_el_modulo_esta_en_la_foto_activa	2026-10-08T14:30:43.3079667-05:00	00:00:00.0011522
Passed	Sillar.Core.Tests.ModuleSynchronizerReadActivePostgresTests	Sillar.Core.Tests.ModuleSynchronizerReadActivePostgresTests.ReadActiveAsync_devuelve_exactamente_el_modulo_activo_de_PostgreSQL	2026-10-08T14:30:43.1568249-05:00	00:00:22.8487069
Failed	Sillar.Core.Tests.NodoYAutoriaTests	Sillar.Core.Tests.NodoYAutoriaTests.Al_subir_la_fotografia_lleva_el_nodo_de_la_cuenta_y_no_el_de_la_instalacion	2026-10-08T14:31:42.3315130-05:00	00:00:43.1097820
Passed	Sillar.Core.Tests.NodoYAutoriaTests	Sillar.Core.Tests.NodoYAutoriaTests.El_nodo_viaja_en_la_conexion_solo_si_esta_configurado	2026-10-08T14:31:42.3247117-05:00	00:00:00.0043248
Failed	Sillar.Core.Tests.NodoYAutoriaTests	Sillar.Core.Tests.NodoYAutoriaTests.En_una_instalacion_limpia_la_migracion_no_necesita_nodo_y_deja_el_esquema_nuevo	2026-10-08T14:34:45.6690497-05:00	00:01:12.8878023
Passed	Sillar.Core.Tests.NodoYAutoriaTests	Sillar.Core.Tests.NodoYAutoriaTests.ICurrentAdmin_da_lo_de_siempre_y_ademas_el_nombre_visible_y_el_nodo_de_la_cuenta	2026-10-08T14:31:04.1035003-05:00	00:00:07.4785554
Passed	Sillar.Core.Tests.NodoYAutoriaTests	Sillar.Core.Tests.NodoYAutoriaTests.La_fotografia_del_autor_no_se_modifica_una_vez_escrita	2026-10-08T14:31:11.5911263-05:00	00:00:10.0496976
Passed	Sillar.Core.Tests.NodoYAutoriaTests	Sillar.Core.Tests.NodoYAutoriaTests.Media_fotografia_del_autor_no_se_admite	2026-10-08T14:31:01.4346468-05:00	00:00:02.6552040
Failed	Sillar.Core.Tests.NodoYAutoriaTests	Sillar.Core.Tests.NodoYAutoriaTests.Sin_nodo_configurado_y_con_cuentas_la_migracion_aborta_sin_cambiar_nada	2026-10-08T14:32:25.4509389-05:00	00:02:20.2127267
Passed	Sillar.Core.Tests.NodoYAutoriaTests	Sillar.Core.Tests.NodoYAutoriaTests.Sin_sesion_ICurrentAdmin_no_lanza_y_lo_nuevo_tambien_es_nulo	2026-10-08T14:31:04.0912840-05:00	00:00:00.0064335
Passed	Sillar.Core.Tests.NodoYAutoriaTests	Sillar.Core.Tests.NodoYAutoriaTests.Sobre_datos_preexistentes_rellena_el_nodo_de_las_cuentas_y_fotografia_al_autor_valido	2026-10-08T14:31:21.6495805-05:00	00:00:20.6715890
Passed	Sillar.Core.Tests.NodoYAutoriaTests	Sillar.Core.Tests.NodoYAutoriaTests.Un_autor_que_no_existe_es_corrupcion_la_migracion_aborta_dice_cuantas_y_como_localizarlas	2026-10-08T14:30:42.3048498-05:00	00:00:19.0589412
Passed	Sillar.Core.Tests.PasswordPolicyTests	Sillar.Core.Tests.PasswordPolicyTests.Doce_caracteres_se_aceptan	2026-10-08T14:30:43.1848555-05:00	00:00:00.0007450
Passed	Sillar.Core.Tests.PasswordPolicyTests	Sillar.Core.Tests.PasswordPolicyTests.El_apellido_si_se_comprueba_aunque_el_nombre_sea_corto	2026-10-08T14:30:42.8211096-05:00	00:00:00.1086111
Passed	Sillar.Core.Tests.PasswordPolicyTests	Sillar.Core.Tests.PasswordPolicyTests.El_motivo_del_rechazo_esta_en_espanol	2026-10-08T14:30:43.2290439-05:00	00:00:00.0004300
Passed	Sillar.Core.Tests.PasswordPolicyTests	Sillar.Core.Tests.PasswordPolicyTests.La_comparacion_con_la_identidad_ignora_mayusculas	2026-10-08T14:30:43.1659708-05:00	00:00:00.0015571
Passed	Sillar.Core.Tests.PasswordPolicyTests	Sillar.Core.Tests.PasswordPolicyTests.Las_contrasenas_comunes_se_rechazan(contrasena: "123456789012")	2026-10-08T14:30:43.1619454-05:00	00:00:00.0000712
Passed	Sillar.Core.Tests.PasswordPolicyTests	Sillar.Core.Tests.PasswordPolicyTests.Las_contrasenas_comunes_se_rechazan(contrasena: "CONTRASEÑA12")	2026-10-08T14:30:43.1525128-05:00	00:00:00.0006748
Passed	Sillar.Core.Tests.PasswordPolicyTests	Sillar.Core.Tests.PasswordPolicyTests.Las_contrasenas_comunes_se_rechazan(contrasena: "administrador")	2026-10-08T14:30:43.1610003-05:00	00:00:00.0000765
Passed	Sillar.Core.Tests.PasswordPolicyTests	Sillar.Core.Tests.PasswordPolicyTests.Las_contrasenas_comunes_se_rechazan(contrasena: "contrasena12")	2026-10-08T14:30:43.1450713-05:00	00:00:00.0038317
Passed	Sillar.Core.Tests.PasswordPolicyTests	Sillar.Core.Tests.PasswordPolicyTests.Las_palabras_cortas_del_nombre_no_invalidan_media_lengua	2026-10-08T14:30:43.2209041-05:00	00:00:00.0065009
Passed	Sillar.Core.Tests.PasswordPolicyTests	Sillar.Core.Tests.PasswordPolicyTests.Mas_de_setenta_y_dos_caracteres_se_rechaza	2026-10-08T14:30:43.1989758-05:00	00:00:00.0064331
Passed	Sillar.Core.Tests.PasswordPolicyTests	Sillar.Core.Tests.PasswordPolicyTests.No_se_exigen_mayusculas_ni_digitos_ni_simbolos	2026-10-08T14:30:43.2067018-05:00	00:00:00.0003518
Passed	Sillar.Core.Tests.PasswordPolicyTests	Sillar.Core.Tests.PasswordPolicyTests.Once_caracteres_se_rechazan	2026-10-08T14:30:42.9547819-05:00	00:00:00.1879160
Passed	Sillar.Core.Tests.PasswordPolicyTests	Sillar.Core.Tests.PasswordPolicyTests.Una_contrasena_que_contiene_el_correo_se_rechaza	2026-10-08T14:30:43.1908353-05:00	00:00:00.0066219
Passed	Sillar.Core.Tests.PasswordPolicyTests	Sillar.Core.Tests.PasswordPolicyTests.Una_contrasena_que_contiene_el_nombre_se_rechaza	2026-10-08T14:30:43.1759879-05:00	00:00:00.0003844
Passed	Sillar.Core.Tests.PasswordPolicyTests	Sillar.Core.Tests.PasswordPolicyTests.Una_contrasena_que_contiene_la_parte_previa_a_la_arroba_se_rechaza	2026-10-08T14:30:42.9425810-05:00	00:00:00.0108324
Passed	Sillar.Core.Tests.PasswordPolicyTests	Sillar.Core.Tests.PasswordPolicyTests.Una_contrasena_vacia_se_rechaza	2026-10-08T14:30:43.2140252-05:00	00:00:00.0056973
Passed	Sillar.Core.Tests.RoleHierarchyTests	Sillar.Core.Tests.RoleHierarchyTests.Un_rol_desconocido_no_satisface_nada(rol: "")	2026-10-08T14:30:43.6935132-05:00	00:00:00.0008408
Passed	Sillar.Core.Tests.RoleHierarchyTests	Sillar.Core.Tests.RoleHierarchyTests.Un_rol_desconocido_no_satisface_nada(rol: "Admin")	2026-10-08T14:30:43.6964869-05:00	00:00:00.0000621
Passed	Sillar.Core.Tests.RoleHierarchyTests	Sillar.Core.Tests.RoleHierarchyTests.Un_rol_desconocido_no_satisface_nada(rol: "jefe")	2026-10-08T14:30:43.6954026-05:00	00:00:00.0000597
Passed	Sillar.Core.Tests.RoleHierarchyTests	Sillar.Core.Tests.RoleHierarchyTests.Un_rol_desconocido_no_satisface_nada(rol: null)	2026-10-08T14:30:43.6876802-05:00	00:00:00.0042816
Passed	Sillar.Core.Tests.RoleHierarchyTests	Sillar.Core.Tests.RoleHierarchyTests.Un_rol_no_alcanza_lo_que_esta_por_encima(rol: "admin", exigido: "super_admin")	2026-10-08T14:30:43.7052411-05:00	00:00:00.0005229
Passed	Sillar.Core.Tests.RoleHierarchyTests	Sillar.Core.Tests.RoleHierarchyTests.Un_rol_no_alcanza_lo_que_esta_por_encima(rol: "editor", exigido: "admin")	2026-10-08T14:30:43.7066267-05:00	00:00:00.0000574
Passed	Sillar.Core.Tests.RoleHierarchyTests	Sillar.Core.Tests.RoleHierarchyTests.Un_rol_no_alcanza_lo_que_esta_por_encima(rol: "editor", exigido: "super_admin")	2026-10-08T14:30:43.7040939-05:00	00:00:00.0002882
Passed	Sillar.Core.Tests.RoleHierarchyTests	Sillar.Core.Tests.RoleHierarchyTests.Un_rol_satisface_lo_que_se_le_exige_por_debajo(rol: "admin", exigido: "admin")	2026-10-08T14:30:43.7080531-05:00	00:00:00.0002631
Passed	Sillar.Core.Tests.RoleHierarchyTests	Sillar.Core.Tests.RoleHierarchyTests.Un_rol_satisface_lo_que_se_le_exige_por_debajo(rol: "admin", exigido: "editor")	2026-10-08T14:30:43.7123678-05:00	00:00:00.0000573
Passed	Sillar.Core.Tests.RoleHierarchyTests	Sillar.Core.Tests.RoleHierarchyTests.Un_rol_satisface_lo_que_se_le_exige_por_debajo(rol: "editor", exigido: "editor")	2026-10-08T14:30:43.7105925-05:00	00:00:00.0000543
Passed	Sillar.Core.Tests.RoleHierarchyTests	Sillar.Core.Tests.RoleHierarchyTests.Un_rol_satisface_lo_que_se_le_exige_por_debajo(rol: "super_admin", exigido: "admin")	2026-10-08T14:30:43.7114591-05:00	00:00:00.0000591
Passed	Sillar.Core.Tests.RoleHierarchyTests	Sillar.Core.Tests.RoleHierarchyTests.Un_rol_satisface_lo_que_se_le_exige_por_debajo(rol: "super_admin", exigido: "editor")	2026-10-08T14:30:43.7131733-05:00	00:00:00.0000519
Passed	Sillar.Core.Tests.RoleHierarchyTests	Sillar.Core.Tests.RoleHierarchyTests.Un_rol_satisface_lo_que_se_le_exige_por_debajo(rol: "super_admin", exigido: "super_admin")	2026-10-08T14:30:43.7091643-05:00	00:00:00.0005187
Passed	Sillar.Core.Tests.SessionPolicyTests	Sillar.Core.Tests.SessionPolicyTests.Cerca_del_septimo_dia_manda_el_tope_absoluto	2026-10-08T14:30:42.8902857-05:00	00:00:00.0297155
Passed	Sillar.Core.Tests.SessionPolicyTests	Sillar.Core.Tests.SessionPolicyTests.Dentro_del_minuto_siguiente_no_se_reescribe_last_seen_at	2026-10-08T14:30:42.9513802-05:00	00:00:00.0006170
Passed	Sillar.Core.Tests.SessionPolicyTests	Sillar.Core.Tests.SessionPolicyTests.La_caducidad_es_la_inactividad_mientras_no_choque_con_el_tope	2026-10-08T14:30:42.9221981-05:00	00:00:00.0164908
Passed	Sillar.Core.Tests.SessionPolicyTests	Sillar.Core.Tests.SessionPolicyTests.Ocho_horas_sin_actividad_caducan_la_sesion	2026-10-08T14:30:42.9397882-05:00	00:00:00.0004582
Passed	Sillar.Core.Tests.SessionPolicyTests	Sillar.Core.Tests.SessionPolicyTests.Pasado_el_minuto_se_reescribe_last_seen_at	2026-10-08T14:30:42.9616907-05:00	00:00:00.0518423
Passed	Sillar.Core.Tests.SessionPolicyTests	Sillar.Core.Tests.SessionPolicyTests.Siete_dias_desde_la_emision_caducan_la_sesion_aunque_se_acabe_de_usar	2026-10-08T14:30:42.8798867-05:00	00:00:00.0094556
Passed	Sillar.Core.Tests.SessionPolicyTests	Sillar.Core.Tests.SessionPolicyTests.Una_sesion_recien_usada_sirve	2026-10-08T14:30:42.9485494-05:00	00:00:00.0004122
Passed	Sillar.Core.Tests.SessionPolicyTests	Sillar.Core.Tests.SessionPolicyTests.Una_sesion_revocada_no_sirve_aunque_este_en_plazo	2026-10-08T14:30:42.8141324-05:00	00:00:00.0553785
Passed	Sillar.Core.Tests.SessionTokenTests	Sillar.Core.Tests.SessionTokenTests.Dos_tokens_seguidos_no_se_parecen	2026-10-08T14:30:43.1262900-05:00	00:00:00.0004084
Passed	Sillar.Core.Tests.SessionTokenTests	Sillar.Core.Tests.SessionTokenTests.El_hash_cabe_en_la_columna	2026-10-08T14:30:43.0986851-05:00	00:00:00.0137711
Passed	Sillar.Core.Tests.SessionTokenTests	Sillar.Core.Tests.SessionTokenTests.El_hash_no_contiene_el_token	2026-10-08T14:30:43.0189431-05:00	00:00:00.0187431
Passed	Sillar.Core.Tests.SessionTokenTests	Sillar.Core.Tests.SessionTokenTests.El_token_de_otra_sesion_no_coincide	2026-10-08T14:30:43.1136064-05:00	00:00:00.0004738
Passed	Sillar.Core.Tests.SessionTokenTests	Sillar.Core.Tests.SessionTokenTests.El_token_de_sesion_lleva_256_bits	2026-10-08T14:30:43.0418559-05:00	00:00:00.0131547
Passed	Sillar.Core.Tests.SessionTokenTests	Sillar.Core.Tests.SessionTokenTests.El_token_viaja_en_una_cookie_y_una_cabecera_sin_escapar_nada	2026-10-08T14:30:43.1405261-05:00	00:00:00.0005741
Passed	Sillar.Core.Tests.SessionTokenTests	Sillar.Core.Tests.SessionTokenTests.Sin_token_o_sin_hash_no_hay_coincidencia(token: "", hash: "algo")	2026-10-08T14:30:43.0974589-05:00	00:00:00.0000594
Passed	Sillar.Core.Tests.SessionTokenTests	Sillar.Core.Tests.SessionTokenTests.Sin_token_o_sin_hash_no_hay_coincidencia(token: "algo", hash: "")	2026-10-08T14:30:43.0897929-05:00	00:00:00.0000577
Passed	Sillar.Core.Tests.SessionTokenTests	Sillar.Core.Tests.SessionTokenTests.Sin_token_o_sin_hash_no_hay_coincidencia(token: "algo", hash: null)	2026-10-08T14:30:43.0710045-05:00	00:00:00.0178659
Passed	Sillar.Core.Tests.SessionTokenTests	Sillar.Core.Tests.SessionTokenTests.Sin_token_o_sin_hash_no_hay_coincidencia(token: null, hash: "algo")	2026-10-08T14:30:43.0698004-05:00	00:00:00.0002957
Passed	Sillar.Core.Tests.SessionTokenTests	Sillar.Core.Tests.SessionTokenTests.Un_token_coincide_con_su_propio_hash	2026-10-08T14:30:42.9440277-05:00	00:00:00.0733709
Passed	Sillar.Core.Tests.SettingValueValidatorTests	Sillar.Core.Tests.SettingValueValidatorTests.El_motivo_del_rechazo_dice_que_se_esperaba	2026-10-08T14:30:43.0446431-05:00	00:00:00.1060742
Passed	Sillar.Core.Tests.SettingValueValidatorTests	Sillar.Core.Tests.SettingValueValidatorTests.El_numero_se_interpreta_con_punto_decimal_no_con_coma	2026-10-08T14:30:42.8492025-05:00	00:00:00.0211561
Passed	Sillar.Core.Tests.SettingValueValidatorTests	Sillar.Core.Tests.SettingValueValidatorTests.Los_booleanos_reconocibles_se_interpretan(valor: "0", esperado: False)	2026-10-08T14:30:42.9576590-05:00	00:00:00.0000747
Passed	Sillar.Core.Tests.SettingValueValidatorTests	Sillar.Core.Tests.SettingValueValidatorTests.Los_booleanos_reconocibles_se_interpretan(valor: "1", esperado: True)	2026-10-08T14:30:42.9469876-05:00	00:00:00.0000671
Passed	Sillar.Core.Tests.SettingValueValidatorTests	Sillar.Core.Tests.SettingValueValidatorTests.Los_booleanos_reconocibles_se_interpretan(valor: "SÍ", esperado: True)	2026-10-08T14:30:42.9500972-05:00	00:00:00.0024316
Passed	Sillar.Core.Tests.SettingValueValidatorTests	Sillar.Core.Tests.SettingValueValidatorTests.Los_booleanos_reconocibles_se_interpretan(valor: "false", esperado: False)	2026-10-08T14:30:42.8717855-05:00	00:00:00.0507965
Passed	Sillar.Core.Tests.SettingValueValidatorTests	Sillar.Core.Tests.SettingValueValidatorTests.Los_booleanos_reconocibles_se_interpretan(valor: "no", esperado: False)	2026-10-08T14:30:42.9451833-05:00	00:00:00.0000799
Passed	Sillar.Core.Tests.SettingValueValidatorTests	Sillar.Core.Tests.SettingValueValidatorTests.Los_booleanos_reconocibles_se_interpretan(valor: "true", esperado: True)	2026-10-08T14:30:42.9371565-05:00	00:00:00.0007775
Passed	Sillar.Core.Tests.SettingValueValidatorTests	Sillar.Core.Tests.SettingValueValidatorTests.Un_valor_que_encaja_con_su_tipo_se_acepta(tipo: "boolean", valor: "0")	2026-10-08T14:30:42.8453215-05:00	00:00:00.0000846
Passed	Sillar.Core.Tests.SettingValueValidatorTests	Sillar.Core.Tests.SettingValueValidatorTests.Un_valor_que_encaja_con_su_tipo_se_acepta(tipo: "boolean", valor: "SI")	2026-10-08T14:30:42.8194715-05:00	00:00:00.0000594
Passed	Sillar.Core.Tests.SettingValueValidatorTests	Sillar.Core.Tests.SettingValueValidatorTests.Un_valor_que_encaja_con_su_tipo_se_acepta(tipo: "boolean", valor: "true")	2026-10-08T14:30:42.8184938-05:00	00:00:00.0000705
Passed	Sillar.Core.Tests.SettingValueValidatorTests	Sillar.Core.Tests.SettingValueValidatorTests.Un_valor_que_encaja_con_su_tipo_se_acepta(tipo: "email", valor: "contacto@ejemplo.pe")	2026-10-08T14:30:42.8345998-05:00	00:00:00.0005630
Passed	Sillar.Core.Tests.SettingValueValidatorTests	Sillar.Core.Tests.SettingValueValidatorTests.Un_valor_que_encaja_con_su_tipo_se_acepta(tipo: "json", valor: "{\"horario\":\"9-18\"}")	2026-10-08T14:30:42.7772130-05:00	00:00:00.0282365
Passed	Sillar.Core.Tests.SettingValueValidatorTests	Sillar.Core.Tests.SettingValueValidatorTests.Un_valor_que_encaja_con_su_tipo_se_acepta(tipo: "number", valor: "-3.5")	2026-10-08T14:30:42.7664158-05:00	00:00:00.0058106
Passed	Sillar.Core.Tests.SettingValueValidatorTests	Sillar.Core.Tests.SettingValueValidatorTests.Un_valor_que_encaja_con_su_tipo_se_acepta(tipo: "number", valor: "42")	2026-10-08T14:30:42.8422408-05:00	00:00:00.0000671
Passed	Sillar.Core.Tests.SettingValueValidatorTests	Sillar.Core.Tests.SettingValueValidatorTests.Un_valor_que_encaja_con_su_tipo_se_acepta(tipo: "text", valor: "Cualquier cosa")	2026-10-08T14:30:42.8334680-05:00	00:00:00.0000704
Passed	Sillar.Core.Tests.SettingValueValidatorTests	Sillar.Core.Tests.SettingValueValidatorTests.Un_valor_que_encaja_con_su_tipo_se_acepta(tipo: "url", valor: "https://ejemplo.pe/local")	2026-10-08T14:30:42.7587481-05:00	00:00:00.0015146
Passed	Sillar.Core.Tests.SettingValueValidatorTests	Sillar.Core.Tests.SettingValueValidatorTests.Un_valor_que_no_encaja_se_rechaza(tipo: "boolean", valor: "quizás")	2026-10-08T14:30:42.6031146-05:00	00:00:00.0080389
Passed	Sillar.Core.Tests.SettingValueValidatorTests	Sillar.Core.Tests.SettingValueValidatorTests.Un_valor_que_no_encaja_se_rechaza(tipo: "email", valor: "arroba-no-hay")	2026-10-08T14:30:42.6977258-05:00	00:00:00.0482926
Passed	Sillar.Core.Tests.SettingValueValidatorTests	Sillar.Core.Tests.SettingValueValidatorTests.Un_valor_que_no_encaja_se_rechaza(tipo: "json", valor: "{esto no es json}")	2026-10-08T14:30:42.3049241-05:00	00:00:00.1402724
Passed	Sillar.Core.Tests.SettingValueValidatorTests	Sillar.Core.Tests.SettingValueValidatorTests.Un_valor_que_no_encaja_se_rechaza(tipo: "number", valor: "muchos")	2026-10-08T14:30:42.6202883-05:00	00:00:00.0001921
Passed	Sillar.Core.Tests.SettingValueValidatorTests	Sillar.Core.Tests.SettingValueValidatorTests.Un_valor_que_no_encaja_se_rechaza(tipo: "url", valor: "ejemplo.pe")	2026-10-08T14:30:42.6966752-05:00	00:00:00.0001191
Passed	Sillar.Core.Tests.SettingValueValidatorTests	Sillar.Core.Tests.SettingValueValidatorTests.Un_valor_que_no_encaja_se_rechaza(tipo: "url", valor: "ftp://ejemplo.pe")	2026-10-08T14:30:42.6267740-05:00	00:00:00.0590210
Passed	Sillar.Core.Tests.SettingValueValidatorTests	Sillar.Core.Tests.SettingValueValidatorTests.Un_valor_vacio_se_rechaza_sea_cual_sea_el_tipo(valor: "   ")	2026-10-08T14:30:43.0097965-05:00	00:00:00.0003008
Passed	Sillar.Core.Tests.SettingValueValidatorTests	Sillar.Core.Tests.SettingValueValidatorTests.Un_valor_vacio_se_rechaza_sea_cual_sea_el_tipo(valor: "")	2026-10-08T14:30:43.0331277-05:00	00:00:00.0000597
Passed	Sillar.Core.Tests.SettingValueValidatorTests	Sillar.Core.Tests.SettingValueValidatorTests.Un_valor_vacio_se_rechaza_sea_cual_sea_el_tipo(valor: null)	2026-10-08T14:30:43.0277249-05:00	00:00:00.0004292
Passed	Sillar.Core.Tests.SettingsReaderPostgresTests	Sillar.Core.Tests.SettingsReaderPostgresTests.GetT_con_cache_fria_lee_PostgreSQL_y_respeta_conversion_defaults_e_inactivos	2026-10-08T14:30:42.3048933-05:00	00:00:19.8265398
Passed	Sillar.Modules.B2B.Tests.AtribucionDelPersonalTests	Sillar.Modules.B2B.Tests.AtribucionDelPersonalTests.El_nodo_es_el_de_la_cuenta_y_no_se_deriva_del_identificador	2026-10-08T14:30:46.0539675-05:00	00:00:00.0136334
Passed	Sillar.Modules.B2B.Tests.AtribucionDelPersonalTests	Sillar.Modules.B2B.Tests.AtribucionDelPersonalTests.El_nombre_visible_nunca_es_el_correo	2026-10-08T14:30:45.4234467-05:00	00:00:00.2679039
Passed	Sillar.Modules.B2B.Tests.AtribucionDelPersonalTests	Sillar.Modules.B2B.Tests.AtribucionDelPersonalTests.La_atribucion_llega_recortada	2026-10-08T14:30:46.2089160-05:00	00:00:00.0924936
Passed	Sillar.Modules.B2B.Tests.AtribucionDelPersonalTests	Sillar.Modules.B2B.Tests.AtribucionDelPersonalTests.La_cotizacion_solo_atribuye_el_pago_y_ninguna_otra_actuacion	2026-10-08T14:30:46.4738539-05:00	00:00:00.0267023
Passed	Sillar.Modules.B2B.Tests.AtribucionDelPersonalTests	Sillar.Modules.B2B.Tests.AtribucionDelPersonalTests.La_migracion_no_declara_ninguna_clave_foranea_hacia_core_admin_users	2026-10-08T14:30:46.4412917-05:00	00:00:00.0243077
Passed	Sillar.Modules.B2B.Tests.AtribucionDelPersonalTests	Sillar.Modules.B2B.Tests.AtribucionDelPersonalTests.La_migracion_solo_referencia_los_dos_schemas_de_sus_dependencias_duras	2026-10-08T14:30:46.3179160-05:00	00:00:00.1122838
Passed	Sillar.Modules.B2B.Tests.AtribucionDelPersonalTests	Sillar.Modules.B2B.Tests.AtribucionDelPersonalTests.Sin_identificador_local_valido_no_hay_atribucion	2026-10-08T14:30:45.9884313-05:00	00:00:00.0107136
Passed	Sillar.Modules.B2B.Tests.AtribucionDelPersonalTests	Sillar.Modules.B2B.Tests.AtribucionDelPersonalTests.Sin_nodo_de_la_cuenta_no_hay_atribucion	2026-10-08T14:30:46.0458066-05:00	00:00:00.0006646
Passed	Sillar.Modules.B2B.Tests.AtribucionDelPersonalTests	Sillar.Modules.B2B.Tests.AtribucionDelPersonalTests.Sin_nombre_visible_no_hay_atribucion	2026-10-08T14:30:46.5594670-05:00	00:00:00.0004041
Passed	Sillar.Modules.B2B.Tests.AtribucionDelPersonalTests	Sillar.Modules.B2B.Tests.AtribucionDelPersonalTests.Una_sesion_completa_da_los_tres_datos	2026-10-08T14:30:46.0690129-05:00	00:00:00.1385486
Passed	Sillar.Modules.B2B.Tests.BandejaYCatalogoTests	Sillar.Modules.B2B.Tests.BandejaYCatalogoTests.Actualizar_el_producto_refresca_la_instantanea_de_la_solicitud	2026-10-08T14:40:59.6834075-05:00	00:00:18.6497670
Passed	Sillar.Modules.B2B.Tests.BandejaYCatalogoTests	Sillar.Modules.B2B.Tests.BandejaYCatalogoTests.Desactivar_el_producto_marca_el_reenlace_y_no_invalida_ninguna_cotizacion	2026-10-08T14:41:44.0585970-05:00	00:00:09.3058751
Passed	Sillar.Modules.B2B.Tests.BandejaYCatalogoTests	Sillar.Modules.B2B.Tests.BandejaYCatalogoTests.E3b_una_linea_a_consultar_no_invalida_su_cotizacion_aunque_el_precio_cambie	2026-10-08T14:31:21.0596495-05:00	00:00:19.1037803
Passed	Sillar.Modules.B2B.Tests.BandejaYCatalogoTests	Sillar.Modules.B2B.Tests.BandejaYCatalogoTests.La_baja_es_logica_la_saca_de_lo_del_cliente_y_no_admite_mas_cambios	2026-10-08T14:40:11.8753081-05:00	00:00:26.7521357
Failed	Sillar.Modules.B2B.Tests.BandejaYCatalogoTests	Sillar.Modules.B2B.Tests.BandejaYCatalogoTests.La_bandeja_dice_de_quien_es_cada_fila_y_no_devuelve_su_identificador	2026-10-08T14:36:16.9206904-05:00	00:02:49.0430596
Passed	Sillar.Modules.B2B.Tests.BandejaYCatalogoTests	Sillar.Modules.B2B.Tests.BandejaYCatalogoTests.Las_notas_internas_estan_en_el_detalle_del_panel_y_no_en_la_bandeja_ni_en_lo_del_cliente	2026-10-08T14:41:53.3712363-05:00	00:00:11.2348681
Passed	Sillar.Modules.B2B.Tests.BandejaYCatalogoTests	Sillar.Modules.B2B.Tests.BandejaYCatalogoTests.Ningun_DTO_de_la_bandeja_lleva_el_identificador_del_cliente	2026-10-08T14:41:53.3669500-05:00	00:00:00.0032264
Passed	Sillar.Modules.B2B.Tests.BandejaYCatalogoTests	Sillar.Modules.B2B.Tests.BandejaYCatalogoTests.Reenlazar_a_un_producto_activo_refresca_la_instantanea_y_quita_el_pendiente	2026-10-08T14:40:38.6282768-05:00	00:00:21.0524953
Failed	Sillar.Modules.B2B.Tests.BandejaYCatalogoTests	Sillar.Modules.B2B.Tests.BandejaYCatalogoTests.Reenlazar_a_un_producto_dado_de_baja_se_rechaza	2026-10-08T14:32:45.3022675-05:00	00:03:31.6101612
Failed	Sillar.Modules.B2B.Tests.BandejaYCatalogoTests	Sillar.Modules.B2B.Tests.BandejaYCatalogoTests.Sin_cambio_de_precio_no_se_invalida_nada_y_aplicar_dos_veces_da_lo_mismo	2026-10-08T14:32:29.5170968-05:00	00:00:15.7687902
Passed	Sillar.Modules.B2B.Tests.BandejaYCatalogoTests	Sillar.Modules.B2B.Tests.BandejaYCatalogoTests.Un_cambio_de_precio_invalida_solo_las_cotizaciones_enviadas	2026-10-08T14:30:45.4255373-05:00	00:00:35.5104420
Passed	Sillar.Modules.B2B.Tests.BandejaYCatalogoTests	Sillar.Modules.B2B.Tests.BandejaYCatalogoTests.Un_cliente_que_M04_no_da_deja_la_fila_sin_cliente_y_no_se_rellena	2026-10-08T14:39:05.9676287-05:00	00:00:39.5116378
Passed	Sillar.Modules.B2B.Tests.BandejaYCatalogoTests	Sillar.Modules.B2B.Tests.BandejaYCatalogoTests.Un_estado_inventado_es_invalido	2026-10-08T14:39:45.4802525-05:00	00:00:26.3942661
Passed	Sillar.Modules.B2B.Tests.BandejaYCatalogoTests	Sillar.Modules.B2B.Tests.BandejaYCatalogoTests.Un_listado_pregunta_una_sola_vez_y_sin_repetir_identificadores	2026-10-08T14:41:33.9252577-05:00	00:00:10.1323124
Failed	Sillar.Modules.B2B.Tests.BandejaYCatalogoTests	Sillar.Modules.B2B.Tests.BandejaYCatalogoTests.Una_transicion_no_permitida_se_rechaza_y_no_cambia_nada	2026-10-08T14:31:40.1676781-05:00	00:00:49.3440614
Passed	Sillar.Modules.B2B.Tests.BandejaYCatalogoTests	Sillar.Modules.B2B.Tests.BandejaYCatalogoTests.Una_transicion_permitida_cambia_el_estado_y_nombra_la_fila	2026-10-08T14:41:18.3340509-05:00	00:00:15.5893844
Passed	Sillar.Modules.B2B.Tests.CotizacionesTests	Sillar.Modules.B2B.Tests.CotizacionesTests.Con_umbral_se_compara_el_importe_a_precio_de_lista_y_una_linea_libre_lo_hace_no_evaluable	2026-10-08T14:31:21.7608584-05:00	00:00:00.0870317
Passed	Sillar.Modules.B2B.Tests.CotizacionesTests	Sillar.Modules.B2B.Tests.CotizacionesTests.Crear_con_el_umbral_pendiente_no_toca_ningun_precio	2026-10-08T14:41:45.4019589-05:00	00:00:09.1108935
Passed	Sillar.Modules.B2B.Tests.CotizacionesTests	Sillar.Modules.B2B.Tests.CotizacionesTests.De_un_precio_a_a_consultar_si_invalida	2026-10-08T14:31:21.8491548-05:00	00:00:18.0582492
Passed	Sillar.Modules.B2B.Tests.CotizacionesTests	Sillar.Modules.B2B.Tests.CotizacionesTests.Dos_cotizaciones_concurrentes_reciben_correlativos_distintos_y_consecutivos	2026-10-08T14:39:45.4822371-05:00	00:00:26.3904594
Failed	Sillar.Modules.B2B.Tests.CotizacionesTests	Sillar.Modules.B2B.Tests.CotizacionesTests.E3b_de_a_consultar_a_un_precio_no_invalida	2026-10-08T14:32:45.2969818-05:00	00:03:33.3828526
Passed	Sillar.Modules.B2B.Tests.CotizacionesTests	Sillar.Modules.B2B.Tests.CotizacionesTests.El_formato_es_C_anio_y_cuatro_cifras	2026-10-08T14:39:06.9484061-05:00	00:00:00.0004197
Passed	Sillar.Modules.B2B.Tests.CotizacionesTests	Sillar.Modules.B2B.Tests.CotizacionesTests.El_numerador_se_niega_a_trabajar_fuera_de_una_transaccion	2026-10-08T14:39:06.9496023-05:00	00:00:38.5317295
Passed	Sillar.Modules.B2B.Tests.CotizacionesTests	Sillar.Modules.B2B.Tests.CotizacionesTests.El_pago_congela_el_nombre_el_identificador_local_y_el_nodo_de_la_cuenta	2026-10-08T14:41:33.9361732-05:00	00:00:11.4640396
Passed	Sillar.Modules.B2B.Tests.CotizacionesTests	Sillar.Modules.B2B.Tests.CotizacionesTests.El_umbral_solo_se_consume_por_el_contrato_ISettingsReader	2026-10-08T14:41:00.0222323-05:00	00:00:00.0363351
Passed	Sillar.Modules.B2B.Tests.CotizacionesTests	Sillar.Modules.B2B.Tests.CotizacionesTests.En_borrador_se_editan_las_lineas_y_se_congela_el_precio_de_catalogo	2026-10-08T14:40:11.8732865-05:00	00:00:26.7541969
Passed	Sillar.Modules.B2B.Tests.CotizacionesTests	Sillar.Modules.B2B.Tests.CotizacionesTests.La_auditoria_nombra_la_cotizacion_por_su_numero_visible	2026-10-08T14:41:00.0603142-05:00	00:00:18.2804449
Passed	Sillar.Modules.B2B.Tests.CotizacionesTests	Sillar.Modules.B2B.Tests.CotizacionesTests.Las_lineas_libres_no_participan_en_la_invalidacion	2026-10-08T14:30:45.4222714-05:00	00:00:36.2250176
Passed	Sillar.Modules.B2B.Tests.CotizacionesTests	Sillar.Modules.B2B.Tests.CotizacionesTests.Sin_umbral_configurado_lo_dice_y_no_inventa_importe(valor: "-1")	2026-10-08T14:41:00.0218865-05:00	00:00:00.0000384
Passed	Sillar.Modules.B2B.Tests.CotizacionesTests	Sillar.Modules.B2B.Tests.CotizacionesTests.Sin_umbral_configurado_lo_dice_y_no_inventa_importe(valor: "PENDIENTE_DEFINIR")	2026-10-08T14:41:00.0178066-05:00	00:00:00.0007378
Passed	Sillar.Modules.B2B.Tests.CotizacionesTests	Sillar.Modules.B2B.Tests.CotizacionesTests.Sin_umbral_configurado_lo_dice_y_no_inventa_importe(valor: "doscientos")	2026-10-08T14:41:00.0215103-05:00	00:00:00.0000487
Passed	Sillar.Modules.B2B.Tests.CotizacionesTests	Sillar.Modules.B2B.Tests.CotizacionesTests.Sin_umbral_configurado_lo_dice_y_no_inventa_importe(valor: null)	2026-10-08T14:41:00.0189347-05:00	00:00:00.0004339
Passed	Sillar.Modules.B2B.Tests.CotizacionesTests	Sillar.Modules.B2B.Tests.CotizacionesTests.Un_rollback_no_consume_correlativo	2026-10-08T14:41:18.3412807-05:00	00:00:15.5942664
Failed	Sillar.Modules.B2B.Tests.CotizacionesTests	Sillar.Modules.B2B.Tests.CotizacionesTests.Una_cotizacion_sin_lineas_no_se_envia	2026-10-08T14:31:39.9088511-05:00	00:00:49.7891284
Passed	Sillar.Modules.B2B.Tests.CotizacionesTests	Sillar.Modules.B2B.Tests.CotizacionesTests.Una_enviada_caducada_no_se_aprueba_y_una_vigente_si_hasta_pagarse	2026-10-08T14:40:38.6282199-05:00	00:00:21.3887088
Failed	Sillar.Modules.B2B.Tests.CotizacionesTests	Sillar.Modules.B2B.Tests.CotizacionesTests.Una_enviada_con_precio_conocido_que_cambia_se_invalida	2026-10-08T14:32:29.7057144-05:00	00:00:15.5783515
Failed	Sillar.Modules.B2B.Tests.CotizacionesTests	Sillar.Modules.B2B.Tests.CotizacionesTests.Una_enviada_no_admite_edicion_de_lineas	2026-10-08T14:36:18.6841938-05:00	00:02:48.2583745
Passed	Sillar.Modules.B2B.Tests.CotizacionesTests	Sillar.Modules.B2B.Tests.CotizacionesTests.Una_sesion_sin_los_tres_datos_no_registra_el_pago_ni_inventa_a_nadie	2026-10-08T14:41:54.5147769-05:00	00:00:10.4546721
Passed	Sillar.Modules.B2B.Tests.DependenciasDurasTests	Sillar.Modules.B2B.Tests.DependenciasDurasTests.Con_M07_activo_el_panel_no_desactiva_M01_ni_M04	2026-10-08T14:30:47.1132337-05:00	00:00:00.0166033
Passed	Sillar.Modules.B2B.Tests.DependenciasDurasTests	Sillar.Modules.B2B.Tests.DependenciasDurasTests.Con_M07_inactivo_el_panel_deja_desactivar_M01_porque_desactivar_no_borra	2026-10-08T14:30:47.0043110-05:00	00:00:00.0087779
Passed	Sillar.Modules.B2B.Tests.DependenciasDurasTests	Sillar.Modules.B2B.Tests.DependenciasDurasTests.El_instalador_aplica_M07_despues_de_M01_y_M04	2026-10-08T14:30:47.0520486-05:00	00:00:00.0598071
Passed	Sillar.Modules.B2B.Tests.DependenciasDurasTests	Sillar.Modules.B2B.Tests.DependenciasDurasTests.El_instalador_rechaza_un_despliegue_con_M07_y_sin_M01	2026-10-08T14:30:46.5720034-05:00	00:00:00.1283358
Passed	Sillar.Modules.B2B.Tests.DependenciasDurasTests	Sillar.Modules.B2B.Tests.DependenciasDurasTests.El_instalador_rechaza_un_despliegue_con_M07_y_sin_M04	2026-10-08T14:30:47.0365486-05:00	00:00:00.0089098
Passed	Sillar.Modules.B2B.Tests.DependenciasDurasTests	Sillar.Modules.B2B.Tests.DependenciasDurasTests.El_panel_no_activa_M07_si_falta_M01	2026-10-08T14:30:47.0286676-05:00	00:00:00.0012195
Passed	Sillar.Modules.B2B.Tests.DependenciasDurasTests	Sillar.Modules.B2B.Tests.DependenciasDurasTests.El_panel_no_activa_M07_si_falta_M04	2026-10-08T14:30:46.7018094-05:00	00:00:00.2910591
Passed	Sillar.Modules.B2B.Tests.DependenciasDurasTests	Sillar.Modules.B2B.Tests.DependenciasDurasTests.M07_declara_dependencia_dura_de_core_catalogo_y_clientes	2026-10-08T14:30:46.9942806-05:00	00:00:00.0087145
Passed	Sillar.Modules.B2B.Tests.InstalacionYDesinstalacionTests	Sillar.Modules.B2B.Tests.InstalacionYDesinstalacionTests.Ck_quotes_origen_rechaza_dos_origenes_y_ninguno_y_acepta_uno	2026-10-08T14:30:45.4274345-05:00	00:00:29.3074822
Passed	Sillar.Modules.B2B.Tests.InstalacionYDesinstalacionTests	Sillar.Modules.B2B.Tests.InstalacionYDesinstalacionTests.Con_M07_instalado_el_99_drop_de_una_dependencia_dura_se_rechaza_sin_borrar_nada(modulo: "catalog", nombre: "M01 Catálogo")	2026-10-08T14:40:11.8677879-05:00	00:00:26.7563509
Passed	Sillar.Modules.B2B.Tests.InstalacionYDesinstalacionTests	Sillar.Modules.B2B.Tests.InstalacionYDesinstalacionTests.Con_M07_instalado_el_99_drop_de_una_dependencia_dura_se_rechaza_sin_borrar_nada(modulo: "crm", nombre: "M04 Clientes")	2026-10-08T14:39:45.4811226-05:00	00:00:26.3856705
Failed	Sillar.Modules.B2B.Tests.InstalacionYDesinstalacionTests	Sillar.Modules.B2B.Tests.InstalacionYDesinstalacionTests.Desinstalar_M07_primero_permite_despues_desinstalar_M01_y_M04	2026-10-08T14:35:58.5489252-05:00	00:03:05.9073663
Passed	Sillar.Modules.B2B.Tests.InstalacionYDesinstalacionTests	Sillar.Modules.B2B.Tests.InstalacionYDesinstalacionTests.Desinstalar_y_reinstalar_M07_deja_M01_M04_y_CORE_como_estaban_y_devuelve_sus_FK	2026-10-08T14:41:00.0075565-05:00	00:00:18.3321280
Failed	Sillar.Modules.B2B.Tests.InstalacionYDesinstalacionTests	Sillar.Modules.B2B.Tests.InstalacionYDesinstalacionTests.Instalar_M07_con_M01_y_M04_crea_sus_cinco_claves_foraneas_duras	2026-10-08T14:32:26.2406751-05:00	00:03:32.3043674
Passed	Sillar.Modules.B2B.Tests.InstalacionYDesinstalacionTests	Sillar.Modules.B2B.Tests.InstalacionYDesinstalacionTests.Instalar_M07_sin_M01_falla_diciendo_que_falta_y_no_deja_tablas_de_M07	2026-10-08T14:41:18.3402460-05:00	00:00:15.5963701
Passed	Sillar.Modules.B2B.Tests.InstalacionYDesinstalacionTests	Sillar.Modules.B2B.Tests.InstalacionYDesinstalacionTests.Instalar_M07_sin_M04_falla_diciendo_que_falta_y_no_deja_tablas_de_M07	2026-10-08T14:39:04.4622890-05:00	00:00:41.0172580
Passed	Sillar.Modules.B2B.Tests.InstalacionYDesinstalacionTests	Sillar.Modules.B2B.Tests.InstalacionYDesinstalacionTests.La_guarda_rechaza_por_el_registro_de_modulos_aunque_las_FK_ya_no_esten	2026-10-08T14:40:38.6301641-05:00	00:00:21.3765622
Passed	Sillar.Modules.B2B.Tests.InstalacionYDesinstalacionTests	Sillar.Modules.B2B.Tests.InstalacionYDesinstalacionTests.Lanzado_como_psql_sin_detenerse_en_errores_el_99_drop_tampoco_borra_nada(modulo: "catalog")	2026-10-08T14:31:14.9199144-05:00	00:00:24.4344699
Failed	Sillar.Modules.B2B.Tests.InstalacionYDesinstalacionTests	Sillar.Modules.B2B.Tests.InstalacionYDesinstalacionTests.Lanzado_como_psql_sin_detenerse_en_errores_el_99_drop_tampoco_borra_nada(modulo: "crm")	2026-10-08T14:31:39.3556500-05:00	00:00:46.8739754
Passed	Sillar.Modules.B2B.Tests.LimitePorCuentaTests	Sillar.Modules.B2B.Tests.LimitePorCuentaTests.La_solicitud_N_dentro_de_la_ventana_pasa	2026-10-08T14:30:46.1947595-05:00	00:00:00.0009477
Passed	Sillar.Modules.B2B.Tests.LimitePorCuentaTests	Sillar.Modules.B2B.Tests.LimitePorCuentaTests.La_solicitud_N_mas_1_se_rechaza_y_dice_cuando_volver	2026-10-08T14:30:46.0477444-05:00	00:00:00.1294568
Passed	Sillar.Modules.B2B.Tests.LimitePorCuentaTests	Sillar.Modules.B2B.Tests.LimitePorCuentaTests.Pasada_la_ventana_la_cuenta_vuelve_a_poder	2026-10-08T14:30:45.4255899-05:00	00:00:00.2863392
Passed	Sillar.Modules.B2B.Tests.LimitePorCuentaTests	Sillar.Modules.B2B.Tests.LimitePorCuentaTests.Una_cuenta_agotada_no_bloquea_a_otra	2026-10-08T14:30:45.9867594-05:00	00:00:00.0501866
Passed	Sillar.Modules.B2B.Tests.PermisosDeRutasTests	Sillar.Modules.B2B.Tests.PermisosDeRutasTests.Las_bajas_y_el_pago_exigen_admin_y_nada_mas_lo_exige	2026-10-08T14:30:49.4372812-05:00	00:00:00.8708473
Passed	Sillar.Modules.B2B.Tests.PermisosDeRutasTests	Sillar.Modules.B2B.Tests.PermisosDeRutasTests.Las_cuatro_rutas_publicas_exigen_la_sesion_de_cliente_de_M04	2026-10-08T14:30:45.4235073-05:00	00:00:03.8958462
Passed	Sillar.Modules.B2B.Tests.PermisosDeRutasTests	Sillar.Modules.B2B.Tests.PermisosDeRutasTests.Todas_las_rutas_del_panel_exigen_al_menos_editor	2026-10-08T14:30:50.3137671-05:00	00:00:01.0623587
Passed	Sillar.Modules.B2B.Tests.SelectoresDeCatalogoTests	Sillar.Modules.B2B.Tests.SelectoresDeCatalogoTests.Con_el_catalogo_real_no_se_eligen_productos_dados_de_baja	2026-10-08T14:30:47.2805478-05:00	00:00:28.6548110
Passed	Sillar.Modules.B2B.Tests.SelectoresDeCatalogoTests	Sillar.Modules.B2B.Tests.SelectoresDeCatalogoTests.El_frontend_de_M07_solo_llama_a_rutas_de_M07	2026-10-08T14:30:47.1438581-05:00	00:00:00.1322625
Passed	Sillar.Modules.B2B.Tests.SelectoresDeCatalogoTests	Sillar.Modules.B2B.Tests.SelectoresDeCatalogoTests.El_selector_de_presentaciones_usa_el_contrato_y_no_expone_codigos_internos_de_M01	2026-10-08T14:30:45.4275524-05:00	00:00:01.4458711
Passed	Sillar.Modules.B2B.Tests.SelectoresDeCatalogoTests	Sillar.Modules.B2B.Tests.SelectoresDeCatalogoTests.El_selector_de_productos_proyecta_solo_el_DTO_de_M07_y_descarta_los_inactivos	2026-10-08T14:30:46.9825753-05:00	00:00:00.1602927
Passed	Sillar.Modules.B2B.Tests.SelectoresDeCatalogoTests	Sillar.Modules.B2B.Tests.SelectoresDeCatalogoTests.Sin_texto_no_devuelven_nada_ni_preguntan_al_catalogo(q: "   ")	2026-10-08T14:31:15.9550604-05:00	00:00:00.0204331
Passed	Sillar.Modules.B2B.Tests.SelectoresDeCatalogoTests	Sillar.Modules.B2B.Tests.SelectoresDeCatalogoTests.Sin_texto_no_devuelven_nada_ni_preguntan_al_catalogo(q: "")	2026-10-08T14:31:15.9777194-05:00	00:00:00.0102676
Passed	Sillar.Modules.B2B.Tests.SelectoresDeCatalogoTests	Sillar.Modules.B2B.Tests.SelectoresDeCatalogoTests.Sin_texto_no_devuelven_nada_ni_preguntan_al_catalogo(q: null)	2026-10-08T14:31:15.9892081-05:00	00:00:00.0053168
Passed	Sillar.Modules.B2B.Tests.SolicitudesClienteTests	Sillar.Modules.B2B.Tests.SolicitudesClienteTests.Las_dos_formas_de_solicitud_comparten_el_cupo_de_la_cuenta	2026-10-08T14:39:05.6827560-05:00	00:00:39.4538931
Passed	Sillar.Modules.B2B.Tests.SolicitudesClienteTests	Sillar.Modules.B2B.Tests.SolicitudesClienteTests.Las_solicitudes_propias_no_traen_notas_internas_ni_las_de_otros	2026-10-08T14:40:11.8525197-05:00	00:00:26.7732046
Failed	Sillar.Modules.B2B.Tests.SolicitudesClienteTests	Sillar.Modules.B2B.Tests.SolicitudesClienteTests.Sobre_un_producto_no_publicado_dado_de_baja_o_inexistente_no_se_crea_nada(producto: "00000000-0000-7000-8000-0000000000a2")	2026-10-08T14:31:39.2357558-05:00	00:00:46.9075450
Passed	Sillar.Modules.B2B.Tests.SolicitudesClienteTests	Sillar.Modules.B2B.Tests.SolicitudesClienteTests.Sobre_un_producto_no_publicado_dado_de_baja_o_inexistente_no_se_crea_nada(producto: "00000000-0000-7000-8000-0000000000a3")	2026-10-08T14:31:16.1199471-05:00	00:00:23.0606167
Failed	Sillar.Modules.B2B.Tests.SolicitudesClienteTests	Sillar.Modules.B2B.Tests.SolicitudesClienteTests.Sobre_un_producto_no_publicado_dado_de_baja_o_inexistente_no_se_crea_nada(producto: "00000000-0000-7000-8000-0000000000ff")	2026-10-08T14:32:26.1739291-05:00	00:03:35.9485228
Passed	Sillar.Modules.B2B.Tests.SolicitudesClienteTests	Sillar.Modules.B2B.Tests.SolicitudesClienteTests.Una_cotizacion_ajena_o_en_borrador_no_se_distingue_de_una_inexistente	2026-10-08T14:30:45.4274907-05:00	00:00:30.5657038
Passed	Sillar.Modules.B2B.Tests.SolicitudesClienteTests	Sillar.Modules.B2B.Tests.SolicitudesClienteTests.Una_personalizacion_sobre_un_producto_publicado_se_crea_con_su_instantanea	2026-10-08T14:39:45.1383884-05:00	00:00:26.7092712
Failed	Sillar.Modules.B2B.Tests.SolicitudesClienteTests	Sillar.Modules.B2B.Tests.SolicitudesClienteTests.Una_peticion_invalida_no_crea_nada_ni_gasta_cupo	2026-10-08T14:36:02.1262619-05:00	00:03:03.5485459
Passed	Sillar.Modules.B2B.Tests.TransicionesDeSolicitudTests	Sillar.Modules.B2B.Tests.TransicionesDeSolicitudTests.Cerrada_y_rechazada_son_finales_y_la_frase_lo_dice	2026-10-08T14:30:46.4032636-05:00	00:00:00.1857710
Passed	Sillar.Modules.B2B.Tests.TransicionesDeSolicitudTests	Sillar.Modules.B2B.Tests.TransicionesDeSolicitudTests.Solo_se_permiten_las_seis_transiciones_de_la_regla_5	2026-10-08T14:30:46.5986327-05:00	00:00:00.0816772
Passed	Sillar.Modules.B2B.Tests.TransicionesDeSolicitudTests	Sillar.Modules.B2B.Tests.TransicionesDeSolicitudTests.Un_estado_inventado_no_es_estado	2026-10-08T14:30:46.3820493-05:00	00:00:00.0097967
Passed	Sillar.Modules.Catalog.Tests.BreadcrumbTests	Sillar.Modules.Catalog.Tests.BreadcrumbTests.Entre_varias_activas_se_elige_por_nombre_no_por_orden_de_llegada	2026-10-08T14:30:40.3818146-05:00	00:00:00.0207465
Passed	Sillar.Modules.Catalog.Tests.BreadcrumbTests	Sillar.Modules.Catalog.Tests.BreadcrumbTests.La_ruta_se_corta_en_el_primer_antecesor_inactivo_sin_incluirlo	2026-10-08T14:30:39.6281916-05:00	00:00:00.6808340
Passed	Sillar.Modules.Catalog.Tests.BreadcrumbTests	Sillar.Modules.Catalog.Tests.BreadcrumbTests.La_ruta_sube_de_la_categoria_hasta_la_raiz	2026-10-08T14:30:40.4270670-05:00	00:00:00.0080111
Passed	Sillar.Modules.Catalog.Tests.BreadcrumbTests	Sillar.Modules.Catalog.Tests.BreadcrumbTests.Si_la_principal_esta_activa_se_usa_ella	2026-10-08T14:30:40.4041162-05:00	00:00:00.0047971
Passed	Sillar.Modules.Catalog.Tests.BreadcrumbTests	Sillar.Modules.Catalog.Tests.BreadcrumbTests.Si_la_principal_esta_inactiva_se_usa_otra_activa_del_producto	2026-10-08T14:30:40.4456905-05:00	00:00:00.0007530
Passed	Sillar.Modules.Catalog.Tests.BreadcrumbTests	Sillar.Modules.Catalog.Tests.BreadcrumbTests.Si_ninguna_categoria_esta_activa_no_hay_miga	2026-10-08T14:30:40.4101915-05:00	00:00:00.0047917
Passed	Sillar.Modules.Catalog.Tests.BreadcrumbTests	Sillar.Modules.Catalog.Tests.BreadcrumbTests.Sin_categoria_principal_se_usa_otra_activa_igual	2026-10-08T14:30:40.4209928-05:00	00:00:00.0006061
Passed	Sillar.Modules.Catalog.Tests.CatalogContractPostgresTests	Sillar.Modules.Catalog.Tests.CatalogContractPostgresTests.BuscarPorCodigo_traduce_con_inner_join_y_respeta_actividad_y_proyeccion	2026-10-08T14:30:57.9729560-05:00	00:00:00.4946551
Passed	Sillar.Modules.Catalog.Tests.CatalogContractPostgresTests	Sillar.Modules.Catalog.Tests.CatalogContractPostgresTests.Buscar_traduce_con_inner_join_full_text_filtros_orden_y_limite_cero	2026-10-08T14:30:57.7207691-05:00	00:00:00.2429329
Passed	Sillar.Modules.Catalog.Tests.CatalogContractPostgresTests	Sillar.Modules.Catalog.Tests.CatalogContractPostgresTests.ItemExisteYEstaActivo_traduce_en_postgresql_y_distingue_activa_inactiva_e_inexistente	2026-10-08T14:30:39.6313968-05:00	00:00:16.3645887
Passed	Sillar.Modules.Catalog.Tests.CatalogContractPostgresTests	Sillar.Modules.Catalog.Tests.CatalogContractPostgresTests.ObtenerItem_traduce_con_inner_join_y_relee_variante_inactiva	2026-10-08T14:30:57.5879815-05:00	00:00:00.1258146
Passed	Sillar.Modules.Catalog.Tests.CatalogContractPostgresTests	Sillar.Modules.Catalog.Tests.CatalogContractPostgresTests.VariantesDe_traduce_con_inner_join_y_conserva_solo_item_activo_y_orden	2026-10-08T14:30:56.1196684-05:00	00:00:01.4602873
Passed	Sillar.Modules.Catalog.Tests.CatalogSelectionTests	Sillar.Modules.Catalog.Tests.CatalogSelectionTests.Pedir_cero_o_menos_devuelve_uno	2026-10-08T14:30:40.4192168-05:00	00:00:00.0685838
Passed	Sillar.Modules.Catalog.Tests.CatalogSelectionTests	Sillar.Modules.Catalog.Tests.CatalogSelectionTests.Pedir_mas_del_tope_devuelve_el_tope	2026-10-08T14:30:40.4892664-05:00	00:00:00.0130902
Passed	Sillar.Modules.Catalog.Tests.CatalogSelectionTests	Sillar.Modules.Catalog.Tests.CatalogSelectionTests.Un_limite_razonable_se_respeta	2026-10-08T14:30:40.5165261-05:00	00:00:00.0004750
Passed	Sillar.Modules.Catalog.Tests.CatalogTranslationTests	Sillar.Modules.Catalog.Tests.CatalogTranslationTests.Buscar_para_seleccion_se_traduce_y_se_ejecuta	2026-10-08T14:30:56.1895829-05:00	00:00:01.1186064
Passed	Sillar.Modules.Catalog.Tests.CatalogTranslationTests	Sillar.Modules.Catalog.Tests.CatalogTranslationTests.La_busqueda_no_distingue_tildes_ni_mayusculas	2026-10-08T14:30:39.6295236-05:00	00:00:16.4983040
Passed	Sillar.Modules.Catalog.Tests.CatalogTranslationTests	Sillar.Modules.Catalog.Tests.CatalogTranslationTests.Obtener_para_seleccion_se_traduce_y_devuelve_lo_mismo_que_buscar	2026-10-08T14:30:57.8047490-05:00	00:00:00.1229360
Passed	Sillar.Modules.Catalog.Tests.CatalogTranslationTests	Sillar.Modules.Catalog.Tests.CatalogTranslationTests.Un_producto_de_baja_no_se_puede_elegir_pero_si_releer	2026-10-08T14:30:57.7285321-05:00	00:00:00.0606010
Passed	Sillar.Modules.Catalog.Tests.CatalogTranslationTests	Sillar.Modules.Catalog.Tests.CatalogTranslationTests.Un_producto_que_no_existe_se_relee_como_nulo	2026-10-08T14:30:57.3222525-05:00	00:00:00.4022120
Passed	Sillar.Modules.Catalog.Tests.CategoryTreeTests	Sillar.Modules.Catalog.Tests.CategoryTreeTests.Asignar_un_padre_sin_relacion_no_es_ciclo	2026-10-08T14:30:40.1318322-05:00	00:00:00.0728586
Passed	Sillar.Modules.Catalog.Tests.CategoryTreeTests	Sillar.Modules.Catalog.Tests.CategoryTreeTests.Asignar_una_raiz_nueva_no_es_ciclo	2026-10-08T14:30:39.6294699-05:00	00:00:00.2136901
Passed	Sillar.Modules.Catalog.Tests.CategoryTreeTests	Sillar.Modules.Catalog.Tests.CategoryTreeTests.Mover_una_hoja_a_otra_rama_no_es_ciclo	2026-10-08T14:30:40.2058981-05:00	00:00:00.0114831
Passed	Sillar.Modules.Catalog.Tests.CategoryTreeTests	Sillar.Modules.Catalog.Tests.CategoryTreeTests.Ser_padre_de_si_misma_es_ciclo	2026-10-08T14:30:40.0540980-05:00	00:00:00.0721127
Passed	Sillar.Modules.Catalog.Tests.CategoryTreeTests	Sillar.Modules.Catalog.Tests.CategoryTreeTests.Un_ciclo_largo_tambien_se_detecta	2026-10-08T14:30:40.2184654-05:00	00:00:00.0116209
Passed	Sillar.Modules.Catalog.Tests.ItemPricingTests	Sillar.Modules.Catalog.Tests.ItemPricingTests.Cero_no_es_lo_mismo_que_nulo	2026-10-08T14:30:40.3931491-05:00	00:00:00.0164957
Passed	Sillar.Modules.Catalog.Tests.ItemPricingTests	Sillar.Modules.Catalog.Tests.ItemPricingTests.Con_precio_propio_lo_usa_a_el	2026-10-08T14:30:40.2182012-05:00	00:00:00.1224633
Passed	Sillar.Modules.Catalog.Tests.ItemPricingTests	Sillar.Modules.Catalog.Tests.ItemPricingTests.El_minimo_cuenta_lo_que_se_hereda_no_solo_lo_propio	2026-10-08T14:30:39.6294965-05:00	00:00:00.2574949
Passed	Sillar.Modules.Catalog.Tests.ItemPricingTests	Sillar.Modules.Catalog.Tests.ItemPricingTests.Gratis_es_un_precio_y_puede_ser_el_minimo	2026-10-08T14:30:40.1452275-05:00	00:00:00.0361051
Passed	Sillar.Modules.Catalog.Tests.ItemPricingTests	Sillar.Modules.Catalog.Tests.ItemPricingTests.Nulo_en_los_dos_es_consultar_precio_no_cero	2026-10-08T14:30:40.1919874-05:00	00:00:00.0180280
Passed	Sillar.Modules.Catalog.Tests.ItemPricingTests	Sillar.Modules.Catalog.Tests.ItemPricingTests.Si_cuestan_distinto_la_tarjeta_ensena_el_minimo_con_desde	2026-10-08T14:30:40.2154719-05:00	00:00:00.0014547
Passed	Sillar.Modules.Catalog.Tests.ItemPricingTests	Sillar.Modules.Catalog.Tests.ItemPricingTests.Si_todas_las_presentaciones_cuestan_igual_la_tarjeta_no_dice_desde	2026-10-08T14:30:40.0526976-05:00	00:00:00.0913685
Passed	Sillar.Modules.Catalog.Tests.ItemPricingTests	Sillar.Modules.Catalog.Tests.ItemPricingTests.Sin_precio_propio_usa_el_de_lista	2026-10-08T14:30:40.3420693-05:00	00:00:00.0238998
Passed	Sillar.Modules.Catalog.Tests.ItemPricingTests	Sillar.Modules.Catalog.Tests.ItemPricingTests.Un_producto_sin_presentaciones_ensena_su_precio_de_lista	2026-10-08T14:30:40.1826387-05:00	00:00:00.0079241
Passed	Sillar.Modules.Catalog.Tests.ItemPricingTests	Sillar.Modules.Catalog.Tests.ItemPricingTests.Una_sola_a_consultar_deja_toda_la_tarjeta_a_consultar	2026-10-08T14:30:40.3787789-05:00	00:00:00.0007342
Passed	Sillar.Modules.Catalog.Tests.ProductEventTests	Sillar.Modules.Catalog.Tests.ProductEventTests.Cambiar_las_categorias_avisa	2026-10-08T14:30:56.1184302-05:00	00:00:02.4725926
Passed	Sillar.Modules.Catalog.Tests.ProductEventTests	Sillar.Modules.Catalog.Tests.ProductEventTests.Dar_de_baja_y_reactivar_avisan_los_dos	2026-10-08T14:30:58.5948584-05:00	00:00:00.8535049
Passed	Sillar.Modules.Catalog.Tests.ProductEventTests	Sillar.Modules.Catalog.Tests.ProductEventTests.Editar_una_presentacion_avisa_de_que_cambio_el_producto	2026-10-08T14:30:39.6295492-05:00	00:00:16.3748233
Passed	Sillar.Modules.Catalog.Tests.ProductEventTests	Sillar.Modules.Catalog.Tests.ProductEventTests.La_forma_interna_del_producto_no_cambia_lo_que_se_emite	2026-10-08T14:30:59.4538266-05:00	00:00:00.4727306
Passed	Sillar.Modules.Catalog.Tests.ProductItemRulesTests	Sillar.Modules.Catalog.Tests.ProductItemRulesTests.El_mensaje_no_es_un_error_generico	2026-10-08T14:30:40.0502762-05:00	00:00:00.0834057
Passed	Sillar.Modules.Catalog.Tests.ProductItemRulesTests	Sillar.Modules.Catalog.Tests.ProductItemRulesTests.Si_es_la_ultima_el_mensaje_propone_desactivar_el_producto	2026-10-08T14:30:40.1350770-05:00	00:00:00.0321574
Passed	Sillar.Modules.Catalog.Tests.ProductItemRulesTests	Sillar.Modules.Catalog.Tests.ProductItemRulesTests.Si_no_es_la_ultima_no_hay_bloqueo	2026-10-08T14:30:39.6293961-05:00	00:00:00.1922240
Passed	Sillar.Modules.Catalog.Tests.SlugGeneratorTests	Sillar.Modules.Catalog.Tests.SlugGeneratorTests.Formatos_invalidos_no_pasan(slug: "")	2026-10-08T14:30:40.1485294-05:00	00:00:00.0168817
Passed	Sillar.Modules.Catalog.Tests.SlugGeneratorTests	Sillar.Modules.Catalog.Tests.SlugGeneratorTests.Formatos_invalidos_no_pasan(slug: "-artesco")	2026-10-08T14:30:40.1982010-05:00	00:00:00.0153460
Passed	Sillar.Modules.Catalog.Tests.SlugGeneratorTests	Sillar.Modules.Catalog.Tests.SlugGeneratorTests.Formatos_invalidos_no_pasan(slug: "Artesco")	2026-10-08T14:30:40.1839934-05:00	00:00:00.0120934
Passed	Sillar.Modules.Catalog.Tests.SlugGeneratorTests	Sillar.Modules.Catalog.Tests.SlugGeneratorTests.Formatos_invalidos_no_pasan(slug: "artesco verde")	2026-10-08T14:30:40.1736943-05:00	00:00:00.0000847
Passed	Sillar.Modules.Catalog.Tests.SlugGeneratorTests	Sillar.Modules.Catalog.Tests.SlugGeneratorTests.Formatos_invalidos_no_pasan(slug: "artesco-")	2026-10-08T14:30:40.1286012-05:00	00:00:00.0003668
Passed	Sillar.Modules.Catalog.Tests.SlugGeneratorTests	Sillar.Modules.Catalog.Tests.SlugGeneratorTests.Formatos_invalidos_no_pasan(slug: "artesco--verde")	2026-10-08T14:30:40.1971632-05:00	00:00:00.0000758
Passed	Sillar.Modules.Catalog.Tests.SlugGeneratorTests	Sillar.Modules.Catalog.Tests.SlugGeneratorTests.Formatos_invalidos_no_pasan(slug: null)	2026-10-08T14:30:40.2146019-05:00	00:00:00.0000743
Passed	Sillar.Modules.Catalog.Tests.SlugGeneratorTests	Sillar.Modules.Catalog.Tests.SlugGeneratorTests.Formatos_validos_pasan(slug: "a4-100-hojas")	2026-10-08T14:30:40.0381182-05:00	00:00:00.0009188
Passed	Sillar.Modules.Catalog.Tests.SlugGeneratorTests	Sillar.Modules.Catalog.Tests.SlugGeneratorTests.Formatos_validos_pasan(slug: "artesco")	2026-10-08T14:30:40.0539544-05:00	00:00:00.0000782
Passed	Sillar.Modules.Catalog.Tests.SlugGeneratorTests	Sillar.Modules.Catalog.Tests.SlugGeneratorTests.Formatos_validos_pasan(slug: "plumon-de-pizarra-verde")	2026-10-08T14:30:39.6295767-05:00	00:00:00.2240726
Passed	Sillar.Modules.Catalog.Tests.SlugGeneratorTests	Sillar.Modules.Catalog.Tests.SlugGeneratorTests.La_ene_con_virgulilla_pliega_a_ene	2026-10-08T14:30:40.3682120-05:00	00:00:00.0006135
Passed	Sillar.Modules.Catalog.Tests.SlugGeneratorTests	Sillar.Modules.Catalog.Tests.SlugGeneratorTests.Las_tildes_desaparecen_sin_dejar_hueco	2026-10-08T14:30:40.3784231-05:00	00:00:00.0004327
Passed	Sillar.Modules.Catalog.Tests.SlugGeneratorTests	Sillar.Modules.Catalog.Tests.SlugGeneratorTests.Lo_que_genera_esta_clase_siempre_es_valido_para_ella_misma	2026-10-08T14:30:40.3081673-05:00	00:00:00.0007982
Passed	Sillar.Modules.Catalog.Tests.SlugGeneratorTests	Sillar.Modules.Catalog.Tests.SlugGeneratorTests.Los_espacios_multiples_no_dejan_guiones_dobles	2026-10-08T14:30:40.3517011-05:00	00:00:00.0003383
Passed	Sillar.Modules.Catalog.Tests.SlugGeneratorTests	Sillar.Modules.Catalog.Tests.SlugGeneratorTests.No_hay_guion_al_principio_ni_al_final	2026-10-08T14:30:40.3304904-05:00	00:00:00.0198895
Passed	Sillar.Modules.Catalog.Tests.SlugGeneratorTests	Sillar.Modules.Catalog.Tests.SlugGeneratorTests.Un_nombre_simple_se_pasa_a_minusculas_y_guiones	2026-10-08T14:30:40.2272987-05:00	00:00:00.0606802
Passed	Sillar.Modules.Cms.Tests.ContratosHttpTests	Sillar.Modules.Cms.Tests.ContratosHttpTests.Administracion_de_trabajos_distingue_los_incompletos	2026-10-08T14:30:43.9186674-05:00	00:00:00.0251957
Passed	Sillar.Modules.Cms.Tests.ContratosHttpTests	Sillar.Modules.Cms.Tests.ContratosHttpTests.Administracion_distingue_el_estado_del_producto_del_estado_del_destacado	2026-10-08T14:30:45.5167686-05:00	00:00:00.0107385
Passed	Sillar.Modules.Cms.Tests.ContratosHttpTests	Sillar.Modules.Cms.Tests.ContratosHttpTests.Destacados_exponen_el_snapshot_sin_precio_formateado	2026-10-08T14:30:45.4782165-05:00	00:00:00.0307761
Passed	Sillar.Modules.Cms.Tests.ContratosHttpTests	Sillar.Modules.Cms.Tests.ContratosHttpTests.Editar_no_permite_desactivar_ni_reordenar_por_un_campo_suelto	2026-10-08T14:30:43.2125738-05:00	00:00:00.3219725
Passed	Sillar.Modules.Cms.Tests.ContratosHttpTests	Sillar.Modules.Cms.Tests.ContratosHttpTests.Las_tres_respuestas_programables_exponen_un_estado_controlado	2026-10-08T14:30:43.9452015-05:00	00:00:01.5032194
Passed	Sillar.Modules.Cms.Tests.ContratosHttpTests	Sillar.Modules.Cms.Tests.ContratosHttpTests.Ninguna_respuesta_publica_expone_identificadores_de_medios	2026-10-08T14:30:45.4518283-05:00	00:00:00.0249800
Passed	Sillar.Modules.Cms.Tests.ContratosHttpTests	Sillar.Modules.Cms.Tests.ContratosHttpTests.Trabajos_y_redes_no_exponen_estado_de_ventana	2026-10-08T14:30:45.5099552-05:00	00:00:00.0055286
Passed	Sillar.Modules.Cms.Tests.EventosCatalogoTests	Sillar.Modules.Cms.Tests.EventosCatalogoTests.Los_tres_manejadores_se_registran_como_singleton_para_el_bus_raiz	2026-10-08T14:30:43.2124080-05:00	00:00:00.5534628
Passed	Sillar.Modules.Cms.Tests.ProductoDestacadoTests	Sillar.Modules.Cms.Tests.ProductoDestacadoTests.Precio_a_consultar_gratis_y_positivo_son_validos	2026-10-08T14:30:45.2207394-05:00	00:00:00.0010865
Passed	Sillar.Modules.Cms.Tests.ProductoDestacadoTests	Sillar.Modules.Cms.Tests.ProductoDestacadoTests.Precio_negativo_se_rechaza	2026-10-08T14:30:45.2947363-05:00	00:00:00.0004978
Passed	Sillar.Modules.Cms.Tests.ProductoDestacadoTests	Sillar.Modules.Cms.Tests.ProductoDestacadoTests.Producto_dado_de_baja_no_puede_publicarse_aunque_siga_publico	2026-10-08T14:30:45.2564444-05:00	00:00:00.0077292
Passed	Sillar.Modules.Cms.Tests.ProductoDestacadoTests	Sillar.Modules.Cms.Tests.ProductoDestacadoTests.Producto_no_publico_no_puede_publicarse	2026-10-08T14:30:45.2805967-05:00	00:00:00.0051833
Passed	Sillar.Modules.Cms.Tests.ProductoDestacadoTests	Sillar.Modules.Cms.Tests.ProductoDestacadoTests.Producto_publico_y_enlazado_puede_publicarse	2026-10-08T14:30:45.2676999-05:00	00:00:00.0062650
Passed	Sillar.Modules.Cms.Tests.ProductoDestacadoTests	Sillar.Modules.Cms.Tests.ProductoDestacadoTests.Releer_el_snapshot_sobrescribe_el_estado_del_producto_y_es_idempotente	2026-10-08T14:30:45.1676448-05:00	00:00:00.0464364
Passed	Sillar.Modules.Cms.Tests.ProductoDestacadoTests	Sillar.Modules.Cms.Tests.ProductoDestacadoTests.Respuesta_conserva_precio_nulo_cero_y_positivo_como_estados_distintos	2026-10-08T14:30:43.2126306-05:00	00:00:01.8278718
Passed	Sillar.Modules.Cms.Tests.ProductoDestacadoTests	Sillar.Modules.Cms.Tests.ProductoDestacadoTests.Snapshot_con_producto_no_esta_pendiente_de_volver_a_enlazar	2026-10-08T14:30:45.2266822-05:00	00:00:00.0009507
Passed	Sillar.Modules.Cms.Tests.ProductoDestacadoTests	Sillar.Modules.Cms.Tests.ProductoDestacadoTests.Snapshot_sin_producto_esta_pendiente_de_volver_a_enlazar	2026-10-08T14:30:45.2997833-05:00	00:00:00.0004502
Passed	Sillar.Modules.Cms.Tests.ReactivacionRedSocialTests	Sillar.Modules.Cms.Tests.ReactivacionRedSocialTests.Crear_desactivar_y_reactivar_instagram_recupera_la_misma_fila	2026-10-08T14:30:43.2126024-05:00	00:00:15.3812898
Passed	Sillar.Modules.Cms.Tests.ReactivacionRedSocialTests	Sillar.Modules.Cms.Tests.ReactivacionRedSocialTests.Reactivar_exige_editor_y_admin_para_aplicar_la_jerarquia_existente	2026-10-08T14:30:59.0318064-05:00	00:00:01.4745420
Passed	Sillar.Modules.Cms.Tests.ReactivacionRedSocialTests	Sillar.Modules.Cms.Tests.ReactivacionRedSocialTests.Reactivar_una_activa_es_idempotente_y_un_id_inexistente_no_se_inventa	2026-10-08T14:30:58.8058963-05:00	00:00:00.2220940
Passed	Sillar.Modules.Cms.Tests.ReglasContenidoTests	Sillar.Modules.Cms.Tests.ReglasContenidoTests.Enlace_sin_texto_visible_se_rechaza	2026-10-08T14:30:44.3251989-05:00	00:00:00.0033810
Passed	Sillar.Modules.Cms.Tests.ReglasContenidoTests	Sillar.Modules.Cms.Tests.ReglasContenidoTests.Fecha_de_fin_anterior_nombra_la_fecha_que_hay_que_corregir	2026-10-08T14:30:44.3918631-05:00	00:00:00.0008766
Passed	Sillar.Modules.Cms.Tests.ReglasContenidoTests	Sillar.Modules.Cms.Tests.ReglasContenidoTests.Fecha_de_fin_igual_al_inicio_tambien_se_rechaza	2026-10-08T14:30:44.3145541-05:00	00:00:00.0033910
Passed	Sillar.Modules.Cms.Tests.ReglasContenidoTests	Sillar.Modules.Cms.Tests.ReglasContenidoTests.Imagen_sin_texto_alternativo_se_rechaza	2026-10-08T14:30:43.2180847-05:00	00:00:00.2782398
Passed	Sillar.Modules.Cms.Tests.ReglasContenidoTests	Sillar.Modules.Cms.Tests.ReglasContenidoTests.Plataforma_social_fuera_de_la_lista_se_rechaza	2026-10-08T14:30:44.3417998-05:00	00:00:00.0266402
Passed	Sillar.Modules.Cms.Tests.ReglasContenidoTests	Sillar.Modules.Cms.Tests.ReglasContenidoTests.Plataforma_social_se_normaliza(original: " WHATSAPP ", expected: "whatsapp")	2026-10-08T14:30:44.2311406-05:00	00:00:00.0586412
Passed	Sillar.Modules.Cms.Tests.ReglasContenidoTests	Sillar.Modules.Cms.Tests.ReglasContenidoTests.Plataforma_social_se_normaliza(original: "Instagram", expected: "instagram")	2026-10-08T14:30:44.1811430-05:00	00:00:00.0470650
Passed	Sillar.Modules.Cms.Tests.ReglasContenidoTests	Sillar.Modules.Cms.Tests.ReglasContenidoTests.Ruta_interna_y_https_con_etiqueta_se_aceptan(url: "/catalogo")	2026-10-08T14:30:43.9627959-05:00	00:00:00.0212682
Passed	Sillar.Modules.Cms.Tests.ReglasContenidoTests	Sillar.Modules.Cms.Tests.ReglasContenidoTests.Ruta_interna_y_https_con_etiqueta_se_aceptan(url: "https://sillar.example/catalogo")	2026-10-08T14:30:43.9850095-05:00	00:00:00.1709697
Passed	Sillar.Modules.Cms.Tests.ReglasContenidoTests	Sillar.Modules.Cms.Tests.ReglasContenidoTests.Sin_imagen_el_texto_alternativo_puede_ser_nulo	2026-10-08T14:30:44.3332416-05:00	00:00:00.0003122
Passed	Sillar.Modules.Cms.Tests.ReglasContenidoTests	Sillar.Modules.Cms.Tests.ReglasContenidoTests.Texto_alternativo_de_espacios_se_rechaza_aunque_no_haya_imagen	2026-10-08T14:30:44.3026561-05:00	00:00:00.0002869
Passed	Sillar.Modules.Cms.Tests.ReordenamientoTests	Sillar.Modules.Cms.Tests.ReordenamientoTests.Cinco_elementos_reciben_exactamente_el_orden_solicitado	2026-10-08T14:30:44.0840445-05:00	00:00:00.6205969
Passed	Sillar.Modules.Cms.Tests.ReordenamientoTests	Sillar.Modules.Cms.Tests.ReordenamientoTests.Omitir_un_elemento_invalida_la_lista_completa	2026-10-08T14:30:44.0141570-05:00	00:00:00.0654190
Passed	Sillar.Modules.Cms.Tests.ReordenamientoTests	Sillar.Modules.Cms.Tests.ReordenamientoTests.Un_identificador_inexistente_invalida_el_plan_entero	2026-10-08T14:30:44.7058728-05:00	00:00:00.0216879
Passed	Sillar.Modules.Cms.Tests.ReordenamientoTests	Sillar.Modules.Cms.Tests.ReordenamientoTests.Un_identificador_repetido_no_produce_asignaciones_parciales	2026-10-08T14:30:43.2106524-05:00	00:00:00.4319243
Passed	Sillar.Modules.Cms.Tests.ReordenamientoTests	Sillar.Modules.Cms.Tests.ReordenamientoTests.Una_seccion_vacia_acepta_una_lista_vacia	2026-10-08T14:30:43.9162748-05:00	00:00:00.0779305
Passed	Sillar.Modules.Cms.Tests.TrabajoDestacadoTests	Sillar.Modules.Cms.Tests.TrabajoDestacadoTests.Con_imagen_activa_y_texto_alternativo_el_trabajo_esta_completo	2026-10-08T14:30:43.9520620-05:00	00:00:00.0224086
Passed	Sillar.Modules.Cms.Tests.TrabajoDestacadoTests	Sillar.Modules.Cms.Tests.TrabajoDestacadoTests.Con_medio_inactivo_el_trabajo_esta_incompleto	2026-10-08T14:30:43.9269258-05:00	00:00:00.0241580
Passed	Sillar.Modules.Cms.Tests.TrabajoDestacadoTests	Sillar.Modules.Cms.Tests.TrabajoDestacadoTests.Sin_imagen_el_trabajo_esta_incompleto	2026-10-08T14:30:43.2125463-05:00	00:00:00.3266626
Passed	Sillar.Modules.Cms.Tests.VigenciaPublicacionTests	Sillar.Modules.Cms.Tests.VigenciaPublicacionTests.Activo_sin_fechas_esta_vigente	2026-10-08T14:30:45.1519089-05:00	00:00:00.0279761
Passed	Sillar.Modules.Cms.Tests.VigenciaPublicacionTests	Sillar.Modules.Cms.Tests.VigenciaPublicacionTests.Banners_promociones_y_destacados_usan_la_misma_clasificacion	2026-10-08T14:30:45.0629553-05:00	00:00:00.0358531
Passed	Sillar.Modules.Cms.Tests.VigenciaPublicacionTests	Sillar.Modules.Cms.Tests.VigenciaPublicacionTests.Banners_promociones_y_destacados_usan_la_misma_expresion	2026-10-08T14:30:44.9518703-05:00	00:00:00.1100575
Passed	Sillar.Modules.Cms.Tests.VigenciaPublicacionTests	Sillar.Modules.Cms.Tests.VigenciaPublicacionTests.Dentro_del_intervalo_esta_vigente	2026-10-08T14:30:44.0832899-05:00	00:00:00.1797233
Passed	Sillar.Modules.Cms.Tests.VigenciaPublicacionTests	Sillar.Modules.Cms.Tests.VigenciaPublicacionTests.Empieza_exactamente_ahora_y_esta_vigente	2026-10-08T14:30:45.1295874-05:00	00:00:00.0185602
Passed	Sillar.Modules.Cms.Tests.VigenciaPublicacionTests	Sillar.Modules.Cms.Tests.VigenciaPublicacionTests.Estado_administrativo_respeta_la_misma_ventana(isActive: False, startMinutes: null, endMinutes: null, expected: Inactive)	2026-10-08T14:30:44.5283167-05:00	00:00:00.0326005
Passed	Sillar.Modules.Cms.Tests.VigenciaPublicacionTests	Sillar.Modules.Cms.Tests.VigenciaPublicacionTests.Estado_administrativo_respeta_la_misma_ventana(isActive: True, startMinutes: -1, endMinutes: 0, expected: Expired)	2026-10-08T14:30:44.6229964-05:00	00:00:00.0530902
Passed	Sillar.Modules.Cms.Tests.VigenciaPublicacionTests	Sillar.Modules.Cms.Tests.VigenciaPublicacionTests.Estado_administrativo_respeta_la_misma_ventana(isActive: True, startMinutes: -1, endMinutes: 1, expected: Current)	2026-10-08T14:30:44.7591011-05:00	00:00:00.0609991
Passed	Sillar.Modules.Cms.Tests.VigenciaPublicacionTests	Sillar.Modules.Cms.Tests.VigenciaPublicacionTests.Estado_administrativo_respeta_la_misma_ventana(isActive: True, startMinutes: -1, endMinutes: null, expected: Current)	2026-10-08T14:30:44.5617969-05:00	00:00:00.0603027
Passed	Sillar.Modules.Cms.Tests.VigenciaPublicacionTests	Sillar.Modules.Cms.Tests.VigenciaPublicacionTests.Estado_administrativo_respeta_la_misma_ventana(isActive: True, startMinutes: -2, endMinutes: -1, expected: Expired)	2026-10-08T14:30:44.8562435-05:00	00:00:00.0412437
Passed	Sillar.Modules.Cms.Tests.VigenciaPublicacionTests	Sillar.Modules.Cms.Tests.VigenciaPublicacionTests.Estado_administrativo_respeta_la_misma_ventana(isActive: True, startMinutes: 0, endMinutes: 1, expected: Current)	2026-10-08T14:30:44.3074139-05:00	00:00:00.2061153
Passed	Sillar.Modules.Cms.Tests.VigenciaPublicacionTests	Sillar.Modules.Cms.Tests.VigenciaPublicacionTests.Estado_administrativo_respeta_la_misma_ventana(isActive: True, startMinutes: 1, endMinutes: null, expected: Scheduled)	2026-10-08T14:30:44.6769743-05:00	00:00:00.0811920
Passed	Sillar.Modules.Cms.Tests.VigenciaPublicacionTests	Sillar.Modules.Cms.Tests.VigenciaPublicacionTests.Inactivo_no_esta_vigente_aunque_no_tenga_fechas	2026-10-08T14:30:43.2125180-05:00	00:00:00.7375559
Passed	Sillar.Modules.Cms.Tests.VigenciaPublicacionTests	Sillar.Modules.Cms.Tests.VigenciaPublicacionTests.Programado_para_despues_no_esta_vigente	2026-10-08T14:30:44.9026459-05:00	00:00:00.0477422
Passed	Sillar.Modules.Cms.Tests.VigenciaPublicacionTests	Sillar.Modules.Cms.Tests.VigenciaPublicacionTests.Termina_exactamente_ahora_y_ya_no_esta_vigente	2026-10-08T14:30:45.1004986-05:00	00:00:00.0274848
Passed	Sillar.Modules.Crm.Tests.ContactMessageContractTests	Sillar.Modules.Crm.Tests.ContactMessageContractTests.Respuestas_de_contacto_no_exponen_secretos(type: typeof(Sillar.Modules.Crm.Dtos.AdminContactMessageDetailResponse))	2026-10-08T14:30:46.6625984-05:00	00:00:00.0002023
Passed	Sillar.Modules.Crm.Tests.ContactMessageContractTests	Sillar.Modules.Crm.Tests.ContactMessageContractTests.Respuestas_de_contacto_no_exponen_secretos(type: typeof(Sillar.Modules.Crm.Dtos.AdminContactMessageListItemResponse))	2026-10-08T14:30:46.6301348-05:00	00:00:00.0133595
Passed	Sillar.Modules.Crm.Tests.ContactMessageContractTests	Sillar.Modules.Crm.Tests.ContactMessageContractTests.Respuestas_de_contacto_no_exponen_secretos(type: typeof(Sillar.Modules.Crm.Dtos.PublicContactAcceptedResponse))	2026-10-08T14:30:46.6541594-05:00	00:00:00.0008486
Passed	Sillar.Modules.Crm.Tests.ContactMessageServiceTests	Sillar.Modules.Crm.Tests.ContactMessageServiceTests.Admin_lee_y_da_de_baja_sin_borrar	2026-10-08T14:30:45.9426156-05:00	00:00:12.4626166
Passed	Sillar.Modules.Crm.Tests.ContactMessageServiceTests	Sillar.Modules.Crm.Tests.ContactMessageServiceTests.Sesion_valida_puede_vincular_customer_y_conserva_snapshot	2026-10-08T14:31:00.6621806-05:00	00:00:01.8782442
Passed	Sillar.Modules.Crm.Tests.ContactMessageServiceTests	Sillar.Modules.Crm.Tests.ContactMessageServiceTests.Sin_correo_ni_telefono_se_rechaza	2026-10-08T14:30:58.4913815-05:00	00:00:02.1681885
Passed	Sillar.Modules.Crm.Tests.ContactMessageServiceTests	Sillar.Modules.Crm.Tests.ContactMessageServiceTests.Visitante_guarda_mensaje_sin_customer_id	2026-10-08T14:31:02.5552134-05:00	00:00:00.6786098
Passed	Sillar.Modules.Crm.Tests.ContactSubmissionThrottleTests	Sillar.Modules.Crm.Tests.ContactSubmissionThrottleTests.Al_terminar_la_ventana_la_ip_puede_enviar_de_nuevo	2026-10-08T14:30:46.5173722-05:00	00:00:00.0193149
Passed	Sillar.Modules.Crm.Tests.ContactSubmissionThrottleTests	Sillar.Modules.Crm.Tests.ContactSubmissionThrottleTests.Cinco_intentos_entran_y_el_sexto_se_limita	2026-10-08T14:30:45.9425906-05:00	00:00:00.2526150
Passed	Sillar.Modules.Crm.Tests.ContactSubmissionThrottleTests	Sillar.Modules.Crm.Tests.ContactSubmissionThrottleTests.Otra_ip_tiene_su_propio_contador	2026-10-08T14:30:46.4804917-05:00	00:00:00.0358919
Passed	Sillar.Modules.Crm.Tests.CrmPersistenceTests	Sillar.Modules.Crm.Tests.CrmPersistenceTests.Test01_CrmInitial_aplica_desde_cero	2026-10-08T14:42:12.0584264-05:00	00:00:00.0265445
Passed	Sillar.Modules.Crm.Tests.CrmPersistenceTests	Sillar.Modules.Crm.Tests.CrmPersistenceTests.Test02_customer_y_address_generan_uuid_v7	2026-10-08T14:42:14.0987378-05:00	00:00:00.5081433
Passed	Sillar.Modules.Crm.Tests.CrmPersistenceTests	Sillar.Modules.Crm.Tests.CrmPersistenceTests.Test03_segunda_account_para_mismo_customer_falla	2026-10-08T14:42:17.1211595-05:00	00:00:00.5660493
Passed	Sillar.Modules.Crm.Tests.CrmPersistenceTests	Sillar.Modules.Crm.Tests.CrmPersistenceTests.Test04_email_duplicado_falla_con_ficha_no_activa(label: "baja")	2026-10-08T14:41:23.1735088-05:00	00:00:07.2124022
Passed	Sillar.Modules.Crm.Tests.CrmPersistenceTests	Sillar.Modules.Crm.Tests.CrmPersistenceTests.Test04_email_duplicado_falla_con_ficha_no_activa(label: "bloqueada")	2026-10-08T14:41:15.9159310-05:00	00:00:07.2569414
Passed	Sillar.Modules.Crm.Tests.CrmPersistenceTests	Sillar.Modules.Crm.Tests.CrmPersistenceTests.Test05_documento_duplicado_falla	2026-10-08T14:42:04.8716808-05:00	00:00:01.5577467
Passed	Sillar.Modules.Crm.Tests.CrmPersistenceTests	Sillar.Modules.Crm.Tests.CrmPersistenceTests.Test06_combinaciones_invalidas_lifecycle_fallan(isActive: False, hasDeact: False, hasBlocked: False, label: "inactiva sin deactivated_at ni blocked_at")	2026-10-08T14:41:43.6811118-05:00	00:00:04.6757247
Passed	Sillar.Modules.Crm.Tests.CrmPersistenceTests	Sillar.Modules.Crm.Tests.CrmPersistenceTests.Test06_combinaciones_invalidas_lifecycle_fallan(isActive: False, hasDeact: True, hasBlocked: True, label: "de baja y bloqueada a la vez")	2026-10-08T14:41:48.3573956-05:00	00:00:02.4167786
Passed	Sillar.Modules.Crm.Tests.CrmPersistenceTests	Sillar.Modules.Crm.Tests.CrmPersistenceTests.Test06_combinaciones_invalidas_lifecycle_fallan(isActive: True, hasDeact: False, hasBlocked: True, label: "activa pero con blocked_at")	2026-10-08T14:41:50.7749078-05:00	00:00:02.4425381
Passed	Sillar.Modules.Crm.Tests.CrmPersistenceTests	Sillar.Modules.Crm.Tests.CrmPersistenceTests.Test06_combinaciones_invalidas_lifecycle_fallan(isActive: True, hasDeact: True, hasBlocked: False, label: "activa pero con deactivated_at")	2026-10-08T14:41:40.3294342-05:00	00:00:03.3509477
Passed	Sillar.Modules.Crm.Tests.CrmPersistenceTests	Sillar.Modules.Crm.Tests.CrmPersistenceTests.Test07_reactivation_resolved_sin_requested_falla	2026-10-08T14:42:11.6819322-05:00	00:00:00.3760728
Passed	Sillar.Modules.Crm.Tests.CrmPersistenceTests	Sillar.Modules.Crm.Tests.CrmPersistenceTests.Test08_reactivation_resolved_anterior_a_requested_falla	2026-10-08T14:42:16.1032965-05:00	00:00:00.4454244
Passed	Sillar.Modules.Crm.Tests.CrmPersistenceTests	Sillar.Modules.Crm.Tests.CrmPersistenceTests.Test09_dos_preferidas_activas_del_mismo_cliente_falla	2026-10-08T14:41:33.1064876-05:00	00:00:04.4136338
Passed	Sillar.Modules.Crm.Tests.CrmPersistenceTests	Sillar.Modules.Crm.Tests.CrmPersistenceTests.Test10_purpose_invalido_falla(purpose: "")	2026-10-08T14:42:08.8215645-05:00	00:00:01.4146716
Passed	Sillar.Modules.Crm.Tests.CrmPersistenceTests	Sillar.Modules.Crm.Tests.CrmPersistenceTests.Test10_purpose_invalido_falla(purpose: "login")	2026-10-08T14:42:07.6840106-05:00	00:00:01.1370080
Passed	Sillar.Modules.Crm.Tests.CrmPersistenceTests	Sillar.Modules.Crm.Tests.CrmPersistenceTests.Test10_purpose_invalido_falla(purpose: "reset")	2026-10-08T14:42:06.4414228-05:00	00:00:01.2422946
Passed	Sillar.Modules.Crm.Tests.CrmPersistenceTests	Sillar.Modules.Crm.Tests.CrmPersistenceTests.Test11_consumo_concurrente_del_mismo_token_produce_un_ganador	2026-10-08T14:42:15.6599918-05:00	00:00:00.4428956
Passed	Sillar.Modules.Crm.Tests.CrmPersistenceTests	Sillar.Modules.Crm.Tests.CrmPersistenceTests.Test12_eliminar_schema_crm_no_toca_core_ni_catalog	2026-10-08T14:42:11.0506894-05:00	00:00:00.6302240
Passed	Sillar.Modules.Crm.Tests.CrmPersistenceTests	Sillar.Modules.Crm.Tests.CrmPersistenceTests.Test13_reinstalar_crminitial_sobre_schema_limpio_funciona	2026-10-08T14:42:10.2534165-05:00	00:00:00.7965255
Passed	Sillar.Modules.Crm.Tests.CrmPersistenceTests	Sillar.Modules.Crm.Tests.CrmPersistenceTests.Test14_nfc_y_nfd_chocan_en_uq_customers_email	2026-10-08T14:42:00.0378960-05:00	00:00:04.8325407
Passed	Sillar.Modules.Crm.Tests.CrmPersistenceTests	Sillar.Modules.Crm.Tests.CrmPersistenceTests.Test14b_base_rechaza_todos_los_blancos_que_dotnet_trim_recorta	2026-10-08T14:41:53.2184772-05:00	00:00:04.4077209
Passed	Sillar.Modules.Crm.Tests.CrmPersistenceTests	Sillar.Modules.Crm.Tests.CrmPersistenceTests.Test14c_migracion_falla_y_no_corrige_correos_preexistentes	2026-10-08T14:41:37.5207455-05:00	00:00:02.8024577
Passed	Sillar.Modules.Crm.Tests.CrmPersistenceTests	Sillar.Modules.Crm.Tests.CrmPersistenceTests.Test15_cambiar_email_limpia_email_verified_at	2026-10-08T14:42:15.0852731-05:00	00:00:00.5743800
Passed	Sillar.Modules.Crm.Tests.CrmPersistenceTests	Sillar.Modules.Crm.Tests.CrmPersistenceTests.Test16_cambiar_solo_mayusculas_no_invalida_email_verified_at	2026-10-08T14:41:30.3867554-05:00	00:00:02.7191304
Passed	Sillar.Modules.Crm.Tests.CrmPersistenceTests	Sillar.Modules.Crm.Tests.CrmPersistenceTests.Test17_sql_directo_nfc_nfd_is_distinct_from	2026-10-08T14:42:13.5369493-05:00	00:00:00.5613198
Passed	Sillar.Modules.Crm.Tests.CrmPersistenceTests	Sillar.Modules.Crm.Tests.CrmPersistenceTests.Test18_tablas_no_replicadas_no_tienen_origin_node_ni_row_version	2026-10-08T14:42:10.2368790-05:00	00:00:00.0160223
Passed	Sillar.Modules.Crm.Tests.CrmPersistenceTests	Sillar.Modules.Crm.Tests.CrmPersistenceTests.Test19_tablas_replicadas_tienen_origin_node_y_row_version_se_incrementa	2026-10-08T14:42:14.6082969-05:00	00:00:00.4765073
Passed	Sillar.Modules.Crm.Tests.CrmPersistenceTests	Sillar.Modules.Crm.Tests.CrmPersistenceTests.Test20_set_updated_at_modifica_updated_at	2026-10-08T14:42:17.6878649-05:00	00:00:00.6014104
Passed	Sillar.Modules.Crm.Tests.CrmPersistenceTests	Sillar.Modules.Crm.Tests.CrmPersistenceTests.Test21_busqueda_parcial_email_trgm	2026-10-08T14:41:13.2755619-05:00	00:00:02.6293557
Passed	Sillar.Modules.Crm.Tests.CrmPersistenceTests	Sillar.Modules.Crm.Tests.CrmPersistenceTests.Test22_busqueda_full_name_tsvector_pena	2026-10-08T14:42:12.0854846-05:00	00:00:00.4963886
Passed	Sillar.Modules.Crm.Tests.CrmPersistenceTests	Sillar.Modules.Crm.Tests.CrmPersistenceTests.Test23_contact_message_sin_customer_id	2026-10-08T14:41:57.6270260-05:00	00:00:02.4093901
Passed	Sillar.Modules.Crm.Tests.CrmPersistenceTests	Sillar.Modules.Crm.Tests.CrmPersistenceTests.Test24_contact_message_vinculado_y_fk_inexistente	2026-10-08T14:42:12.9657386-05:00	00:00:00.5706569
Passed	Sillar.Modules.Crm.Tests.CrmPersistenceTests	Sillar.Modules.Crm.Tests.CrmPersistenceTests.Test25_contact_message_sin_email_ni_phone_falla	2026-10-08T14:42:12.5828350-05:00	00:00:00.3825035
Passed	Sillar.Modules.Crm.Tests.CrmPersistenceTests	Sillar.Modules.Crm.Tests.CrmPersistenceTests.Test26_contact_messages_no_tiene_origin_node_ni_row_version	2026-10-08T14:42:06.4304865-05:00	00:00:00.0104252
Passed	Sillar.Modules.Crm.Tests.CrmPersistenceTests	Sillar.Modules.Crm.Tests.CrmPersistenceTests.Test27_contact_messages_set_updated_at_modifica_updated_at	2026-10-08T14:42:16.5494946-05:00	00:00:00.5709482
Passed	Sillar.Modules.Crm.Tests.CustomerAccountTokenServiceTests	Sillar.Modules.Crm.Tests.CustomerAccountTokenServiceTests.Invitacion_crea_cuenta_y_verifica_correo	2026-10-08T14:31:30.3910246-05:00	00:00:06.5825539
Passed	Sillar.Modules.Crm.Tests.CustomerAccountTokenServiceTests	Sillar.Modules.Crm.Tests.CustomerAccountTokenServiceTests.Recuperar_password_revoca_todas_las_sesiones	2026-10-08T14:31:03.2822744-05:00	00:00:20.5351867
Passed	Sillar.Modules.Crm.Tests.CustomerAccountTokenServiceTests	Sillar.Modules.Crm.Tests.CustomerAccountTokenServiceTests.Verificacion_guarda_hash_y_solo_el_ultimo_token_es_valido	2026-10-08T14:31:23.8279046-05:00	00:00:06.5620780
Passed	Sillar.Modules.Crm.Tests.CustomerAdminContractTests	Sillar.Modules.Crm.Tests.CustomerAdminContractTests.Respuestas_admin_no_exponen_secretos(type: typeof(Sillar.Modules.Crm.Dtos.AdminCustomerAccessResponse))	2026-10-08T14:30:46.3863099-05:00	00:00:00.0139741
Passed	Sillar.Modules.Crm.Tests.CustomerAdminContractTests	Sillar.Modules.Crm.Tests.CustomerAdminContractTests.Respuestas_admin_no_exponen_secretos(type: typeof(Sillar.Modules.Crm.Dtos.AdminCustomerAddressResponse))	2026-10-08T14:30:46.4021873-05:00	00:00:00.0001191
Passed	Sillar.Modules.Crm.Tests.CustomerAdminContractTests	Sillar.Modules.Crm.Tests.CustomerAdminContractTests.Respuestas_admin_no_exponen_secretos(type: typeof(Sillar.Modules.Crm.Dtos.AdminCustomerDetailResponse))	2026-10-08T14:30:46.4031083-05:00	00:00:00.0000997
Passed	Sillar.Modules.Crm.Tests.CustomerAdminContractTests	Sillar.Modules.Crm.Tests.CustomerAdminContractTests.Respuestas_admin_no_exponen_secretos(type: typeof(Sillar.Modules.Crm.Dtos.AdminCustomerInvitationResponse))	2026-10-08T14:30:45.9398842-05:00	00:00:00.2455099
Passed	Sillar.Modules.Crm.Tests.CustomerAdminContractTests	Sillar.Modules.Crm.Tests.CustomerAdminContractTests.Respuestas_admin_no_exponen_secretos(type: typeof(Sillar.Modules.Crm.Dtos.AdminCustomerListItemResponse))	2026-10-08T14:30:46.4161081-05:00	00:00:00.0000977
Passed	Sillar.Modules.Crm.Tests.CustomerAdminContractTests	Sillar.Modules.Crm.Tests.CustomerAdminContractTests.Solo_la_ficha_admin_puede_exponer_notas_internas	2026-10-08T14:30:46.4822425-05:00	00:00:00.0241117
Passed	Sillar.Modules.Crm.Tests.CustomerAdminServiceTests	Sillar.Modules.Crm.Tests.CustomerAdminServiceTests.Baja_revoca_sesiones_y_reactivar_no_las_resucita	2026-10-08T14:31:36.9865343-05:00	00:00:08.0690422
Passed	Sillar.Modules.Crm.Tests.CustomerAdminServiceTests	Sillar.Modules.Crm.Tests.CustomerAdminServiceTests.Crea_ficha_sin_cuenta_y_la_encuentra_por_busqueda	2026-10-08T14:31:50.6147705-05:00	00:00:05.7188351
Passed	Sillar.Modules.Crm.Tests.CustomerAdminServiceTests	Sillar.Modules.Crm.Tests.CustomerAdminServiceTests.Editar_correo_de_cuenta_verificada_la_deja_sin_verificar	2026-10-08T14:31:56.3361489-05:00	00:00:12.7130048
Passed	Sillar.Modules.Crm.Tests.CustomerAdminServiceTests	Sillar.Modules.Crm.Tests.CustomerAdminServiceTests.Invitacion_marca_estado_y_no_expone_el_token	2026-10-08T14:31:45.0673133-05:00	00:00:05.5459392
Passed	Sillar.Modules.Crm.Tests.CustomerAuthenticationServiceTests	Sillar.Modules.Crm.Tests.CustomerAuthenticationServiceTests.Cliente_inactivo_no_puede_abrir_sesion	2026-10-08T14:42:23.7853009-05:00	00:00:01.4104484
Passed	Sillar.Modules.Crm.Tests.CustomerAuthenticationServiceTests	Sillar.Modules.Crm.Tests.CustomerAuthenticationServiceTests.Correo_inexistente_y_password_incorrecto_tienen_mismo_resultado	2026-10-08T14:42:21.6044420-05:00	00:00:02.1804792
Passed	Sillar.Modules.Crm.Tests.CustomerAuthenticationServiceTests	Sillar.Modules.Crm.Tests.CustomerAuthenticationServiceTests.Login_correcto_crea_customer_session	2026-10-08T14:42:19.8214254-05:00	00:00:01.7823019
Passed	Sillar.Modules.Crm.Tests.CustomerIdentityReaderTests	Sillar.Modules.Crm.Tests.CustomerIdentityReaderTests.El_contrato_es_solo_lectura	2026-10-08T14:35:16.9644736-05:00	00:00:00.0012062
Passed	Sillar.Modules.Crm.Tests.CustomerIdentityReaderTests	Sillar.Modules.Crm.Tests.CustomerIdentityReaderTests.El_contrato_no_pide_direccion	2026-10-08T14:32:09.0509995-05:00	00:00:00.0039231
Passed	Sillar.Modules.Crm.Tests.CustomerIdentityReaderTests	Sillar.Modules.Crm.Tests.CustomerIdentityReaderTests.La_identidad_solo_lleva_id_nombre_correo_y_telefono	2026-10-08T14:35:16.9609396-05:00	00:00:00.0028786
Passed	Sillar.Modules.Crm.Tests.CustomerIdentityReaderTests	Sillar.Modules.Crm.Tests.CustomerIdentityReaderTests.Los_contratos_no_arrastran_la_implementacion_de_CRM_ni_EF	2026-10-08T14:34:13.8374915-05:00	00:00:00.0039969
Failed	Sillar.Modules.Crm.Tests.CustomerIdentityReaderTests	Sillar.Modules.Crm.Tests.CustomerIdentityReaderTests.No_expone_notas_internas	2026-10-08T14:34:46.5405453-05:00	00:00:30.4050842
Failed	Sillar.Modules.Crm.Tests.CustomerIdentityReaderTests	Sillar.Modules.Crm.Tests.CustomerIdentityReaderTests.Por_lotes_devuelve_solo_los_activos_existentes_una_vez_cada_uno	2026-10-08T14:34:13.8422744-05:00	00:00:32.6748970
Passed	Sillar.Modules.Crm.Tests.CustomerIdentityReaderTests	Sillar.Modules.Crm.Tests.CustomerIdentityReaderTests.Por_lotes_una_coleccion_vacia_devuelve_un_diccionario_vacio	2026-10-08T14:35:16.9520195-05:00	00:00:00.0080947
Failed	Sillar.Modules.Crm.Tests.CustomerIdentityReaderTests	Sillar.Modules.Crm.Tests.CustomerIdentityReaderTests.Un_cliente_activo_devuelve_nombre_correo_y_telefono	2026-10-08T14:33:13.2751955-05:00	00:00:30.1376909
Failed	Sillar.Modules.Crm.Tests.CustomerIdentityReaderTests	Sillar.Modules.Crm.Tests.CustomerIdentityReaderTests.Un_cliente_de_baja_o_bloqueado_devuelve_null(estado: "baja")	2026-10-08T14:32:40.2832636-05:00	00:00:32.9857613
Failed	Sillar.Modules.Crm.Tests.CustomerIdentityReaderTests	Sillar.Modules.Crm.Tests.CustomerIdentityReaderTests.Un_cliente_de_baja_o_bloqueado_devuelve_null(estado: "bloqueo")	2026-10-08T14:32:09.0566539-05:00	00:00:31.1801880
Failed	Sillar.Modules.Crm.Tests.CustomerIdentityReaderTests	Sillar.Modules.Crm.Tests.CustomerIdentityReaderTests.Un_cliente_inexistente_devuelve_null	2026-10-08T14:35:16.9678958-05:00	00:00:32.4058092
Failed	Sillar.Modules.Crm.Tests.CustomerIdentityReaderTests	Sillar.Modules.Crm.Tests.CustomerIdentityReaderTests.Una_ficha_sin_cuenta_tambien_tiene_identidad	2026-10-08T14:33:43.4234420-05:00	00:00:30.4087004
Passed	Sillar.Modules.Crm.Tests.CustomerIdentityTests	Sillar.Modules.Crm.Tests.CustomerIdentityTests.Cookie_csrf_de_cliente_es_legible_y_conserva_barreras	2026-10-08T14:30:45.9426443-05:00	00:00:00.2574921
Passed	Sillar.Modules.Crm.Tests.CustomerIdentityTests	Sillar.Modules.Crm.Tests.CustomerIdentityTests.Cookie_csrf_no_reemplaza_la_cookie_de_sesion	2026-10-08T14:30:46.7524957-05:00	00:00:00.0436343
Passed	Sillar.Modules.Crm.Tests.CustomerIdentityTests	Sillar.Modules.Crm.Tests.CustomerIdentityTests.Cookie_de_cliente_conserva_las_barreras_del_spec	2026-10-08T14:30:46.5138095-05:00	00:00:00.0009201
Passed	Sillar.Modules.Crm.Tests.CustomerIdentityTests	Sillar.Modules.Crm.Tests.CustomerIdentityTests.CurrentCustomer_ignora_claims_administrativos	2026-10-08T14:30:46.5158890-05:00	00:00:00.1280737
Passed	Sillar.Modules.Crm.Tests.CustomerIdentityTests	Sillar.Modules.Crm.Tests.CustomerIdentityTests.CurrentCustomer_lee_solo_claims_de_cliente	2026-10-08T14:30:46.6520520-05:00	00:00:00.0918215
Passed	Sillar.Modules.Crm.Tests.CustomerIdentityTests	Sillar.Modules.Crm.Tests.CustomerIdentityTests.Identidad_de_cliente_tiene_namespace_cookie_y_esquema_propios	2026-10-08T14:30:46.4900484-05:00	00:00:00.0150523
Passed	Sillar.Modules.Crm.Tests.CustomerLoginPolicyTests	Sillar.Modules.Crm.Tests.CustomerLoginPolicyTests.BCrypt_cliente_nunca_baja_de_factor_12	2026-10-08T14:30:46.4384098-05:00	00:00:00.0006550
Passed	Sillar.Modules.Crm.Tests.CustomerLoginPolicyTests	Sillar.Modules.Crm.Tests.CustomerLoginPolicyTests.Cuenta_no_se_bloquea_y_la_espera_crece	2026-10-08T14:30:46.4846766-05:00	00:00:00.0049508
Passed	Sillar.Modules.Crm.Tests.CustomerLoginPolicyTests	Sillar.Modules.Crm.Tests.CustomerLoginPolicyTests.Ip_tiene_un_margen_mucho_mas_generoso	2026-10-08T14:30:46.4770989-05:00	00:00:00.0066945
Passed	Sillar.Modules.Crm.Tests.CustomerLoginPolicyTests	Sillar.Modules.Crm.Tests.CustomerLoginPolicyTests.Sesion_cliente_tiene_politica_propia	2026-10-08T14:30:45.9425649-05:00	00:00:00.2472546
Passed	Sillar.Modules.Crm.Tests.CustomerPasswordExposureTests	Sillar.Modules.Crm.Tests.CustomerPasswordExposureTests.Criterio13_los_contratos_de_respuesta_no_exponen_password_ni_hash	2026-10-08T14:30:45.9425024-05:00	00:00:00.2810864
Passed	Sillar.Modules.Crm.Tests.CustomerProfileContractTests	Sillar.Modules.Crm.Tests.CustomerProfileContractTests.Contratos_publicos_no_exponen_campos_internos(type: typeof(Sillar.Modules.Crm.Contracts.CustomerIdentity))	2026-10-08T14:30:46.6710390-05:00	00:00:00.0001590
Passed	Sillar.Modules.Crm.Tests.CustomerProfileContractTests	Sillar.Modules.Crm.Tests.CustomerProfileContractTests.Contratos_publicos_no_exponen_campos_internos(type: typeof(Sillar.Modules.Crm.Contracts.CustomerOrderAddressSnapshot))	2026-10-08T14:30:46.6494073-05:00	00:00:00.0111723
Passed	Sillar.Modules.Crm.Tests.CustomerProfileContractTests	Sillar.Modules.Crm.Tests.CustomerProfileContractTests.Contratos_publicos_no_exponen_campos_internos(type: typeof(Sillar.Modules.Crm.Contracts.CustomerOrderContactSnapshot))	2026-10-08T14:30:46.6267384-05:00	00:00:00.0134524
Passed	Sillar.Modules.Crm.Tests.CustomerProfileContractTests	Sillar.Modules.Crm.Tests.CustomerProfileContractTests.Contratos_publicos_no_exponen_campos_internos(type: typeof(Sillar.Modules.Crm.Contracts.CustomerOrderSnapshot))	2026-10-08T14:30:46.6667820-05:00	00:00:00.0001604
Passed	Sillar.Modules.Crm.Tests.CustomerProfileContractTests	Sillar.Modules.Crm.Tests.CustomerProfileContractTests.Contratos_publicos_no_exponen_campos_internos(type: typeof(Sillar.Modules.Crm.Dtos.CustomerAddressResponse))	2026-10-08T14:30:46.6615157-05:00	00:00:00.0001747
Passed	Sillar.Modules.Crm.Tests.CustomerProfileContractTests	Sillar.Modules.Crm.Tests.CustomerProfileContractTests.Contratos_publicos_no_exponen_campos_internos(type: typeof(Sillar.Modules.Crm.Dtos.CustomerProfileResponse))	2026-10-08T14:30:46.6658496-05:00	00:00:00.0001722
Passed	Sillar.Modules.Crm.Tests.CustomerProfileServiceTests	Sillar.Modules.Crm.Tests.CustomerProfileServiceTests.Agrega_dos_direcciones_y_cambia_la_preferida	2026-10-08T14:40:57.0216215-05:00	00:00:02.5420310
Passed	Sillar.Modules.Crm.Tests.CustomerProfileServiceTests	Sillar.Modules.Crm.Tests.CustomerProfileServiceTests.Cambiar_correo_invalida_verificacion	2026-10-08T14:40:38.9796862-05:00	00:00:06.8280639
Passed	Sillar.Modules.Crm.Tests.CustomerProfileServiceTests	Sillar.Modules.Crm.Tests.CustomerProfileServiceTests.No_modifica_una_direccion_de_otro_cliente	2026-10-08T14:41:05.5755034-05:00	00:00:07.6985003
Passed	Sillar.Modules.Crm.Tests.CustomerProfileServiceTests	Sillar.Modules.Crm.Tests.CustomerProfileServiceTests.Perfil_no_expone_notas_internas	2026-10-08T14:40:59.5649281-05:00	00:00:06.0101369
Passed	Sillar.Modules.Crm.Tests.CustomerProfileServiceTests	Sillar.Modules.Crm.Tests.CustomerProfileServiceTests.Snapshot_para_M03_usa_solo_datos_publicables_del_cliente	2026-10-08T14:40:45.8083026-05:00	00:00:11.2127917
Passed	Sillar.Modules.Crm.Tests.CustomerRegistrationPolicyTests	Sillar.Modules.Crm.Tests.CustomerRegistrationPolicyTests.Password_comun_se_rechaza	2026-10-08T14:30:46.4346667-05:00	00:00:00.0003640
Passed	Sillar.Modules.Crm.Tests.CustomerRegistrationPolicyTests	Sillar.Modules.Crm.Tests.CustomerRegistrationPolicyTests.Password_con_identidad_se_rechaza	2026-10-08T14:30:46.4193823-05:00	00:00:00.0008035
Passed	Sillar.Modules.Crm.Tests.CustomerRegistrationPolicyTests	Sillar.Modules.Crm.Tests.CustomerRegistrationPolicyTests.Password_larga_sin_identidad_se_acepta	2026-10-08T14:30:45.9426849-05:00	00:00:00.2484156
Passed	Sillar.Modules.Crm.Tests.CustomerRegistrationPolicyTests	Sillar.Modules.Crm.Tests.CustomerRegistrationPolicyTests.Password_menor_de_12_se_rechaza	2026-10-08T14:30:46.4842315-05:00	00:00:00.0003259
Passed	Sillar.Modules.Crm.Tests.CustomerRegistrationServiceTests	Sillar.Modules.Crm.Tests.CustomerRegistrationServiceTests.Ficha_con_cuenta_no_reemplaza_la_password_existente	2026-10-08T14:40:12.6030376-05:00	00:00:22.2484887
Passed	Sillar.Modules.Crm.Tests.CustomerRegistrationServiceTests	Sillar.Modules.Crm.Tests.CustomerRegistrationServiceTests.Ficha_existente_sin_cuenta_se_enlaza_sin_duplicarla_ni_pisar_notas	2026-10-08T14:40:07.9141615-05:00	00:00:04.6882319
Passed	Sillar.Modules.Crm.Tests.CustomerRegistrationServiceTests	Sillar.Modules.Crm.Tests.CustomerRegistrationServiceTests.Registro_nuevo_crea_ficha_y_cuenta_no_verificada	2026-10-08T14:40:34.8522543-05:00	00:00:04.1234160
Passed	Sillar.Modules.Crm.Tests.CustomerSessionServiceTests	Sillar.Modules.Crm.Tests.CustomerSessionServiceTests.Abrir_sesion_guarda_solo_hashes_de_los_secretos	2026-10-08T14:42:19.3084764-05:00	00:00:00.5112870
Passed	Sillar.Modules.Crm.Tests.CustomerSessionServiceTests	Sillar.Modules.Crm.Tests.CustomerSessionServiceTests.Logout_revoca_la_fila_y_no_se_puede_rotar_csrf	2026-10-08T14:42:18.2903183-05:00	00:00:00.5441605
Passed	Sillar.Modules.Crm.Tests.CustomerSessionServiceTests	Sillar.Modules.Crm.Tests.CustomerSessionServiceTests.Rotar_csrf_invalida_el_token_anterior	2026-10-08T14:42:18.8349015-05:00	00:00:00.4720729
Failed	Sillar.Modules.Crm.Tests.CustomerSnapshotReaderTests	Sillar.Modules.Crm.Tests.CustomerSnapshotReaderTests.Cliente_de_baja_o_bloqueado_devuelve_null_en_las_dos_variantes(estado: "baja")	2026-10-08T14:37:24.0279513-05:00	00:00:31.0546637
Failed	Sillar.Modules.Crm.Tests.CustomerSnapshotReaderTests	Sillar.Modules.Crm.Tests.CustomerSnapshotReaderTests.Cliente_de_baja_o_bloqueado_devuelve_null_en_las_dos_variantes(estado: "bloqueo")	2026-10-08T14:36:52.8749884-05:00	00:00:31.1436690
Passed	Sillar.Modules.Crm.Tests.CustomerSnapshotReaderTests	Sillar.Modules.Crm.Tests.CustomerSnapshotReaderTests.Cliente_inexistente_devuelve_null_en_las_dos_variantes	2026-10-08T14:39:38.5872284-05:00	00:00:03.5689965
Failed	Sillar.Modules.Crm.Tests.CustomerSnapshotReaderTests	Sillar.Modules.Crm.Tests.CustomerSnapshotReaderTests.Con_direccion_ajena_devuelve_null	2026-10-08T14:36:21.1285131-05:00	00:00:31.7401833
Failed	Sillar.Modules.Crm.Tests.CustomerSnapshotReaderTests	Sillar.Modules.Crm.Tests.CustomerSnapshotReaderTests.Con_direccion_de_baja_devuelve_null	2026-10-08T14:37:55.0862957-05:00	00:00:32.0143454
Passed	Sillar.Modules.Crm.Tests.CustomerSnapshotReaderTests	Sillar.Modules.Crm.Tests.CustomerSnapshotReaderTests.Con_direccion_inexistente_devuelve_null_y_no_cae_en_la_variante_sin_direccion	2026-10-08T14:39:49.7895097-05:00	00:00:11.4812702
Passed	Sillar.Modules.Crm.Tests.CustomerSnapshotReaderTests	Sillar.Modules.Crm.Tests.CustomerSnapshotReaderTests.Con_direccion_valida_devuelve_cliente_y_direccion_como_en_1_0_0	2026-10-08T14:38:27.1076380-05:00	00:00:23.0935792
Passed	Sillar.Modules.Crm.Tests.CustomerSnapshotReaderTests	Sillar.Modules.Crm.Tests.CustomerSnapshotReaderTests.Ficha_sin_cuenta_devuelve_null_en_las_dos_variantes	2026-10-08T14:39:42.1600606-05:00	00:00:07.6278227
Passed	Sillar.Modules.Crm.Tests.CustomerSnapshotReaderTests	Sillar.Modules.Crm.Tests.CustomerSnapshotReaderTests.Las_instantaneas_no_se_pueden_modificar_despues_de_creadas(tipo: typeof(Sillar.Modules.Crm.Contracts.CustomerOrderAddressSnapshot))	2026-10-08T14:39:38.5856472-05:00	00:00:00.0004133
Passed	Sillar.Modules.Crm.Tests.CustomerSnapshotReaderTests	Sillar.Modules.Crm.Tests.CustomerSnapshotReaderTests.Las_instantaneas_no_se_pueden_modificar_despues_de_creadas(tipo: typeof(Sillar.Modules.Crm.Contracts.CustomerOrderContactSnapshot))	2026-10-08T14:39:38.5864304-05:00	00:00:00.0001192
Passed	Sillar.Modules.Crm.Tests.CustomerSnapshotReaderTests	Sillar.Modules.Crm.Tests.CustomerSnapshotReaderTests.Las_instantaneas_no_se_pueden_modificar_despues_de_creadas(tipo: typeof(Sillar.Modules.Crm.Contracts.CustomerOrderSnapshot))	2026-10-08T14:39:38.5844630-05:00	00:00:00.0007658
Failed	Sillar.Modules.Crm.Tests.CustomerSnapshotReaderTests	Sillar.Modules.Crm.Tests.CustomerSnapshotReaderTests.Sin_direccion_devuelve_los_datos_del_cliente_aunque_no_tenga_ninguna_direccion	2026-10-08T14:38:50.2034461-05:00	00:00:30.0357228
Passed	Sillar.Modules.Crm.Tests.CustomerSnapshotReaderTests	Sillar.Modules.Crm.Tests.CustomerSnapshotReaderTests.Sin_direccion_no_expone_ninguna_propiedad_de_direccion	2026-10-08T14:39:38.5822950-05:00	00:00:00.0012998
Failed	Sillar.Modules.Crm.Tests.CustomerSnapshotReaderTests	Sillar.Modules.Crm.Tests.CustomerSnapshotReaderTests.Sin_direccion_no_filtra_notas_internas	2026-10-08T14:35:49.3828112-05:00	00:00:31.7326370
Passed	Sillar.Modules.Crm.Tests.CustomerSnapshotReaderTests	Sillar.Modules.Crm.Tests.CustomerSnapshotReaderTests.Sin_direccion_refleja_correo_sin_verificar	2026-10-08T14:39:20.2453847-05:00	00:00:18.3361527
Passed	Sillar.Modules.Crm.Tests.CustomerSnapshotReaderTests	Sillar.Modules.Crm.Tests.CustomerSnapshotReaderTests.Un_cambio_posterior_del_perfil_no_altera_la_instantanea_ya_tomada	2026-10-08T14:40:01.2718398-05:00	00:00:06.6390376
Passed	Sillar.Modules.Crm.Tests.CustomerTokenPolicyTests	Sillar.Modules.Crm.Tests.CustomerTokenPolicyTests.Invitacion_caduca	2026-10-08T14:30:46.4458104-05:00	00:00:00.0003674
Passed	Sillar.Modules.Crm.Tests.CustomerTokenPolicyTests	Sillar.Modules.Crm.Tests.CustomerTokenPolicyTests.Propósitos_coinciden_con_el_schema	2026-10-08T14:30:45.9426670-05:00	00:00:00.2385192
Passed	Sillar.Modules.Crm.Tests.CustomerTokenPolicyTests	Sillar.Modules.Crm.Tests.CustomerTokenPolicyTests.Recuperacion_es_corta	2026-10-08T14:30:46.4770716-05:00	00:00:00.0004023
Passed	Sillar.Modules.Crm.Tests.CustomerTokenPolicyTests	Sillar.Modules.Crm.Tests.CustomerTokenPolicyTests.Verificacion_caduca	2026-10-08T14:30:46.4364253-05:00	00:00:00.0082227
Passed	Sillar.Modules.Sales.Tests.AtribucionDelPersonalTests	Sillar.Modules.Sales.Tests.AtribucionDelPersonalTests.El_nodo_de_la_cuenta_no_se_deriva_del_nodo_de_la_actuacion	2026-10-08T14:31:02.9930321-05:00	00:00:00.0343146
Passed	Sillar.Modules.Sales.Tests.AtribucionDelPersonalTests	Sillar.Modules.Sales.Tests.AtribucionDelPersonalTests.El_nodo_de_la_cuenta_puede_ser_distinto_del_nodo_de_la_actuacion	2026-10-08T14:31:03.2188341-05:00	00:00:00.0335873
Passed	Sillar.Modules.Sales.Tests.AtribucionDelPersonalTests	Sillar.Modules.Sales.Tests.AtribucionDelPersonalTests.El_pedido_no_interviene_en_la_interpretacion_de_la_atribucion	2026-10-08T14:31:03.1861530-05:00	00:00:00.0242588
Passed	Sillar.Modules.Sales.Tests.AtribucionDelPersonalTests	Sillar.Modules.Sales.Tests.AtribucionDelPersonalTests.La_atribucion_de_un_cambio_se_resuelve_sin_leer_el_pedido	2026-10-08T14:31:02.9461211-05:00	00:00:00.0177201
Passed	Sillar.Modules.Sales.Tests.AtribucionDelPersonalTests	Sillar.Modules.Sales.Tests.AtribucionDelPersonalTests.La_cabecera_del_pedido_no_atribuye_a_ningun_trabajador	2026-10-08T14:31:03.4249671-05:00	00:00:00.0017860
Passed	Sillar.Modules.Sales.Tests.AtribucionDelPersonalTests	Sillar.Modules.Sales.Tests.AtribucionDelPersonalTests.La_migracion_no_declara_ninguna_clave_foranea_hacia_core_admin_users	2026-10-08T14:31:03.0501791-05:00	00:00:00.1185727
Passed	Sillar.Modules.Sales.Tests.AtribucionDelPersonalTests	Sillar.Modules.Sales.Tests.AtribucionDelPersonalTests.La_migracion_solo_referencia_dos_schemas_ajenos_y_ninguno_es_core	2026-10-08T14:31:03.4330617-05:00	00:00:00.0049775
Passed	Sillar.Modules.Sales.Tests.AtribucionDelPersonalTests	Sillar.Modules.Sales.Tests.AtribucionDelPersonalTests.La_tabla_orders_de_la_migracion_no_tiene_columna_de_atribucion	2026-10-08T14:31:03.4111373-05:00	00:00:00.0013035
Passed	Sillar.Modules.Sales.Tests.AtribucionDelPersonalTests	Sillar.Modules.Sales.Tests.AtribucionDelPersonalTests.Ningun_CHECK_exige_que_los_dos_nodos_coincidan	2026-10-08T14:31:03.2720239-05:00	00:00:00.1375734
Passed	Sillar.Modules.Sales.Tests.AtribucionDelPersonalTests	Sillar.Modules.Sales.Tests.AtribucionDelPersonalTests.Ninguna_de_las_seis_atribuciones_parciales_se_acepta	2026-10-08T14:31:02.8468285-05:00	00:00:00.0907792
Passed	Sillar.Modules.Sales.Tests.AtribucionDelPersonalTests	Sillar.Modules.Sales.Tests.AtribucionDelPersonalTests.Un_cambio_automatico_leido_desde_la_entidad_no_atribuye_a_nadie	2026-10-08T14:31:01.9783904-05:00	00:00:00.3296031
Passed	Sillar.Modules.Sales.Tests.AtribucionDelPersonalTests	Sillar.Modules.Sales.Tests.AtribucionDelPersonalTests.Un_cambio_automatico_lleva_los_tres_datos_nulos_y_no_atribuye_a_nadie	2026-10-08T14:31:03.4399592-05:00	00:00:00.0009938
Passed	Sillar.Modules.Sales.Tests.AtribucionDelPersonalTests	Sillar.Modules.Sales.Tests.AtribucionDelPersonalTests.Un_cambio_humano_lleva_los_tres_datos_presentes	2026-10-08T14:31:03.4296195-05:00	00:00:00.0008112
Passed	Sillar.Modules.Sales.Tests.AtribucionDelPersonalTests	Sillar.Modules.Sales.Tests.AtribucionDelPersonalTests.Un_identificador_local_cero_o_negativo_no_se_acepta	2026-10-08T14:31:03.2597481-05:00	00:00:00.0111434
Passed	Sillar.Modules.Sales.Tests.AtribucionDelPersonalTests	Sillar.Modules.Sales.Tests.AtribucionDelPersonalTests.Un_pago_humano_exige_los_tres_datos	2026-10-08T14:31:03.0296509-05:00	00:00:00.0170561
Passed	Sillar.Modules.Sales.Tests.AtribucionDelPersonalTests	Sillar.Modules.Sales.Tests.AtribucionDelPersonalTests.Un_pago_sin_identificador_local_no_se_registra	2026-10-08T14:31:03.4147969-05:00	00:00:00.0011243
Passed	Sillar.Modules.Sales.Tests.AtribucionDelPersonalTests	Sillar.Modules.Sales.Tests.AtribucionDelPersonalTests.Un_pago_sin_nodo_de_la_cuenta_no_se_registra	2026-10-08T14:31:02.7178061-05:00	00:00:00.1237351
Passed	Sillar.Modules.Sales.Tests.AtribucionDelPersonalTests	Sillar.Modules.Sales.Tests.AtribucionDelPersonalTests.Un_pago_sin_nombre_no_se_registra	2026-10-08T14:31:03.4174243-05:00	00:00:00.0052147
Passed	Sillar.Modules.Sales.Tests.CodigoVisibleTests	Sillar.Modules.Sales.Tests.CodigoVisibleTests.Dos_anios_distintos_dan_codigos_distintos_con_el_mismo_correlativo	2026-10-08T14:31:03.0174292-05:00	00:00:00.0202594
Passed	Sillar.Modules.Sales.Tests.CodigoVisibleTests	Sillar.Modules.Sales.Tests.CodigoVisibleTests.Dos_nodos_distintos_dan_codigos_distintos_con_la_misma_serie	2026-10-08T14:31:01.9784671-05:00	00:00:00.3576564
Passed	Sillar.Modules.Sales.Tests.CodigoVisibleTests	Sillar.Modules.Sales.Tests.CodigoVisibleTests.El_codigo_visible_de_un_pedido_tiene_la_forma_P_2026_0147	2026-10-08T14:31:02.9506629-05:00	00:00:00.0003944
Passed	Sillar.Modules.Sales.Tests.CodigoVisibleTests	Sillar.Modules.Sales.Tests.CodigoVisibleTests.El_correlativo_se_rellena_hasta_cuatro_digitos	2026-10-08T14:31:02.7369493-05:00	00:00:00.0266805
Passed	Sillar.Modules.Sales.Tests.CodigoVisibleTests	Sillar.Modules.Sales.Tests.CodigoVisibleTests.El_mensaje_de_la_etiqueta_ausente_dice_que_no_hay_valor_por_defecto	2026-10-08T14:31:02.7648175-05:00	00:00:00.0775306
Passed	Sillar.Modules.Sales.Tests.CodigoVisibleTests	Sillar.Modules.Sales.Tests.CodigoVisibleTests.La_etiqueta_del_nodo_va_delante_del_anio	2026-10-08T14:31:02.9838228-05:00	00:00:00.0008769
Passed	Sillar.Modules.Sales.Tests.CodigoVisibleTests	Sillar.Modules.Sales.Tests.CodigoVisibleTests.La_etiqueta_se_recorta_pero_no_se_transforma	2026-10-08T14:31:02.7193956-05:00	00:00:00.0164109
Passed	Sillar.Modules.Sales.Tests.CodigoVisibleTests	Sillar.Modules.Sales.Tests.CodigoVisibleTests.Sin_etiqueta_de_nodo_no_se_compone_ningun_codigo	2026-10-08T14:31:02.9252546-05:00	00:00:00.0149661
Passed	Sillar.Modules.Sales.Tests.CodigoVisibleTests	Sillar.Modules.Sales.Tests.CodigoVisibleTests.Un_correlativo_de_cinco_cifras_no_se_recorta	2026-10-08T14:31:02.8485775-05:00	00:00:00.0003458
Passed	Sillar.Modules.Sales.Tests.CodigoVisibleTests	Sillar.Modules.Sales.Tests.CodigoVisibleTests.Un_correlativo_menor_que_uno_no_se_acepta	2026-10-08T14:31:02.9633857-05:00	00:00:00.0162363
Passed	Sillar.Modules.Sales.Tests.CongelarClienteTests	Sillar.Modules.Sales.Tests.CongelarClienteTests.Congelar_copia_los_seis_campos_al_pedido	2026-10-08T14:31:02.9522958-05:00	00:00:00.0692823
Passed	Sillar.Modules.Sales.Tests.CongelarClienteTests	Sillar.Modules.Sales.Tests.CongelarClienteTests.El_pedido_no_recibe_ninguna_direccion	2026-10-08T14:31:03.1364219-05:00	00:00:00.0266982
Passed	Sillar.Modules.Sales.Tests.CongelarClienteTests	Sillar.Modules.Sales.Tests.CongelarClienteTests.Los_motivos_de_rechazo_no_nombran_ninguna_causa_que_M04_no_garantice	2026-10-08T14:31:03.0839645-05:00	00:00:00.0239717
Passed	Sillar.Modules.Sales.Tests.CongelarClienteTests	Sillar.Modules.Sales.Tests.CongelarClienteTests.Se_usa_la_sobrecarga_SIN_direccion	2026-10-08T14:31:02.7237294-05:00	00:00:00.2190947
Passed	Sillar.Modules.Sales.Tests.CongelarClienteTests	Sillar.Modules.Sales.Tests.CongelarClienteTests.Si_M04_devuelve_null_no_se_inventa_la_causa	2026-10-08T14:31:03.0290017-05:00	00:00:00.0387407
Passed	Sillar.Modules.Sales.Tests.CongelarClienteTests	Sillar.Modules.Sales.Tests.CongelarClienteTests.Un_cliente_verificado_se_congela_con_sus_seis_datos	2026-10-08T14:31:01.9785042-05:00	00:00:00.4205910
Passed	Sillar.Modules.Sales.Tests.CongelarClienteTests	Sillar.Modules.Sales.Tests.CongelarClienteTests.Un_correo_sin_verificar_no_compra	2026-10-08T14:31:03.1093051-05:00	00:00:00.0020558
Passed	Sillar.Modules.Sales.Tests.CrearPedidoPersistenciaTests	Sillar.Modules.Sales.Tests.CrearPedidoPersistenciaTests.El_precio_de_la_linea_lo_pone_M01_y_no_quien_llama	2026-10-08T14:31:21.4807041-05:00	00:00:00.5318739
Passed	Sillar.Modules.Sales.Tests.CrearPedidoPersistenciaTests	Sillar.Modules.Sales.Tests.CrearPedidoPersistenciaTests.El_rollback_de_la_transaccion_exterior_devuelve_el_numero	2026-10-08T14:31:22.3107120-05:00	00:00:00.1938888
Passed	Sillar.Modules.Sales.Tests.CrearPedidoPersistenciaTests	Sillar.Modules.Sales.Tests.CrearPedidoPersistenciaTests.El_snapshot_sigue_congelado_cuando_M01_cambia_despues	2026-10-08T14:31:22.2036352-05:00	00:00:00.0796245
Passed	Sillar.Modules.Sales.Tests.CrearPedidoPersistenciaTests	Sillar.Modules.Sales.Tests.CrearPedidoPersistenciaTests.Se_pregunta_por_la_vendibilidad_antes_de_tomar_el_precio	2026-10-08T14:31:22.0140285-05:00	00:00:00.0158621
Passed	Sillar.Modules.Sales.Tests.CrearPedidoPersistenciaTests	Sillar.Modules.Sales.Tests.CrearPedidoPersistenciaTests.Un_carrito_vacio_no_entra_en_confirmacion	2026-10-08T14:31:22.5114241-05:00	00:00:00.0185180
Passed	Sillar.Modules.Sales.Tests.CrearPedidoPersistenciaTests	Sillar.Modules.Sales.Tests.CrearPedidoPersistenciaTests.Un_correo_sin_verificar_no_llega_a_preguntar_por_el_catalogo	2026-10-08T14:31:22.8536804-05:00	00:00:00.0289532
Passed	Sillar.Modules.Sales.Tests.CrearPedidoPersistenciaTests	Sillar.Modules.Sales.Tests.CrearPedidoPersistenciaTests.Un_item_inexistente_o_inactivo_no_produce_pedido	2026-10-08T14:31:22.5384742-05:00	00:00:00.1190151
Passed	Sillar.Modules.Sales.Tests.CrearPedidoPersistenciaTests	Sillar.Modules.Sales.Tests.CrearPedidoPersistenciaTests.Un_pedido_que_no_llega_a_crearse_no_consume_numero	2026-10-08T14:31:22.8242401-05:00	00:00:00.0245190
Passed	Sillar.Modules.Sales.Tests.CrearPedidoPersistenciaTests	Sillar.Modules.Sales.Tests.CrearPedidoPersistenciaTests.Un_pedido_se_crea_con_el_precio_de_M01_y_su_snapshot_congelado	2026-10-08T14:31:22.6763619-05:00	00:00:00.1463605
Passed	Sillar.Modules.Sales.Tests.CrearPedidoPersistenciaTests	Sillar.Modules.Sales.Tests.CrearPedidoPersistenciaTests.Un_precio_null_no_entra_al_pedido_y_un_precio_cero_si	2026-10-08T14:31:22.0313008-05:00	00:00:00.1621151
Passed	Sillar.Modules.Sales.Tests.CrearPedidoPersistenciaTests	Sillar.Modules.Sales.Tests.CrearPedidoPersistenciaTests.Una_cantidad_no_positiva_no_produce_pedido	2026-10-08T14:31:22.2891186-05:00	00:00:00.0194142
Passed	Sillar.Modules.Sales.Tests.EstadosYPagoTests	Sillar.Modules.Sales.Tests.EstadosYPagoTests.La_secuencia_principal_tiene_cinco_estados_en_orden	2026-10-08T14:31:03.3158928-05:00	00:00:00.0018413
Passed	Sillar.Modules.Sales.Tests.EstadosYPagoTests	Sillar.Modules.Sales.Tests.EstadosYPagoTests.Los_estados_se_guardan_en_ingles_tecnico_y_no_en_espaniol	2026-10-08T14:31:03.3258214-05:00	00:00:00.0909013
Passed	Sillar.Modules.Sales.Tests.EstadosYPagoTests	Sillar.Modules.Sales.Tests.EstadosYPagoTests.Los_estados_visibles_son_exactamente_siete	2026-10-08T14:31:03.2597662-05:00	00:00:00.0085697
Passed	Sillar.Modules.Sales.Tests.EstadosYPagoTests	Sillar.Modules.Sales.Tests.EstadosYPagoTests.Los_siete_estados_son_los_ratificados_el_26_de_septiembre	2026-10-08T14:31:03.2695122-05:00	00:00:00.0063580
Passed	Sillar.Modules.Sales.Tests.EstadosYPagoTests	Sillar.Modules.Sales.Tests.EstadosYPagoTests.Ningun_estado_esta_repetido	2026-10-08T14:31:03.3207927-05:00	00:00:00.0011443
Passed	Sillar.Modules.Sales.Tests.EstadosYPagoTests	Sillar.Modules.Sales.Tests.EstadosYPagoTests.Vencido_no_es_lo_mismo_que_cancelado	2026-10-08T14:31:03.3077583-05:00	00:00:00.0003015
Passed	Sillar.Modules.Sales.Tests.EstadosYPagoTests	Sillar.Modules.Sales.Tests.EstadosYPagoTests.Vencido_y_cancelado_estan_fuera_de_la_secuencia_principal	2026-10-08T14:31:03.3245613-05:00	00:00:00.0004450
Passed	Sillar.Modules.Sales.Tests.MediosDePagoTests	Sillar.Modules.Sales.Tests.MediosDePagoTests.Cualquier_otro_medio_queda_fuera	2026-10-08T14:31:03.0594659-05:00	00:00:00.0006958
Passed	Sillar.Modules.Sales.Tests.MediosDePagoTests	Sillar.Modules.Sales.Tests.MediosDePagoTests.El_efectivo_es_un_medio_valido	2026-10-08T14:31:01.9748002-05:00	00:00:00.3461042
Passed	Sillar.Modules.Sales.Tests.MediosDePagoTests	Sillar.Modules.Sales.Tests.MediosDePagoTests.La_tarjeta_no_se_admite_en_M03_v1	2026-10-08T14:31:02.9979124-05:00	00:00:00.0291587
Passed	Sillar.Modules.Sales.Tests.MediosDePagoTests	Sillar.Modules.Sales.Tests.MediosDePagoTests.Los_valores_van_en_minusculas_y_sin_espacios	2026-10-08T14:31:02.7289174-05:00	00:00:00.2267628
Passed	Sillar.Modules.Sales.Tests.MediosDePagoTests	Sillar.Modules.Sales.Tests.MediosDePagoTests.V1_admite_yape_y_efectivo	2026-10-08T14:31:02.9648115-05:00	00:00:00.0074312
Passed	Sillar.Modules.Sales.Tests.MediosDePagoTests	Sillar.Modules.Sales.Tests.MediosDePagoTests.Yape_es_un_medio_valido	2026-10-08T14:31:02.7164851-05:00	00:00:00.0114918
Passed	Sillar.Modules.Sales.Tests.NumeracionTests	Sillar.Modules.Sales.Tests.NumeracionTests.El_anio_de_la_serie_es_el_de_Lima_y_no_el_de_UTC	2026-10-08T14:31:13.1798292-05:00	00:00:00.0004264
Passed	Sillar.Modules.Sales.Tests.NumeracionTests	Sillar.Modules.Sales.Tests.NumeracionTests.El_codigo_de_esa_tarde_se_compone_con_el_anio_de_Lima	2026-10-08T14:31:12.4428271-05:00	00:00:00.0097658
Passed	Sillar.Modules.Sales.Tests.NumeracionTests	Sillar.Modules.Sales.Tests.NumeracionTests.El_mediodia_de_Lima_y_el_de_UTC_dan_el_mismo_anio	2026-10-08T14:31:12.4637306-05:00	00:00:00.0047746
Passed	Sillar.Modules.Sales.Tests.NumeracionTests	Sillar.Modules.Sales.Tests.NumeracionTests.Fuera_de_una_transaccion_el_numerador_se_niega_a_numerar	2026-10-08T14:31:12.4786196-05:00	00:00:00.7000994
Passed	Sillar.Modules.Sales.Tests.NumeracionTests	Sillar.Modules.Sales.Tests.NumeracionTests.La_guarda_de_transaccion_actua_antes_de_mirar_la_configuracion	2026-10-08T14:31:01.9785653-05:00	00:00:10.2053172
Passed	Sillar.Modules.Sales.Tests.NumeracionTests	Sillar.Modules.Sales.Tests.NumeracionTests.La_zona_del_negocio_se_resuelve_en_esta_maquina	2026-10-08T14:31:12.4557103-05:00	00:00:00.0003714
Passed	Sillar.Modules.Sales.Tests.NumeracionTests	Sillar.Modules.Sales.Tests.NumeracionTests.Un_pedido_de_la_tarde_del_31_de_diciembre_conserva_su_anio	2026-10-08T14:31:12.4696715-05:00	00:00:00.0005243
Passed	Sillar.Modules.Sales.Tests.PedidosPropiosPersistenciaTests	Sillar.Modules.Sales.Tests.PedidosPropiosPersistenciaTests.El_contrato_publico_acota_el_limite_en_vez_de_obedecerlo	2026-10-08T14:31:19.1501662-05:00	00:00:00.1276268
Passed	Sillar.Modules.Sales.Tests.PedidosPropiosPersistenciaTests	Sillar.Modules.Sales.Tests.PedidosPropiosPersistenciaTests.El_historial_no_devuelve_pedidos_dados_de_baja	2026-10-08T14:31:19.2826355-05:00	00:00:00.0553101
Passed	Sillar.Modules.Sales.Tests.PedidosPropiosPersistenciaTests	Sillar.Modules.Sales.Tests.PedidosPropiosPersistenciaTests.El_historial_va_del_mas_reciente_al_mas_antiguo	2026-10-08T14:31:18.9280129-05:00	00:00:00.1156301
Passed	Sillar.Modules.Sales.Tests.PedidosPropiosPersistenciaTests	Sillar.Modules.Sales.Tests.PedidosPropiosPersistenciaTests.El_pedido_de_otro_cliente_no_existe_para_la_consulta_filtrada	2026-10-08T14:31:05.3962450-05:00	00:00:11.9791697
Passed	Sillar.Modules.Sales.Tests.PedidosPropiosPersistenciaTests	Sillar.Modules.Sales.Tests.PedidosPropiosPersistenciaTests.El_resumen_cuenta_las_lineas_sin_traerlas	2026-10-08T14:31:17.4296306-05:00	00:00:01.4860478
Passed	Sillar.Modules.Sales.Tests.PedidosPropiosPersistenciaTests	Sillar.Modules.Sales.Tests.PedidosPropiosPersistenciaTests.Un_cliente_sin_pedidos_recibe_una_lista_vacia_y_no_un_error	2026-10-08T14:31:19.0683546-05:00	00:00:00.0732660
Passed	Sillar.Modules.Sales.Tests.PedidosPropiosPersistenciaTests	Sillar.Modules.Sales.Tests.PedidosPropiosPersistenciaTests.Un_cliente_solo_ve_sus_propios_pedidos	2026-10-08T14:31:19.3540830-05:00	00:00:00.1064462
Passed	Sillar.Modules.Sales.Tests.PeticionDePedidoTests	Sillar.Modules.Sales.Tests.PeticionDePedidoTests.La_peticion_no_lleva_cliente_ni_direccion	2026-10-08T14:31:02.7147076-05:00	00:00:00.0310546
Passed	Sillar.Modules.Sales.Tests.PeticionDePedidoTests	Sillar.Modules.Sales.Tests.PeticionDePedidoTests.La_peticion_no_tiene_donde_poner_un_precio_ni_un_total	2026-10-08T14:31:02.7469585-05:00	00:00:00.0915472
Passed	Sillar.Modules.Sales.Tests.PeticionDePedidoTests	Sillar.Modules.Sales.Tests.PeticionDePedidoTests.Los_motivos_de_no_creacion_distinguen_a_consultar_de_no_vendible	2026-10-08T14:31:01.9761605-05:00	00:00:00.3676922
Passed	Sillar.Modules.Sales.Tests.PeticionDePedidoTests	Sillar.Modules.Sales.Tests.PeticionDePedidoTests.Una_linea_pedida_solo_lleva_variante_y_cantidad	2026-10-08T14:31:02.9189689-05:00	00:00:00.3419260
Passed	Sillar.Modules.Sales.Tests.TransicionesTests	Sillar.Modules.Sales.Tests.TransicionesTests.El_cliente_no_cancela_directamente	2026-10-08T14:31:02.7124097-05:00	00:00:00.0298149
Passed	Sillar.Modules.Sales.Tests.TransicionesTests	Sillar.Modules.Sales.Tests.TransicionesTests.El_vencimiento_automatico_nunca_conduce_a_cancelado	2026-10-08T14:31:02.9588910-05:00	00:00:00.0081439
Passed	Sillar.Modules.Sales.Tests.TransicionesTests	Sillar.Modules.Sales.Tests.TransicionesTests.Ninguna_transicion_permitida_sale_de_los_siete_estados	2026-10-08T14:31:01.9785374-05:00	00:00:00.3658833
Passed	Sillar.Modules.Sales.Tests.TransicionesTests	Sillar.Modules.Sales.Tests.TransicionesTests.Solo_vence_un_pedido_pendiente_de_pago	2026-10-08T14:31:02.8177881-05:00	00:00:00.0158425
Passed	Sillar.Modules.Sales.Tests.TransicionesTests	Sillar.Modules.Sales.Tests.TransicionesTests.Un_pago_no_lo_registra_el_sistema	2026-10-08T14:31:03.0202851-05:00	00:00:00.0274719
Passed	Sillar.Modules.Sales.Tests.TransicionesTests	Sillar.Modules.Sales.Tests.TransicionesTests.Un_pago_sin_mercancia_no_inventa_ningun_octavo_estado	2026-10-08T14:31:02.9432762-05:00	00:00:00.0084908
Passed	Sillar.Modules.Sales.Tests.TransicionesTests	Sillar.Modules.Sales.Tests.TransicionesTests.Un_pago_tardio_con_mercancia_lleva_el_pedido_de_Vencido_a_Preparando	2026-10-08T14:31:02.9416063-05:00	00:00:00.0004577
Passed	Sillar.Modules.Sales.Tests.TransicionesTests	Sillar.Modules.Sales.Tests.TransicionesTests.Un_pago_tardio_no_pasa_por_Pago_por_verificar	2026-10-08T14:31:02.7727055-05:00	00:00:00.0004655
Passed	Sillar.Modules.Sales.Tests.TransicionesTests	Sillar.Modules.Sales.Tests.TransicionesTests.Un_pago_tardio_sin_mercancia_se_registra_y_deja_pendiente_operativo	2026-10-08T14:31:02.7873905-05:00	00:00:00.0005641
Passed	Sillar.Modules.Sales.Tests.TransicionesTests	Sillar.Modules.Sales.Tests.TransicionesTests.Un_pedido_entregado_no_se_puede_cancelar	2026-10-08T14:31:02.9932119-05:00	00:00:00.0116945
Passed	Sillar.Modules.Sales.Tests.TransicionesTests	Sillar.Modules.Sales.Tests.TransicionesTests.Un_pedido_vencido_si_se_puede_cancelar_con_motivo	2026-10-08T14:31:02.9681342-05:00	00:00:00.0240752
Passed	Sillar.Modules.Sales.Tests.TransicionesTests	Sillar.Modules.Sales.Tests.TransicionesTests.Una_cancelacion_del_personal_con_motivo_si_se_permite	2026-10-08T14:31:02.7611382-05:00	00:00:00.0064996
Passed	Sillar.Modules.Sales.Tests.TransicionesTests	Sillar.Modules.Sales.Tests.TransicionesTests.Una_cancelacion_sin_motivo_no_se_permite	2026-10-08T14:31:02.8531746-05:00	00:00:00.0487593
Passed	Sillar.Modules.Sales.Tests.VencimientoPersistenciaTests	Sillar.Modules.Sales.Tests.VencimientoPersistenciaTests.Correr_el_vencimiento_dos_veces_no_duplica_asientos	2026-10-08T14:31:19.4839361-05:00	00:00:00.7336575
Passed	Sillar.Modules.Sales.Tests.VencimientoPersistenciaTests	Sillar.Modules.Sales.Tests.VencimientoPersistenciaTests.El_asiento_del_vencimiento_deja_los_TRES_datos_de_atribucion_en_NULL	2026-10-08T14:31:21.2721342-05:00	00:00:00.1887757
Passed	Sillar.Modules.Sales.Tests.VencimientoPersistenciaTests	Sillar.Modules.Sales.Tests.VencimientoPersistenciaTests.Solo_vence_lo_que_estaba_pendiente_de_pago	2026-10-08T14:31:21.2182377-05:00	00:00:00.0524069
Passed	Sillar.Modules.Sales.Tests.VencimientoPersistenciaTests	Sillar.Modules.Sales.Tests.VencimientoPersistenciaTests.Un_plazo_cumplido_pasa_el_pedido_a_Vencido	2026-10-08T14:31:20.5930300-05:00	00:00:00.6235292
Passed	Sillar.Modules.Sales.Tests.VencimientoPersistenciaTests	Sillar.Modules.Sales.Tests.VencimientoPersistenciaTests.Un_plazo_que_no_ha_llegado_no_vence	2026-10-08T14:31:20.2192466-05:00	00:00:00.0883254
Passed	Sillar.Modules.Sales.Tests.VencimientoPersistenciaTests	Sillar.Modules.Sales.Tests.VencimientoPersistenciaTests.Vencer_no_cancela_y_no_libera_nada	2026-10-08T14:31:20.3764498-05:00	00:00:00.2091853
Failed	Sillar.Modules.ServiceOrders.Tests.AggregateVersionPostgresTests	Sillar.Modules.ServiceOrders.Tests.AggregateVersionPostgresTests.Child_only_edit_advances_parent_updated_at_and_row_version	2026-10-08T14:33:15.3234760-05:00	00:02:08.1129767
Failed	Sillar.Modules.ServiceOrders.Tests.AggregateVersionPostgresTests	Sillar.Modules.ServiceOrders.Tests.AggregateVersionPostgresTests.Pure_reorder_advances_parent_updated_at	2026-10-08T14:35:23.4426988-05:00	00:01:48.7915291
Failed	Sillar.Modules.ServiceOrders.Tests.AggregateVersionPostgresTests	Sillar.Modules.ServiceOrders.Tests.AggregateVersionPostgresTests.Stale_parent_token_is_rejected_after_child_only_edit	2026-10-08T14:31:56.7767208-05:00	00:01:18.5430586
Passed	Sillar.Modules.ServiceOrders.Tests.AggregateVersionPostgresTests	Sillar.Modules.ServiceOrders.Tests.AggregateVersionPostgresTests.Tracking_source_observes_new_updated_at_after_child_only_edit	2026-10-08T14:31:15.9355003-05:00	00:00:40.8313233
Passed	Sillar.Modules.ServiceOrders.Tests.ApplicationBehaviorPostgresTests	Sillar.Modules.ServiceOrders.Tests.ApplicationBehaviorPostgresTests.Cancellation_is_forbidden_to_editor_inside_authoritative_operation	2026-10-08T14:31:15.3484706-05:00	00:00:24.3714270
Failed	Sillar.Modules.ServiceOrders.Tests.ApplicationBehaviorPostgresTests	Sillar.Modules.ServiceOrders.Tests.ApplicationBehaviorPostgresTests.Crm_snapshot_is_optional_and_frozen_when_used	2026-10-08T14:32:24.7728003-05:00	00:02:47.5099224
Failed	Sillar.Modules.ServiceOrders.Tests.ApplicationBehaviorPostgresTests	Sillar.Modules.ServiceOrders.Tests.ApplicationBehaviorPostgresTests.Editing_keeps_existing_snapshot_and_only_snapshots_new_lines	2026-10-08T14:31:39.7664340-05:00	00:00:44.9842022
Failed	Sillar.Modules.ServiceOrders.Tests.ApplicationBehaviorPostgresTests	Sillar.Modules.ServiceOrders.Tests.ApplicationBehaviorPostgresTests.Inserting_new_line_first_shifts_persisted_lines_without_sort_collision	2026-10-08T14:35:12.2920164-05:00	00:01:32.0927650
Passed	Sillar.Modules.ServiceOrders.Tests.ApplicationBehaviorPostgresTests	Sillar.Modules.ServiceOrders.Tests.ApplicationBehaviorPostgresTests.Persisted_line_omission_is_rejected_without_deleting_or_mutating_lines	2026-10-08T14:39:43.2919118-05:00	00:00:26.0620667
Failed	Sillar.Modules.ServiceOrders.Tests.ApplicationBehaviorPostgresTests	Sillar.Modules.ServiceOrders.Tests.ApplicationBehaviorPostgresTests.Ready_requires_reopen_to_in_progress_before_content_edit	2026-10-08T14:36:44.3879700-05:00	00:01:52.1174333
Passed	Sillar.Modules.ServiceOrders.Tests.ApplicationBehaviorPostgresTests	Sillar.Modules.ServiceOrders.Tests.ApplicationBehaviorPostgresTests.Reordering_two_persisted_lines_preserves_both_without_sort_collision	2026-10-08T14:40:09.3572342-05:00	00:00:29.2670937
Passed	Sillar.Modules.ServiceOrders.Tests.ApplicationBehaviorPostgresTests	Sillar.Modules.ServiceOrders.Tests.ApplicationBehaviorPostgresTests.Take_and_release_are_atomic_and_stale_assignment_is_rejected	2026-10-08T14:38:36.5096904-05:00	00:01:06.7800208
Passed	Sillar.Modules.ServiceOrders.Tests.ContractsAndModuleTests	Sillar.Modules.ServiceOrders.Tests.ContractsAndModuleTests.Module_declares_only_ratified_hard_and_soft_dependencies	2026-10-08T14:31:15.8977297-05:00	00:00:00.0217653
Passed	Sillar.Modules.ServiceOrders.Tests.ContractsAndModuleTests	Sillar.Modules.ServiceOrders.Tests.ContractsAndModuleTests.Public_contract_exposes_exactly_the_ratified_legal_transitions	2026-10-08T14:31:15.8751749-05:00	00:00:00.0214219
Passed	Sillar.Modules.ServiceOrders.Tests.ContractsAndModuleTests	Sillar.Modules.ServiceOrders.Tests.ContractsAndModuleTests.Public_contract_owns_exactly_the_ratified_state_vocabulary	2026-10-08T14:31:15.8364360-05:00	00:00:00.0376634
Passed	Sillar.Modules.ServiceOrders.Tests.ContractsAndModuleTests	Sillar.Modules.ServiceOrders.Tests.ContractsAndModuleTests.Public_contract_resolves_C3_through_C7_without_EF_or_error_text_protocol	2026-10-08T14:31:15.3484949-05:00	00:00:00.4328827
Passed	Sillar.Modules.ServiceOrders.Tests.CreateServiceOrderPostgresTests	Sillar.Modules.ServiceOrders.Tests.CreateServiceOrderPostgresTests.Customer_id_without_active_crm_is_a_clean_conflict_and_does_not_reserve_number	2026-10-08T14:31:15.3485193-05:00	00:00:23.8080816
Failed	Sillar.Modules.ServiceOrders.Tests.CreateServiceOrderPostgresTests	Sillar.Modules.ServiceOrders.Tests.CreateServiceOrderPostgresTests.Failure_after_number_reservation_rolls_back_document_and_number	2026-10-08T14:31:39.2236367-05:00	00:00:45.5309250
Failed	Sillar.Modules.ServiceOrders.Tests.CreateServiceOrderPostgresTests	Sillar.Modules.ServiceOrders.Tests.CreateServiceOrderPostgresTests.Manual_creation_freezes_two_lines_and_writes_initial_history_atomically	2026-10-08T14:32:24.7618649-05:00	00:02:35.4429932
Failed	Sillar.Modules.ServiceOrders.Tests.CreateServiceOrderPostgresTests	Sillar.Modules.ServiceOrders.Tests.CreateServiceOrderPostgresTests.Same_idempotency_key_returns_same_order_without_second_snapshot_or_number	2026-10-08T14:35:00.2106306-05:00	00:01:27.0908342
Passed	Sillar.Modules.ServiceOrders.Tests.EndpointContractTests	Sillar.Modules.ServiceOrders.Tests.EndpointContractTests.Api_exposes_exactly_the_seven_ratified_routes	2026-10-08T14:31:16.1017112-05:00	00:00:01.7472563
Passed	Sillar.Modules.ServiceOrders.Tests.EndpointContractTests	Sillar.Modules.ServiceOrders.Tests.EndpointContractTests.Every_service_order_route_requires_editor_or_higher	2026-10-08T14:31:17.8963181-05:00	00:00:00.3817941
Passed	Sillar.Modules.ServiceOrders.Tests.EndpointContractTests	Sillar.Modules.ServiceOrders.Tests.EndpointContractTests.Module_registers_the_tracking_contract_for_future_M06	2026-10-08T14:31:15.3485433-05:00	00:00:00.7113087
Passed	Sillar.Modules.ServiceOrders.Tests.EndpointContractTests	Sillar.Modules.ServiceOrders.Tests.EndpointContractTests.Swagger_provider_has_valid_examples_for_every_M05b_request_body	2026-10-08T14:31:17.8508862-05:00	00:00:00.0364609
Passed	Sillar.Modules.ServiceOrders.Tests.EndpointContractTests	Sillar.Modules.ServiceOrders.Tests.EndpointContractTests.Transition_endpoint_delegates_audit_to_authoritative_operation	2026-10-08T14:31:17.8884491-05:00	00:00:00.0046800
Passed	Sillar.Modules.ServiceOrders.Tests.NumberingPostgresTests	Sillar.Modules.ServiceOrders.Tests.NumberingPostgresTests.It_refuses_to_number_outside_the_document_transaction	2026-10-08T14:31:41.2702395-05:00	00:00:00.0259612
Failed	Sillar.Modules.ServiceOrders.Tests.NumberingPostgresTests	Sillar.Modules.ServiceOrders.Tests.NumberingPostgresTests.Own_series_is_consecutive_under_concurrency	2026-10-08T14:31:41.2986789-05:00	00:00:44.1377386
Passed	Sillar.Modules.ServiceOrders.Tests.NumberingPostgresTests	Sillar.Modules.ServiceOrders.Tests.NumberingPostgresTests.Rollback_does_not_consume_a_number	2026-10-08T14:31:15.3483981-05:00	00:00:25.8616303
Passed	Sillar.Modules.ServiceOrders.Tests.ParityBarrierTests	Sillar.Modules.ServiceOrders.Tests.ParityBarrierTests.M05b_is_named_in_every_applicable_installation_surface	2026-10-08T14:31:15.3484420-05:00	00:00:00.1182754
Passed	Sillar.Modules.ServiceOrders.Tests.PhysicalModelPostgresTests	Sillar.Modules.ServiceOrders.Tests.PhysicalModelPostgresTests.Clean_migration_is_idempotent_and_materializes_five_tables	2026-10-08T14:39:14.6700589-05:00	00:00:30.8091909
Failed	Sillar.Modules.ServiceOrders.Tests.PhysicalModelPostgresTests	Sillar.Modules.ServiceOrders.Tests.PhysicalModelPostgresTests.Decimal_quantity_and_promised_at_boundaries_are_physical_constraints	2026-10-08T14:37:41.8998807-05:00	00:01:32.7640416
Failed	Sillar.Modules.ServiceOrders.Tests.PhysicalModelPostgresTests	Sillar.Modules.ServiceOrders.Tests.PhysicalModelPostgresTests.Drop_is_idempotent_isolated_and_blocks_future_hard_dependent	2026-10-08T14:32:24.7641506-05:00	00:02:41.1664278
Passed	Sillar.Modules.ServiceOrders.Tests.PhysicalModelPostgresTests	Sillar.Modules.ServiceOrders.Tests.PhysicalModelPostgresTests.Every_ratified_column_PK_and_unique_constraint_exists_physically	2026-10-08T14:31:15.7808068-05:00	00:00:25.3885603
Failed	Sillar.Modules.ServiceOrders.Tests.PhysicalModelPostgresTests	Sillar.Modules.ServiceOrders.Tests.PhysicalModelPostgresTests.Installing_without_M05a_is_rejected_with_attributable_message	2026-10-08T14:36:27.9605584-05:00	00:01:13.9299237
Failed	Sillar.Modules.ServiceOrders.Tests.PhysicalModelPostgresTests	Sillar.Modules.ServiceOrders.Tests.PhysicalModelPostgresTests.Physical_catalog_matches_ADR_classification_and_FKs_are_internal	2026-10-08T14:35:05.9357080-05:00	00:01:22.0158676
Failed	Sillar.Modules.ServiceOrders.Tests.PhysicalModelPostgresTests	Sillar.Modules.ServiceOrders.Tests.PhysicalModelPostgresTests.Status_actor_accepts_complete_human_or_all_null_and_rejects_partial_or_fictitious	2026-10-08T14:31:41.1708452-05:00	00:00:43.5836229
Passed	Sillar.Modules.ServiceOrders.Tests.ReplicationClassificationTests	Sillar.Modules.ServiceOrders.Tests.ReplicationClassificationTests.Four_replicated_entities_start_with_application_UUID_v7_and_series_is_local	2026-10-08T14:31:15.3485625-05:00	00:00:00.1663386
Failed	Sillar.Modules.ServiceOrders.Tests.SeriesConfigurationPostgresTests	Sillar.Modules.ServiceOrders.Tests.SeriesConfigurationPostgresTests.Missing_or_pending_series_label_is_clean_invalid_and_reserves_nothing(seriesLabel: "")	2026-10-08T14:32:24.7722489-05:00	00:02:39.2182235
Failed	Sillar.Modules.ServiceOrders.Tests.SeriesConfigurationPostgresTests	Sillar.Modules.ServiceOrders.Tests.SeriesConfigurationPostgresTests.Missing_or_pending_series_label_is_clean_invalid_and_reserves_nothing(seriesLabel: "PENDIENTE_DEFINIR")	2026-10-08T14:31:40.1734957-05:00	00:00:44.5761741
Passed	Sillar.Modules.ServiceOrders.Tests.SeriesConfigurationPostgresTests	Sillar.Modules.ServiceOrders.Tests.SeriesConfigurationPostgresTests.Missing_or_pending_series_label_is_clean_invalid_and_reserves_nothing(seriesLabel: null)	2026-10-08T14:31:15.7936867-05:00	00:00:24.3772194
Failed	Sillar.Modules.ServiceOrders.Tests.SeriesConfigurationPostgresTests	Sillar.Modules.ServiceOrders.Tests.SeriesConfigurationPostgresTests.Seed_registers_private_pending_series_setting_idempotently	2026-10-08T14:35:03.9980887-05:00	00:01:23.9057434
Failed	Sillar.Modules.ServiceOrders.Tests.TransitionPostgresTests	Sillar.Modules.ServiceOrders.Tests.TransitionPostgresTests.A_history_failure_rolls_back_the_state_change	2026-10-08T14:32:23.9138982-05:00	00:00:31.1143153
Failed	Sillar.Modules.ServiceOrders.Tests.TransitionPostgresTests	Sillar.Modules.ServiceOrders.Tests.TransitionPostgresTests.A_legal_transition_commits_state_and_exactly_one_history_row	2026-10-08T14:31:39.2737640-05:00	00:00:44.6055807
Passed	Sillar.Modules.ServiceOrders.Tests.TransitionPostgresTests	Sillar.Modules.ServiceOrders.Tests.TransitionPostgresTests.Invalid_and_missing_orders_produce_no_writes	2026-10-08T14:31:15.3476778-05:00	00:00:23.8742609
Failed	Sillar.Modules.ServiceOrders.Tests.TransitionPostgresTests	Sillar.Modules.ServiceOrders.Tests.TransitionPostgresTests.Two_consumers_with_the_same_expected_state_yield_one_ok_and_one_conflict	2026-10-08T14:32:55.0406384-05:00	00:02:17.7214296
Passed	Sillar.Modules.Services.Tests.ServiceRulesTests	Sillar.Modules.Services.Tests.ServiceRulesTests.Imagen_exige_texto_alternativo	2026-10-08T14:31:05.0677424-05:00	00:00:00.0069306
Passed	Sillar.Modules.Services.Tests.ServiceRulesTests	Sillar.Modules.Services.Tests.ServiceRulesTests.Precio_cero_es_valido_y_distinto_de_nulo	2026-10-08T14:31:04.5017624-05:00	00:00:00.1840669
Passed	Sillar.Modules.Services.Tests.ServiceRulesTests	Sillar.Modules.Services.Tests.ServiceRulesTests.Precio_negativo_se_rechaza	2026-10-08T14:31:05.0371320-05:00	00:00:00.0084172
Passed	Sillar.Modules.Services.Tests.ServiceRulesTests	Sillar.Modules.Services.Tests.ServiceRulesTests.Precio_nulo_es_valido_para_consultar	2026-10-08T14:31:05.0623174-05:00	00:00:00.0004277
Passed	Sillar.Modules.Services.Tests.ServiceRulesTests	Sillar.Modules.Services.Tests.ServiceRulesTests.Publicar_desde_borrador_es_valido	2026-10-08T14:31:05.0531565-05:00	00:00:00.0079060
Passed	Sillar.Modules.Services.Tests.ServiceRulesTests	Sillar.Modules.Services.Tests.ServiceRulesTests.Restaurar_archivado_no_se_inventa	2026-10-08T14:31:05.0468592-05:00	00:00:00.0049623
Passed	Sillar.Modules.Services.Tests.ServiceRulesTests	Sillar.Modules.Services.Tests.ServiceRulesTests.Slug_quita_tildes_y_normaliza_separadores	2026-10-08T14:31:04.8994638-05:00	00:00:00.1354398
Passed	Sillar.Modules.Services.Tests.ServicesPostgresTests	Sillar.Modules.Services.Tests.ServicesPostgresTests.El_99_drop_quita_services_dos_veces_sin_tocar_core_y_la_migracion_reinstala	2026-10-08T14:31:05.2750875-05:00	00:00:08.0029165
Passed	Sillar.Modules.Services.Tests.ServicesPostgresTests	Sillar.Modules.Services.Tests.ServicesPostgresTests.La_direccion_publica_es_unica_sin_distinguir_mayusculas	2026-10-08T14:31:22.1795947-05:00	00:00:01.2240999
Passed	Sillar.Modules.Services.Tests.ServicesPostgresTests	Sillar.Modules.Services.Tests.ServicesPostgresTests.La_fotografia_de_un_servicio_publicado_trae_sus_datos_y_la_url_de_su_imagen	2026-10-08T14:31:24.7328924-05:00	00:00:00.7170807
Passed	Sillar.Modules.Services.Tests.ServicesPostgresTests	Sillar.Modules.Services.Tests.ServicesPostgresTests.La_migracion_crea_solo_el_schema_services_con_su_historial_dentro	2026-10-08T14:31:20.5798618-05:00	00:00:00.5509511
Passed	Sillar.Modules.Services.Tests.ServicesPostgresTests	Sillar.Modules.Services.Tests.ServicesPostgresTests.La_unica_referencia_cruzada_va_de_una_tabla_local_a_una_replicada_como_permite_la_ADR_018	2026-10-08T14:31:21.1540808-05:00	00:00:01.0215450
Passed	Sillar.Modules.Services.Tests.ServicesPostgresTests	Sillar.Modules.Services.Tests.ServicesPostgresTests.La_vitrina_publica_solo_enseña_lo_publicado_en_su_orden	2026-10-08T14:31:19.3062950-05:00	00:00:01.2558217
Passed	Sillar.Modules.Services.Tests.ServicesPostgresTests	Sillar.Modules.Services.Tests.ServicesPostgresTests.Solo_un_servicio_publicado_tiene_fotografia(caso: "archivado")	2026-10-08T14:31:17.8745537-05:00	00:00:00.9491548
Passed	Sillar.Modules.Services.Tests.ServicesPostgresTests	Sillar.Modules.Services.Tests.ServicesPostgresTests.Solo_un_servicio_publicado_tiene_fotografia(caso: "borrador")	2026-10-08T14:31:18.8250326-05:00	00:00:00.4438947
Passed	Sillar.Modules.Services.Tests.ServicesPostgresTests	Sillar.Modules.Services.Tests.ServicesPostgresTests.Solo_un_servicio_publicado_tiene_fotografia(caso: "inexistente")	2026-10-08T14:31:13.3159585-05:00	00:00:04.5428593
Passed	Sillar.Modules.Services.Tests.ServicesPostgresTests	Sillar.Modules.Services.Tests.ServicesPostgresTests.Una_transicion_no_permitida_se_explica_en_castellano	2026-10-08T14:31:23.4112698-05:00	00:00:01.3138114
Passed	Sillar.Modules.Tracking.Tests.ApiYFronterasTests	Sillar.Modules.Tracking.Tests.ApiYFronterasTests.B2_y_B3_la_capa_productiva_solo_conoce_Contracts_y_no_ejecuta_SQL_ajeno	2026-10-08T14:31:17.9343374-05:00	00:00:00.2561753
Passed	Sillar.Modules.Tracking.Tests.ApiYFronterasTests	Sillar.Modules.Tracking.Tests.ApiYFronterasTests.B8_el_OpenAPI_real_publica_las_siete_rutas_y_los_cuatro_ejemplos_copiables	2026-10-08T14:31:18.4341836-05:00	00:00:04.9576626
Passed	Sillar.Modules.Tracking.Tests.ApiYFronterasTests	Sillar.Modules.Tracking.Tests.ApiYFronterasTests.Invalid_de_M05b_es_el_mensaje_principal_observable_sin_reinterpretacion	2026-10-08T14:31:23.4683198-05:00	00:00:00.0285687
Passed	Sillar.Modules.Tracking.Tests.ApiYFronterasTests	Sillar.Modules.Tracking.Tests.ApiYFronterasTests.La_api_publica_exactamente_las_siete_rutas_administrativas_ratificadas	2026-10-08T14:31:23.4981512-05:00	00:00:00.3712925
Passed	Sillar.Modules.Tracking.Tests.AplicacionPostgresTests	Sillar.Modules.Tracking.Tests.AplicacionPostgresTests.Conflicto_no_reintenta_invalid_conserva_mensaje_y_ninguna_transicion_escribe_tracking	2026-10-08T14:40:38.6179404-05:00	00:00:21.0448723
Passed	Sillar.Modules.Tracking.Tests.AplicacionPostgresTests	Sillar.Modules.Tracking.Tests.AplicacionPostgresTests.Dos_primeras_escrituras_concurrentes_comparten_una_fila_y_conservan_ambos_efectos	2026-10-08T14:39:45.1106561-05:00	00:00:26.7567682
Failed	Sillar.Modules.Tracking.Tests.AplicacionPostgresTests	Sillar.Modules.Tracking.Tests.AplicacionPostgresTests.El_detalle_separa_la_orden_leida_de_M05b_de_los_datos_editables_de_M06	2026-10-08T14:35:31.8250842-05:00	00:01:52.2787037
Passed	Sillar.Modules.Tracking.Tests.AplicacionPostgresTests	Sillar.Modules.Tracking.Tests.AplicacionPostgresTests.El_plazo_usa_received_at_del_contrato_y_solo_materializa_si_es_valido	2026-10-08T14:41:16.3762088-05:00	00:00:17.0940337
Passed	Sillar.Modules.Tracking.Tests.AplicacionPostgresTests	Sillar.Modules.Tracking.Tests.AplicacionPostgresTests.El_tablero_agota_paginas_ordena_globalmente_y_no_materializa_filas	2026-10-08T14:40:11.8760376-05:00	00:00:26.7405930
Failed	Sillar.Modules.Tracking.Tests.AplicacionPostgresTests	Sillar.Modules.Tracking.Tests.AplicacionPostgresTests.Escrituras_propias_no_cambian_estado_historial_ni_row_version_de_M05b	2026-10-08T14:31:56.8186633-05:00	00:01:18.4794299
Failed	Sillar.Modules.Tracking.Tests.AplicacionPostgresTests	Sillar.Modules.Tracking.Tests.AplicacionPostgresTests.La_baja_de_nota_es_logica_y_no_borra_la_fila	2026-10-08T14:37:24.1139005-05:00	00:01:47.0552535
Passed	Sillar.Modules.Tracking.Tests.AplicacionPostgresTests	Sillar.Modules.Tracking.Tests.AplicacionPostgresTests.Nota_vacia_no_escribe_y_nota_valida_conserva_prioridad_null_y_triple_completa	2026-10-08T14:31:17.9342896-05:00	00:00:38.7803638
Failed	Sillar.Modules.Tracking.Tests.AplicacionPostgresTests	Sillar.Modules.Tracking.Tests.AplicacionPostgresTests.Prioridad_cero_es_valida_negativa_es_invalida_y_la_escritura_lazy_atribuye	2026-10-08T14:33:15.3111555-05:00	00:02:16.5092522
Passed	Sillar.Modules.Tracking.Tests.AplicacionPostgresTests	Sillar.Modules.Tracking.Tests.AplicacionPostgresTests.Sin_prioridad_la_tarjeta_con_o_sin_fila_conserva_el_orden_de_recepcion	2026-10-08T14:40:59.6641735-05:00	00:00:16.7099631
Passed	Sillar.Modules.Tracking.Tests.AplicacionPostgresTests	Sillar.Modules.Tracking.Tests.AplicacionPostgresTests.Transicion_exitosa_no_crea_tracking_y_el_tablero_refleja_la_relectura_sin_eventos	2026-10-08T14:39:11.1730456-05:00	00:00:33.9360256
Passed	Sillar.Modules.Tracking.Tests.ModelContractTests	Sillar.Modules.Tracking.Tests.ModelContractTests.Both_business_tables_are_replicated_with_application_UUID_v7	2026-10-08T14:31:17.9343716-05:00	00:00:00.2490839
Passed	Sillar.Modules.Tracking.Tests.ModelContractTests	Sillar.Modules.Tracking.Tests.ModelContractTests.Lazy_priority_is_nullable_and_negative_values_have_a_model_check	2026-10-08T14:31:18.4133211-05:00	00:00:06.8230761
Passed	Sillar.Modules.Tracking.Tests.ModelContractTests	Sillar.Modules.Tracking.Tests.ModelContractTests.Notes_are_internal_and_only_reference_the_local_tracking_row	2026-10-08T14:31:25.3861510-05:00	00:00:00.2082482
Passed	Sillar.Modules.Tracking.Tests.ModelContractTests	Sillar.Modules.Tracking.Tests.ModelContractTests.There_is_one_tracking_row_per_service_order_without_importing_M05b_entities	2026-10-08T14:31:25.2430354-05:00	00:00:00.1421072
Passed	Sillar.Modules.Tracking.Tests.ModuleContractTests	Sillar.Modules.Tracking.Tests.ModuleContractTests.Module_declares_only_ratified_dependencies	2026-10-08T14:31:18.4273005-05:00	00:00:00.0541045
Passed	Sillar.Modules.Tracking.Tests.ModuleContractTests	Sillar.Modules.Tracking.Tests.ModuleContractTests.Tracking_does_not_reference_the_concrete_ServiceOrders_assembly	2026-10-08T14:31:17.9343098-05:00	00:00:00.2542370
Failed	Sillar.Modules.Tracking.Tests.PhysicalModelPostgresTests	Sillar.Modules.Tracking.Tests.PhysicalModelPostgresTests.Database_enforces_actor_triples_and_rejects_fictitious_actor	2026-10-08T14:35:22.0389254-05:00	00:01:48.2322531
Failed	Sillar.Modules.Tracking.Tests.PhysicalModelPostgresTests	Sillar.Modules.Tracking.Tests.PhysicalModelPostgresTests.Database_enforces_replication_checks_on_both_tables	2026-10-08T14:32:24.9064435-05:00	00:02:57.1271399
Passed	Sillar.Modules.Tracking.Tests.PhysicalModelPostgresTests	Sillar.Modules.Tracking.Tests.PhysicalModelPostgresTests.Database_enforces_unique_tracking_row_and_internal_note_FK	2026-10-08T14:39:45.1399011-05:00	00:00:26.7271858
Passed	Sillar.Modules.Tracking.Tests.PhysicalModelPostgresTests	Sillar.Modules.Tracking.Tests.PhysicalModelPostgresTests.Lazy_row_and_note_allow_null_priority	2026-10-08T14:39:10.9236157-05:00	00:00:34.2132567
Passed	Sillar.Modules.Tracking.Tests.PhysicalModelPostgresTests	Sillar.Modules.Tracking.Tests.PhysicalModelPostgresTests.Migration_materializes_expected_schema_FKs_and_triggers	2026-10-08T14:40:37.7684807-05:00	00:00:21.4336023
Passed	Sillar.Modules.Tracking.Tests.PhysicalModelPostgresTests	Sillar.Modules.Tracking.Tests.PhysicalModelPostgresTests.Migration_rejects_installation_without_hard_dependencies	2026-10-08T14:40:11.8745254-05:00	00:00:25.8927565
Failed	Sillar.Modules.Tracking.Tests.PhysicalModelPostgresTests	Sillar.Modules.Tracking.Tests.PhysicalModelPostgresTests.Negative_priority_is_rejected_by_PostgreSQL_check	2026-10-08T14:37:10.2766871-05:00	00:02:00.6369905
Passed	Sillar.Modules.Tracking.Tests.PhysicalModelPostgresTests	Sillar.Modules.Tracking.Tests.PhysicalModelPostgresTests.Tracking_for_unknown_service_order_is_rejected_by_FK	2026-10-08T14:31:17.9342354-05:00	00:00:22.1258811
Failed	Sillar.Modules.Tracking.Tests.PhysicalModelPostgresTests	Sillar.Modules.Tracking.Tests.PhysicalModelPostgresTests.Updated_at_trigger_runs_for_tracking_and_notes	2026-10-08T14:31:40.1736688-05:00	00:00:44.5774297
Failed	Sillar.Modules.Tracking.Tests.TableroContratoPostgresTests	Sillar.Modules.Tracking.Tests.TableroContratoPostgresTests.La_vista_cerrada_respeta_la_paginacion_del_contrato	2026-10-08T14:33:15.3131226-05:00	00:02:11.4293575
Passed	Sillar.Modules.Tracking.Tests.TableroContratoPostgresTests	Sillar.Modules.Tracking.Tests.TableroContratoPostgresTests.Reordenar_con_una_lista_obsoleta_se_rechaza_sin_escribir	2026-10-08T14:31:17.9332508-05:00	00:00:38.7774941
Failed	Sillar.Modules.Tracking.Tests.TableroContratoPostgresTests	Sillar.Modules.Tracking.Tests.TableroContratoPostgresTests.Reordenar_un_grupo_es_atomico_materializa_sus_pares_y_deja_el_orden_exacto	2026-10-08T14:31:56.8199377-05:00	00:01:18.4862265
Passed	Sillar.Shared.Data.Tests.ReplicationMappingTests	Sillar.Shared.Data.Tests.ReplicationMappingTests.El_nodo_de_origen_es_obligatorio	2026-10-08T14:30:51.4500396-05:00	00:00:00.0065897
Passed	Sillar.Shared.Data.Tests.ReplicationMappingTests	Sillar.Shared.Data.Tests.ReplicationMappingTests.La_fecha_de_alta_la_pone_la_base_y_solo_al_insertar	2026-10-08T14:30:51.3995748-05:00	00:00:00.0480682
Passed	Sillar.Shared.Data.Tests.ReplicationMappingTests	Sillar.Shared.Data.Tests.ReplicationMappingTests.La_fecha_de_cambio_la_pone_el_trigger_al_insertar_y_al_actualizar	2026-10-08T14:30:51.4575735-05:00	00:00:00.0035757
Passed	Sillar.Shared.Data.Tests.ReplicationMappingTests	Sillar.Shared.Data.Tests.ReplicationMappingTests.La_version_nace_en_uno_y_no_la_genera_la_base	2026-10-08T14:30:51.4645597-05:00	00:00:00.0760480
Passed	Sillar.Shared.Data.Tests.ReplicationMappingTests	Sillar.Shared.Data.Tests.ReplicationMappingTests.Las_cuatro_columnas_llevan_el_nombre_en_snake_case_del_esquema	2026-10-08T14:30:44.4855141-05:00	00:00:06.6190273
Passed	Sillar.Shared.Data.Tests.ReplicationMappingTests	Sillar.Shared.Data.Tests.ReplicationMappingTests.Sin_MapReplication_EF_las_nombraria_de_otra_forma	2026-10-08T14:30:51.3874454-05:00	00:00:00.0074629
Passed	Sillar.Shared.Data.Tests.ReplicationStampingTests	Sillar.Shared.Data.Tests.ReplicationStampingTests.Al_modificar_no_se_reescriben_ni_el_origen_ni_la_fecha_de_alta	2026-10-08T14:30:44.4873663-05:00	00:00:06.9745931
Passed	Sillar.Shared.Data.Tests.ReplicationStampingTests	Sillar.Shared.Data.Tests.ReplicationStampingTests.Al_modificar_sube_la_version_y_el_origen_no_se_toca	2026-10-08T14:30:51.6993867-05:00	00:00:00.0043876
Passed	Sillar.Shared.Data.Tests.ReplicationStampingTests	Sillar.Shared.Data.Tests.ReplicationStampingTests.El_borrado_tampoco_sube_la_version	2026-10-08T14:30:51.6593123-05:00	00:00:00.0342986
Passed	Sillar.Shared.Data.Tests.ReplicationStampingTests	Sillar.Shared.Data.Tests.ReplicationStampingTests.Una_fila_nueva_nace_con_el_nodo_la_version_uno_y_las_dos_fechas	2026-10-08T14:30:51.7049883-05:00	00:00:00.0155693
Passed	Sillar.Shared.Data.Tests.ReplicationStampingTests	Sillar.Shared.Data.Tests.ReplicationStampingTests.Una_fila_sin_cambios_no_se_sella	2026-10-08T14:30:51.6240426-05:00	00:00:00.0336595
Passed	Sillar.Shared.Tests.ModuleActivationSafetyTests	Sillar.Shared.Tests.ModuleActivationSafetyTests.Activar_con_las_dependencias_duras_activas_si_esta_permitido	2026-10-08T14:30:44.0241465-05:00	00:00:00.0363677
Passed	Sillar.Shared.Tests.ModuleActivationSafetyTests	Sillar.Shared.Tests.ModuleActivationSafetyTests.Activar_con_una_dependencia_dura_inactiva_no_esta_permitido	2026-10-08T14:30:44.1426711-05:00	00:00:00.0654296
Passed	Sillar.Shared.Tests.ModuleActivationSafetyTests	Sillar.Shared.Tests.ModuleActivationSafetyTests.Desactivar_CORE_dejaria_a_todos_los_activos_sin_su_dependencia_dura	2026-10-08T14:30:43.3151329-05:00	00:00:00.3214685
Passed	Sillar.Shared.Tests.ModuleActivationSafetyTests	Sillar.Shared.Tests.ModuleActivationSafetyTests.Desactivar_en_orden_inverso_a_las_dependencias_si_esta_permitido	2026-10-08T14:30:44.2678118-05:00	00:00:00.0026143
Passed	Sillar.Shared.Tests.ModuleActivationSafetyTests	Sillar.Shared.Tests.ModuleActivationSafetyTests.Desactivar_un_modulo_del_que_otro_activo_depende_duro_no_esta_permitido	2026-10-08T14:30:44.0955193-05:00	00:00:00.0454958
Passed	Sillar.Shared.Tests.ModuleActivationSafetyTests	Sillar.Shared.Tests.ModuleActivationSafetyTests.Ninguna_secuencia_de_operaciones_permitidas_deja_el_sistema_sin_arrancar	2026-10-08T14:30:43.9647482-05:00	00:00:00.0579687
Passed	Sillar.Shared.Tests.ModuleActivationSafetyTests	Sillar.Shared.Tests.ModuleActivationSafetyTests.Una_dependencia_blanda_inactiva_no_impide_activar	2026-10-08T14:30:44.3500219-05:00	00:00:00.0025519
Passed	Sillar.Shared.Tests.ModuleActivationSafetyTests	Sillar.Shared.Tests.ModuleActivationSafetyTests.Una_dependencia_blanda_no_impide_desactivar_al_otro	2026-10-08T14:30:44.2327121-05:00	00:00:00.0019110
Passed	Sillar.Shared.Tests.ModuleActivationTests	Sillar.Shared.Tests.ModuleActivationTests.Con_todas_las_dependencias_duras_activas_no_hay_problema	2026-10-08T14:30:43.9828706-05:00	00:00:00.0100301
Passed	Sillar.Shared.Tests.ModuleActivationTests	Sillar.Shared.Tests.ModuleActivationTests.Lo_que_esta_apagado_no_se_juzga	2026-10-08T14:30:44.5034649-05:00	00:00:00.0004268
Passed	Sillar.Shared.Tests.ModuleActivationTests	Sillar.Shared.Tests.ModuleActivationTests.Se_reportan_todas_las_dependencias_que_faltan_no_solo_la_primera	2026-10-08T14:30:43.3150930-05:00	00:00:00.3632434
Passed	Sillar.Shared.Tests.ModuleActivationTests	Sillar.Shared.Tests.ModuleActivationTests.Un_modulo_activo_con_su_dependencia_dura_apagada_es_un_problema	2026-10-08T14:30:44.0004773-05:00	00:00:00.4873881
Passed	Sillar.Shared.Tests.ModuleActivationTests	Sillar.Shared.Tests.ModuleActivationTests.Una_dependencia_blanda_apagada_no_es_un_problema	2026-10-08T14:30:44.5557300-05:00	00:00:00.0160340
Passed	Sillar.Shared.Tests.ModuleActiveButUndeclaredTests	Sillar.Shared.Tests.ModuleActiveButUndeclaredTests.Lo_inactivo_y_ausente_no_es_un_problema	2026-10-08T14:30:43.9934396-05:00	00:00:00.0132814
Passed	Sillar.Shared.Tests.ModuleActiveButUndeclaredTests	Sillar.Shared.Tests.ModuleActiveButUndeclaredTests.Se_nombran_todos_los_que_faltan_no_solo_el_primero	2026-10-08T14:30:43.3148507-05:00	00:00:00.4946250
Passed	Sillar.Shared.Tests.ModuleActiveButUndeclaredTests	Sillar.Shared.Tests.ModuleActiveButUndeclaredTests.Si_todo_lo_activo_en_la_base_esta_declarado_no_hay_problema	2026-10-08T14:30:44.0175105-05:00	00:00:00.0004653
Passed	Sillar.Shared.Tests.ModuleActiveButUndeclaredTests	Sillar.Shared.Tests.ModuleActiveButUndeclaredTests.Sin_ningun_codigo_activo_no_hay_nada_que_reportar	2026-10-08T14:30:44.1359950-05:00	00:00:00.0234250
Passed	Sillar.Shared.Tests.ModuleActiveButUndeclaredTests	Sillar.Shared.Tests.ModuleActiveButUndeclaredTests.Un_codigo_activo_que_el_binario_no_trae_se_nombra	2026-10-08T14:30:44.0314572-05:00	00:00:00.0848795
Passed	Sillar.Shared.Tests.ModuleGraphTests	Sillar.Shared.Tests.ModuleGraphTests.Declarar_la_misma_dependencia_dura_y_blanda_avisa_y_manda_la_dura	2026-10-08T14:30:44.4089311-05:00	00:00:00.0013063
Passed	Sillar.Shared.Tests.ModuleGraphTests	Sillar.Shared.Tests.ModuleGraphTests.Dos_modulos_con_el_mismo_codigo_abortan	2026-10-08T14:30:44.6519800-05:00	00:00:00.0011615
Passed	Sillar.Shared.Tests.ModuleGraphTests	Sillar.Shared.Tests.ModuleGraphTests.El_orden_deja_cada_modulo_detras_de_sus_dependencias	2026-10-08T14:30:44.0148218-05:00	00:00:00.2606988
Passed	Sillar.Shared.Tests.ModuleGraphTests	Sillar.Shared.Tests.ModuleGraphTests.El_orden_no_depende_de_como_lleguen_los_modulos	2026-10-08T14:30:44.5458769-05:00	00:00:00.0311619
Passed	Sillar.Shared.Tests.ModuleGraphTests	Sillar.Shared.Tests.ModuleGraphTests.Sin_CORE_no_se_puede_arrancar	2026-10-08T14:30:43.9723845-05:00	00:00:00.0243397
Passed	Sillar.Shared.Tests.ModuleGraphTests	Sillar.Shared.Tests.ModuleGraphTests.Sin_ningun_modulo_no_se_puede_arrancar	2026-10-08T14:30:44.4237622-05:00	00:00:00.0130842
Passed	Sillar.Shared.Tests.ModuleGraphTests	Sillar.Shared.Tests.ModuleGraphTests.Un_ciclo_a_traves_de_una_dependencia_blanda_tambien_aborta	2026-10-08T14:30:44.4382658-05:00	00:00:00.0364456
Passed	Sillar.Shared.Tests.ModuleGraphTests	Sillar.Shared.Tests.ModuleGraphTests.Un_ciclo_aborta_e_indica_el_camino	2026-10-08T14:30:44.7047909-05:00	00:00:00.0160258
Passed	Sillar.Shared.Tests.ModuleGraphTests	Sillar.Shared.Tests.ModuleGraphTests.Un_codigo_que_no_sirve_como_schema_aborta(codigo: "")	2026-10-08T14:30:43.9396321-05:00	00:00:00.0009338
Passed	Sillar.Shared.Tests.ModuleGraphTests	Sillar.Shared.Tests.ModuleGraphTests.Un_codigo_que_no_sirve_como_schema_aborta(codigo: "1catalog")	2026-10-08T14:30:43.9496867-05:00	00:00:00.0000784
Passed	Sillar.Shared.Tests.ModuleGraphTests	Sillar.Shared.Tests.ModuleGraphTests.Un_codigo_que_no_sirve_como_schema_aborta(codigo: "Catalog")	2026-10-08T14:30:43.9572936-05:00	00:00:00.0001081
Passed	Sillar.Shared.Tests.ModuleGraphTests	Sillar.Shared.Tests.ModuleGraphTests.Un_codigo_que_no_sirve_como_schema_aborta(codigo: "c")	2026-10-08T14:30:43.9582875-05:00	00:00:00.0001346
Passed	Sillar.Shared.Tests.ModuleGraphTests	Sillar.Shared.Tests.ModuleGraphTests.Un_codigo_que_no_sirve_como_schema_aborta(codigo: "cata-logo")	2026-10-08T14:30:43.3150681-05:00	00:00:00.3502918
Passed	Sillar.Shared.Tests.ModuleGraphTests	Sillar.Shared.Tests.ModuleGraphTests.Un_codigo_que_no_sirve_como_schema_aborta(codigo: "catalogo_con_un_nombre_larguisimo_que_pasa_de_cuar"···)	2026-10-08T14:30:43.9487559-05:00	00:00:00.0001176
Passed	Sillar.Shared.Tests.ModuleGraphTests	Sillar.Shared.Tests.ModuleGraphTests.Un_grafo_correcto_es_valido	2026-10-08T14:30:44.6678436-05:00	00:00:00.0150498
Passed	Sillar.Shared.Tests.ModuleGraphTests	Sillar.Shared.Tests.ModuleGraphTests.Un_modulo_que_depende_de_si_mismo_aborta	2026-10-08T14:30:44.5946122-05:00	00:00:00.0068021
Passed	Sillar.Shared.Tests.ModuleGraphTests	Sillar.Shared.Tests.ModuleGraphTests.Un_modulo_que_no_declara_CORE_aborta	2026-10-08T14:30:44.7541384-05:00	00:00:00.0144247
Passed	Sillar.Shared.Tests.ModuleGraphTests	Sillar.Shared.Tests.ModuleGraphTests.Un_modulo_sin_descripcion_aborta(descripcion: "   ")	2026-10-08T14:30:44.6357096-05:00	00:00:00.0005603
Passed	Sillar.Shared.Tests.ModuleGraphTests	Sillar.Shared.Tests.ModuleGraphTests.Un_modulo_sin_descripcion_aborta(descripcion: "")	2026-10-08T14:30:44.6150667-05:00	00:00:00.0095351
Passed	Sillar.Shared.Tests.ModuleGraphTests	Sillar.Shared.Tests.ModuleGraphTests.Un_nombre_visible_vacio_aborta	2026-10-08T14:30:44.7223218-05:00	00:00:00.0051450
Passed	Sillar.Shared.Tests.ModuleGraphTests	Sillar.Shared.Tests.ModuleGraphTests.Una_dependencia_blanda_inexistente_solo_avisa	2026-10-08T14:30:44.5884661-05:00	00:00:00.0047466
Passed	Sillar.Shared.Tests.ModuleGraphTests	Sillar.Shared.Tests.ModuleGraphTests.Una_dependencia_dura_hacia_un_modulo_inexistente_aborta	2026-10-08T14:30:44.6082419-05:00	00:00:00.0051406
Passed	Sillar.Shared.Tests.ModuleGraphTests	Sillar.Shared.Tests.ModuleGraphTests.Una_descripcion_que_no_cabe_en_la_columna_aborta	2026-10-08T14:30:44.3371816-05:00	00:00:00.0466157
Passed	Sillar.Shared.Tests.ModuleGraphTests	Sillar.Shared.Tests.ModuleGraphTests.Una_posicion_negativa_en_el_panel_aborta	2026-10-08T14:30:44.5074319-05:00	00:00:00.0369917
Passed	Sillar.Shared.Tests.ModuleGraphTests	Sillar.Shared.Tests.ModuleGraphTests.Una_version_mal_formada_aborta(version: "")	2026-10-08T14:30:44.4937838-05:00	00:00:00.0001065
Passed	Sillar.Shared.Tests.ModuleGraphTests	Sillar.Shared.Tests.ModuleGraphTests.Una_version_mal_formada_aborta(version: "1.0")	2026-10-08T14:30:44.4822466-05:00	00:00:00.0005402
Passed	Sillar.Shared.Tests.ModuleGraphTests	Sillar.Shared.Tests.ModuleGraphTests.Una_version_mal_formada_aborta(version: "v1.0.0")	2026-10-08T14:30:44.4762280-05:00	00:00:00.0010230
Passed	Sillar.Shared.Tests.PagingTests	Sillar.Shared.Tests.PagingTests.El_salto_corresponde_a_la_pagina_pedida	2026-10-08T14:30:43.9849030-05:00	00:00:00.0079673
Passed	Sillar.Shared.Tests.PagingTests	Sillar.Shared.Tests.PagingTests.El_total_de_paginas_redondea_hacia_arriba	2026-10-08T14:30:43.9992901-05:00	00:00:00.0009615
Passed	Sillar.Shared.Tests.PagingTests	Sillar.Shared.Tests.PagingTests.La_ultima_pagina_no_tiene_siguiente	2026-10-08T14:30:43.3151120-05:00	00:00:00.3074441
Passed	Sillar.Shared.Tests.PagingTests	Sillar.Shared.Tests.PagingTests.No_se_puede_pedir_mas_del_maximo	2026-10-08T14:30:44.0191268-05:00	00:00:00.0004657
Passed	Sillar.Shared.Tests.PagingTests	Sillar.Shared.Tests.PagingTests.Sin_pedir_nada_se_devuelve_la_primera_pagina_de_cincuenta	2026-10-08T14:30:44.0121174-05:00	00:00:00.0034536
Passed	Sillar.Shared.Tests.PagingTests	Sillar.Shared.Tests.PagingTests.Sin_resultados_no_hay_paginas_ni_siguiente	2026-10-08T14:30:44.0272487-05:00	00:00:00.0095774
Passed	Sillar.Shared.Tests.PagingTests	Sillar.Shared.Tests.PagingTests.Un_tamano_de_cero_o_negativo_se_lleva_al_minimo	2026-10-08T14:30:44.0211832-05:00	00:00:00.0047771
Passed	Sillar.Shared.Tests.PagingTests	Sillar.Shared.Tests.PagingTests.Una_pagina_por_debajo_de_uno_se_trata_como_la_primera(pedida: -3)	2026-10-08T14:30:43.9769763-05:00	00:00:00.0066382
Passed	Sillar.Shared.Tests.PagingTests	Sillar.Shared.Tests.PagingTests.Una_pagina_por_debajo_de_uno_se_trata_como_la_primera(pedida: 0)	2026-10-08T14:30:43.9625254-05:00	00:00:00.0135231
