outcome	clase	prueba	inicio	duracion
Passed	Sillar.Api.Tests.ArranqueConModuloActivoAusenteTests	Sillar.Api.Tests.ArranqueConModuloActivoAusenteTests.Un_modulo_activo_que_el_binario_no_trae_impide_arrancar_al_host	2026-10-08T23:04:08.4363899-05:00	00:00:22.2142394
Passed	Sillar.Api.Tests.CierreM04SeguridadYCorreoTests	Sillar.Api.Tests.CierreM04SeguridadYCorreoTests.Criterio13_password_de_registro_no_aparece_en_respuesta_logs_ni_auditoria	2026-10-08T23:04:08.4363904-05:00	00:00:25.3361009
Passed	Sillar.Api.Tests.CierreM04SeguridadYCorreoTests	Sillar.Api.Tests.CierreM04SeguridadYCorreoTests.Criterio17_fallo_de_correo_de_un_registro_concreto_es_visible_para_admin	2026-10-08T23:04:33.7926823-05:00	00:00:21.3534543
Passed	Sillar.Api.Tests.ModulosEnElDespliegueTests	Sillar.Api.Tests.ModulosEnElDespliegueTests.Cada_modulo_del_repositorio_tiene_su_ensamblado_junto_al_host	2026-10-08T23:04:08.4364035-05:00	00:00:00.0492850
Passed	Sillar.Core.Tests.ActivacionConSchemaTests	Sillar.Core.Tests.ActivacionConSchemaTests.Al_negarse_el_estado_previo_queda_intacto	2026-10-08T23:02:28.2493718-05:00	00:00:03.2602845
Passed	Sillar.Core.Tests.ActivacionConSchemaTests	Sillar.Core.Tests.ActivacionConSchemaTests.Con_su_schema_presente_el_modulo_se_activa	2026-10-08T23:02:39.4025492-05:00	00:00:06.7480741
Passed	Sillar.Core.Tests.ActivacionConSchemaTests	Sillar.Core.Tests.ActivacionConSchemaTests.El_error_nombra_el_modulo_el_schema_la_base_y_que_hacer	2026-10-08T23:02:17.7450278-05:00	00:00:04.8441849
Passed	Sillar.Core.Tests.ActivacionConSchemaTests	Sillar.Core.Tests.ActivacionConSchemaTests.Los_modulos_de_demostracion_sin_schema_se_siguen_activando	2026-10-08T23:02:31.5109425-05:00	00:00:04.2974408
Passed	Sillar.Core.Tests.ActivacionConSchemaTests	Sillar.Core.Tests.ActivacionConSchemaTests.Sin_su_schema_el_modulo_no_se_activa	2026-10-08T23:02:35.8249965-05:00	00:00:03.5760485
Passed	Sillar.Core.Tests.ActivacionConSchemaTests	Sillar.Core.Tests.ActivacionConSchemaTests.Tras_una_instalacion_correcta_los_modulos_reales_tienen_su_schema_y_se_activan	2026-10-08T23:02:22.5921938-05:00	00:00:05.6431522
Passed	Sillar.Core.Tests.ActivacionConSchemaTests	Sillar.Core.Tests.ActivacionConSchemaTests.Un_modulo_real_sin_su_schema_no_se_activa_aunque_otros_si_lo_tengan	2026-10-08T23:02:10.9290786-05:00	00:00:06.8134232
Passed	Sillar.Core.Tests.ActivacionConSchemaTests	Sillar.Core.Tests.ActivacionConSchemaTests.Una_averia_distinta_no_se_convierte_en_falta_el_schema	2026-10-08T23:02:35.8094170-05:00	00:00:00.0147253
Passed	Sillar.Core.Tests.AdminClaimIsolationTests	Sillar.Core.Tests.AdminClaimIsolationTests.Claim_csrf_administrativo_si_se_resuelve	2026-10-08T23:02:10.7362678-05:00	00:00:00.0498268
Passed	Sillar.Core.Tests.AdminClaimIsolationTests	Sillar.Core.Tests.AdminClaimIsolationTests.Claim_csrf_generico_anterior_no_es_claim_administrativo	2026-10-08T23:02:10.8373835-05:00	00:00:00.0010847
Passed	Sillar.Core.Tests.AdminClaimIsolationTests	Sillar.Core.Tests.AdminClaimIsolationTests.Claims_administrativos_tienen_namespace_propio	2026-10-08T23:02:10.8547883-05:00	00:00:00.0002892
Passed	Sillar.Core.Tests.AdminClaimIsolationTests	Sillar.Core.Tests.AdminClaimIsolationTests.CurrentAdmin_ignora_claims_de_cliente	2026-10-08T23:02:10.8394989-05:00	00:00:00.0144497
Passed	Sillar.Core.Tests.AdminClaimIsolationTests	Sillar.Core.Tests.AdminClaimIsolationTests.CurrentAdmin_ignora_session_id_generico_anterior	2026-10-08T23:02:10.8652702-05:00	00:00:00.0005194
Passed	Sillar.Core.Tests.AdminClaimIsolationTests	Sillar.Core.Tests.AdminClaimIsolationTests.CurrentAdmin_lee_session_id_administrativo	2026-10-08T23:02:10.8557781-05:00	00:00:00.0082766
Passed	Sillar.Core.Tests.ArranqueContraBaseVaciaTests	Sillar.Core.Tests.ArranqueContraBaseVaciaTests.El_modo_instalacion_monta_las_dos_rutas_de_setup_y_ninguna_mas	2026-10-08T23:02:18.2384676-05:00	00:00:00.0953296
Passed	Sillar.Core.Tests.ArranqueContraBaseVaciaTests	Sillar.Core.Tests.ArranqueContraBaseVaciaTests.GET_setup_status_contra_base_vacia_responde_200_y_no_un_500	2026-10-08T23:02:18.3346543-05:00	00:00:02.1955635
Passed	Sillar.Core.Tests.ArranqueContraBaseVaciaTests	Sillar.Core.Tests.ArranqueContraBaseVaciaTests.La_misma_base_cambia_de_estado_al_aplicarle_las_migraciones	2026-10-08T23:02:15.5386271-05:00	00:00:02.6982514
Passed	Sillar.Core.Tests.ArranqueContraBaseVaciaTests	Sillar.Core.Tests.ArranqueContraBaseVaciaTests.Sin_migraciones_el_estado_es_faltan_migraciones_y_no_una_excepcion	2026-10-08T23:02:10.9717685-05:00	00:00:04.5626949
Passed	Sillar.Core.Tests.ArranqueContraBaseVaciaTests	Sillar.Core.Tests.ArranqueContraBaseVaciaTests.Un_error_de_PostgreSQL_que_NO_es_42P01_no_se_traga	2026-10-08T23:02:20.5313889-05:00	00:00:05.1588734
Passed	Sillar.Core.Tests.AutenticacionSinAlmacenDeSesionesTests	Sillar.Core.Tests.AutenticacionSinAlmacenDeSesionesTests.Base_pristina_y_cookie_vieja_el_instalador_termina_y_la_cookie_nunca_autentica	2026-10-08T23:02:18.2387254-05:00	00:00:13.2757489
Passed	Sillar.Core.Tests.AutenticacionSinAlmacenDeSesionesTests	Sillar.Core.Tests.AutenticacionSinAlmacenDeSesionesTests.Con_cookie_vieja_y_sin_core_setup_status_responde_y_una_ruta_protegida_da_401	2026-10-08T23:02:16.2233972-05:00	00:00:02.0135586
Passed	Sillar.Core.Tests.AutenticacionSinAlmacenDeSesionesTests	Sillar.Core.Tests.AutenticacionSinAlmacenDeSesionesTests.Con_cookie_y_sin_tabla_de_sesiones_no_hay_resultado_y_no_hay_identidad	2026-10-08T23:02:13.9228704-05:00	00:00:02.2692026
Passed	Sillar.Core.Tests.AutenticacionSinAlmacenDeSesionesTests	Sillar.Core.Tests.AutenticacionSinAlmacenDeSesionesTests.Con_la_tabla_presente_y_una_sesion_valida_autentica_con_normalidad	2026-10-08T23:02:35.1602774-05:00	00:00:04.5512199
Passed	Sillar.Core.Tests.AutenticacionSinAlmacenDeSesionesTests	Sillar.Core.Tests.AutenticacionSinAlmacenDeSesionesTests.Cuando_aparecen_las_tablas_el_handler_vuelve_a_consultar_con_normalidad	2026-10-08T23:02:42.6345573-05:00	00:00:04.7895761
Passed	Sillar.Core.Tests.AutenticacionSinAlmacenDeSesionesTests	Sillar.Core.Tests.AutenticacionSinAlmacenDeSesionesTests.Sin_cookie_no_hay_resultado_como_siempre	2026-10-08T23:02:31.5153339-05:00	00:00:03.6436503
Passed	Sillar.Core.Tests.AutenticacionSinAlmacenDeSesionesTests	Sillar.Core.Tests.AutenticacionSinAlmacenDeSesionesTests.Un_42P01_de_otra_relacion_no_se_traga	2026-10-08T23:02:39.7124138-05:00	00:00:02.9215199
Passed	Sillar.Core.Tests.AutenticacionSinAlmacenDeSesionesTests	Sillar.Core.Tests.AutenticacionSinAlmacenDeSesionesTests.Un_UndefinedColumn_no_se_traga	2026-10-08T23:02:47.4249734-05:00	00:00:01.1422692
Passed	Sillar.Core.Tests.AutenticacionSinAlmacenDeSesionesTests	Sillar.Core.Tests.AutenticacionSinAlmacenDeSesionesTests.Una_base_inexistente_no_se_convierte_en_ausencia	2026-10-08T23:02:10.9254742-05:00	00:00:02.9770825
Passed	Sillar.Core.Tests.AutenticacionSinAlmacenDeSesionesTests	Sillar.Core.Tests.AutenticacionSinAlmacenDeSesionesTests.Una_conexion_caida_no_se_convierte_en_ausencia	2026-10-08T23:02:16.1949523-05:00	00:00:00.0267254
Passed	Sillar.Core.Tests.ContentSnifferTests	Sillar.Core.Tests.ContentSnifferTests.Otros_formatos_conocidos_se_rechazan(firma: "%PDF-1.7")	2026-10-08T23:02:10.9534157-05:00	00:00:00.0000733
Passed	Sillar.Core.Tests.ContentSnifferTests	Sillar.Core.Tests.ContentSnifferTests.Otros_formatos_conocidos_se_rechazan(firma: "GIF89a")	2026-10-08T23:02:10.9351318-05:00	00:00:00.0056111
Passed	Sillar.Core.Tests.ContentSnifferTests	Sillar.Core.Tests.ContentSnifferTests.Otros_formatos_conocidos_se_rechazan(firma: "PK\x03\x04")	2026-10-08T23:02:10.9434066-05:00	00:00:00.0000708
Passed	Sillar.Core.Tests.ContentSnifferTests	Sillar.Core.Tests.ContentSnifferTests.Otros_formatos_conocidos_se_rechazan(firma: "\x1f")	2026-10-08T23:02:10.9414381-05:00	00:00:00.0009067
Passed	Sillar.Core.Tests.ContentSnifferTests	Sillar.Core.Tests.ContentSnifferTests.Un_archivo_con_extension_png_pero_otro_contenido_se_rechaza	2026-10-08T23:02:10.9565815-05:00	00:00:00.0003390
Passed	Sillar.Core.Tests.ContentSnifferTests	Sillar.Core.Tests.ContentSnifferTests.Un_archivo_vacio_o_truncado_se_rechaza	2026-10-08T23:02:10.9578460-05:00	00:00:00.0003998
Passed	Sillar.Core.Tests.ContentSnifferTests	Sillar.Core.Tests.ContentSnifferTests.Un_jpeg_se_reconoce_por_su_firma	2026-10-08T23:02:10.9679176-05:00	00:00:00.0005271
Passed	Sillar.Core.Tests.ContentSnifferTests	Sillar.Core.Tests.ContentSnifferTests.Un_png_se_reconoce_por_su_firma	2026-10-08T23:02:10.9739968-05:00	00:00:00.0003739
Passed	Sillar.Core.Tests.ContentSnifferTests	Sillar.Core.Tests.ContentSnifferTests.Un_riff_que_no_es_webp_se_rechaza	2026-10-08T23:02:10.9702843-05:00	00:00:00.0008379
Passed	Sillar.Core.Tests.ContentSnifferTests	Sillar.Core.Tests.ContentSnifferTests.Un_svg_sin_declaracion_xml_tambien_se_rechaza	2026-10-08T23:02:10.9549716-05:00	00:00:00.0003624
Passed	Sillar.Core.Tests.ContentSnifferTests	Sillar.Core.Tests.ContentSnifferTests.Un_svg_valido_se_rechaza	2026-10-08T23:02:10.9723218-05:00	00:00:00.0004173
Passed	Sillar.Core.Tests.ContentSnifferTests	Sillar.Core.Tests.ContentSnifferTests.Un_webp_se_reconoce_en_sus_tres_variantes(variante: "VP8 ")	2026-10-08T23:02:10.9598137-05:00	00:00:00.0043169
Passed	Sillar.Core.Tests.ContentSnifferTests	Sillar.Core.Tests.ContentSnifferTests.Un_webp_se_reconoce_en_sus_tres_variantes(variante: "VP8L")	2026-10-08T23:02:10.9665096-05:00	00:00:00.0000803
Passed	Sillar.Core.Tests.ContentSnifferTests	Sillar.Core.Tests.ContentSnifferTests.Un_webp_se_reconoce_en_sus_tres_variantes(variante: "VP8X")	2026-10-08T23:02:10.9649653-05:00	00:00:00.0006045
Passed	Sillar.Core.Tests.CsrfTokenFactoryTests	Sillar.Core.Tests.CsrfTokenFactoryTests.Dos_instalaciones_distintas_dan_tokens_distintos_para_la_misma_sesion	2026-10-08T23:02:11.0610163-05:00	00:00:00.0004556
Passed	Sillar.Core.Tests.CsrfTokenFactoryTests	Sillar.Core.Tests.CsrfTokenFactoryTests.Dos_sesiones_distintas_dan_tokens_distintos	2026-10-08T23:02:11.0579747-05:00	00:00:00.0009054
Passed	Sillar.Core.Tests.CsrfTokenFactoryTests	Sillar.Core.Tests.CsrfTokenFactoryTests.El_hash_que_se_guarda_no_contiene_el_token	2026-10-08T23:02:11.0513554-05:00	00:00:00.0004503
Passed	Sillar.Core.Tests.CsrfTokenFactoryTests	Sillar.Core.Tests.CsrfTokenFactoryTests.El_token_no_revela_la_sesion_ni_la_clave_de_instalacion	2026-10-08T23:02:11.0426531-05:00	00:00:00.0041254
Passed	Sillar.Core.Tests.CsrfTokenFactoryTests	Sillar.Core.Tests.CsrfTokenFactoryTests.El_token_viaja_en_una_cabecera_sin_escapar_nada	2026-10-08T23:02:11.0563994-05:00	00:00:00.0006468
Passed	Sillar.Core.Tests.CsrfTokenFactoryTests	Sillar.Core.Tests.CsrfTokenFactoryTests.La_etiqueta_de_derivacion_esta_versionada	2026-10-08T23:02:11.0502056-05:00	00:00:00.0002347
Passed	Sillar.Core.Tests.CsrfTokenFactoryTests	Sillar.Core.Tests.CsrfTokenFactoryTests.La_misma_sesion_da_siempre_el_mismo_token	2026-10-08T23:02:11.0597782-05:00	00:00:00.0004575
Passed	Sillar.Core.Tests.CsrfTokenFactoryTests	Sillar.Core.Tests.CsrfTokenFactoryTests.Reiniciar_el_proceso_no_cambia_el_token_de_una_sesion_viva	2026-10-08T23:02:11.0479786-05:00	00:00:00.0010963
Passed	Sillar.Core.Tests.CsrfTokenFactoryTests	Sillar.Core.Tests.CsrfTokenFactoryTests.Una_clave_de_instalacion_que_solo_difiere_en_un_bit_da_otro_token	2026-10-08T23:02:11.0622860-05:00	00:00:00.0005084
Passed	Sillar.Core.Tests.CsrfTokenFactoryTests	Sillar.Core.Tests.CsrfTokenFactoryTests.Una_clave_de_instalacion_vacia_se_rechaza	2026-10-08T23:02:11.0524170-05:00	00:00:00.0028446
Passed	Sillar.Core.Tests.EmailTestStatusContractTests	Sillar.Core.Tests.EmailTestStatusContractTests.Estado_smtp_no_expone_secretos	2026-10-08T23:02:10.9413540-05:00	00:00:00.0214202
Passed	Sillar.Core.Tests.EmailTestStatusContractTests	Sillar.Core.Tests.EmailTestStatusContractTests.Estado_smtp_representa_nunca_probado_sin_inventar_fecha	2026-10-08T23:02:10.9650418-05:00	00:00:00.0044280
Passed	Sillar.Core.Tests.HostRestarterTests	Sillar.Core.Tests.HostRestarterTests.Con_la_bandera_en_false_el_host_no_se_detiene	2026-10-08T23:02:10.9001293-05:00	00:00:00.0225114
Passed	Sillar.Core.Tests.HostRestarterTests	Sillar.Core.Tests.HostRestarterTests.Con_la_bandera_en_true_la_parada_se_programa_para_despues_de_la_respuesta	2026-10-08T23:02:10.9251186-05:00	00:00:00.0007213
Passed	Sillar.Core.Tests.HostRestarterTests	Sillar.Core.Tests.HostRestarterTests.La_parada_incondicional_tampoco_ocurre_antes_de_la_respuesta	2026-10-08T23:02:10.8727970-05:00	00:00:00.0256683
Passed	Sillar.Core.Tests.HostRestarterTests	Sillar.Core.Tests.HostRestarterTests.Sin_configuracion_el_host_no_se_detiene	2026-10-08T23:02:10.9237029-05:00	00:00:00.0004537
Passed	Sillar.Core.Tests.ImageDimensionsTests	Sillar.Core.Tests.ImageDimensionsTests.En_jpeg_el_alto_va_antes_que_el_ancho	2026-10-08T23:02:10.8543426-05:00	00:00:00.0011315
Passed	Sillar.Core.Tests.ImageDimensionsTests	Sillar.Core.Tests.ImageDimensionsTests.En_jpeg_se_saltan_los_marcadores_previos	2026-10-08T23:02:10.8435347-05:00	00:00:00.0051541
Passed	Sillar.Core.Tests.ImageDimensionsTests	Sillar.Core.Tests.ImageDimensionsTests.Las_dimensiones_de_un_jpeg_se_leen_del_inicio_de_fotograma(ancho: 1920, alto: 1080)	2026-10-08T23:02:10.8497592-05:00	00:00:00.0004272
Passed	Sillar.Core.Tests.ImageDimensionsTests	Sillar.Core.Tests.ImageDimensionsTests.Las_dimensiones_de_un_jpeg_se_leen_del_inicio_de_fotograma(ancho: 800, alto: 600)	2026-10-08T23:02:10.8507759-05:00	00:00:00.0007131
Passed	Sillar.Core.Tests.ImageDimensionsTests	Sillar.Core.Tests.ImageDimensionsTests.Las_dimensiones_de_un_png_se_leen_del_IHDR(ancho: 1, alto: 1)	2026-10-08T23:02:10.8415656-05:00	00:00:00.0005853
Passed	Sillar.Core.Tests.ImageDimensionsTests	Sillar.Core.Tests.ImageDimensionsTests.Las_dimensiones_de_un_png_se_leen_del_IHDR(ancho: 4096, alto: 2160)	2026-10-08T23:02:10.8426992-05:00	00:00:00.0001542
Passed	Sillar.Core.Tests.ImageDimensionsTests	Sillar.Core.Tests.ImageDimensionsTests.Las_dimensiones_de_un_png_se_leen_del_IHDR(ancho: 800, alto: 600)	2026-10-08T23:02:10.8373835-05:00	00:00:00.0036360
Passed	Sillar.Core.Tests.ImageDimensionsTests	Sillar.Core.Tests.ImageDimensionsTests.Las_dimensiones_de_un_webp_se_leen_en_sus_tres_variantes(variante: "VP8 ", ancho: 640, alto: 480)	2026-10-08T23:02:10.8344982-05:00	00:00:00.0000556
Passed	Sillar.Core.Tests.ImageDimensionsTests	Sillar.Core.Tests.ImageDimensionsTests.Las_dimensiones_de_un_webp_se_leen_en_sus_tres_variantes(variante: "VP8L", ancho: 1, alto: 1)	2026-10-08T23:02:10.7362329-05:00	00:00:00.0548877
Passed	Sillar.Core.Tests.ImageDimensionsTests	Sillar.Core.Tests.ImageDimensionsTests.Las_dimensiones_de_un_webp_se_leen_en_sus_tres_variantes(variante: "VP8L", ancho: 640, alto: 480)	2026-10-08T23:02:10.8332549-05:00	00:00:00.0000600
Passed	Sillar.Core.Tests.ImageDimensionsTests	Sillar.Core.Tests.ImageDimensionsTests.Las_dimensiones_de_un_webp_se_leen_en_sus_tres_variantes(variante: "VP8X", ancho: 16383, alto: 16383)	2026-10-08T23:02:10.8291895-05:00	00:00:00.0031000
Passed	Sillar.Core.Tests.ImageDimensionsTests	Sillar.Core.Tests.ImageDimensionsTests.Las_dimensiones_de_un_webp_se_leen_en_sus_tres_variantes(variante: "VP8X", ancho: 640, alto: 480)	2026-10-08T23:02:10.8339209-05:00	00:00:00.0000628
Passed	Sillar.Core.Tests.ImageDimensionsTests	Sillar.Core.Tests.ImageDimensionsTests.Un_jpeg_sin_inicio_de_fotograma_devuelve_nulo_y_no_se_queda_dando_vueltas	2026-10-08T23:02:10.8574293-05:00	00:00:00.0004893
Passed	Sillar.Core.Tests.ImageDimensionsTests	Sillar.Core.Tests.ImageDimensionsTests.Un_webp_de_variante_desconocida_devuelve_nulo	2026-10-08T23:02:10.8563130-05:00	00:00:00.0004865
Passed	Sillar.Core.Tests.ImageDimensionsTests	Sillar.Core.Tests.ImageDimensionsTests.Una_cabecera_truncada_devuelve_nulo_sin_reventar	2026-10-08T23:02:10.8523938-05:00	00:00:00.0010393
Passed	Sillar.Core.Tests.InstalacionDeModulosTests	Sillar.Core.Tests.InstalacionDeModulosTests.Base_pristina_la_instalacion_deja_todos_los_schemas_desplegados_y_termina_operativa	2026-10-08T23:02:47.4452684-05:00	00:00:02.2943813
Passed	Sillar.Core.Tests.InstalacionDeModulosTests	Sillar.Core.Tests.InstalacionDeModulosTests.CORE_se_instala_el_primero_y_no_por_casualidad	2026-10-08T23:02:35.7612888-05:00	00:00:00.0012692
Passed	Sillar.Core.Tests.InstalacionDeModulosTests	Sillar.Core.Tests.InstalacionDeModulosTests.Clasificar_con_algo_ajeno_no_es_seguro	2026-10-08T23:02:47.4442892-05:00	00:00:00.0004650
Passed	Sillar.Core.Tests.InstalacionDeModulosTests	Sillar.Core.Tests.InstalacionDeModulosTests.Clasificar_con_solo_lo_nuestro_es_reanudable	2026-10-08T23:02:20.5336362-05:00	00:00:00.0018884
Passed	Sillar.Core.Tests.InstalacionDeModulosTests	Sillar.Core.Tests.InstalacionDeModulosTests.Clasificar_sin_nada_es_pristina	2026-10-08T23:02:35.7589622-05:00	00:00:00.0014626
Passed	Sillar.Core.Tests.InstalacionDeModulosTests	Sillar.Core.Tests.InstalacionDeModulosTests.El_503_nombra_base_servidor_puerto_y_la_evidencia_y_manda_comprobar_la_conexion	2026-10-08T23:02:43.3168328-05:00	00:00:03.0398847
Passed	Sillar.Core.Tests.InstalacionDeModulosTests	Sillar.Core.Tests.InstalacionDeModulosTests.El_orden_es_el_mismo_llegue_como_llegue_el_catalogo_de_modulos	2026-10-08T23:02:31.4846560-05:00	00:00:00.0017409
Passed	Sillar.Core.Tests.InstalacionDeModulosTests	Sillar.Core.Tests.InstalacionDeModulosTests.Las_extensiones_en_public_no_convierten_la_base_en_ajena	2026-10-08T23:02:46.3583708-05:00	00:00:00.5403988
Passed	Sillar.Core.Tests.InstalacionDeModulosTests	Sillar.Core.Tests.InstalacionDeModulosTests.POST_setup_sobre_base_pristina_responde_201	2026-10-08T23:02:20.5369041-05:00	00:00:06.0079307
Passed	Sillar.Core.Tests.InstalacionDeModulosTests	Sillar.Core.Tests.InstalacionDeModulosTests.Repetir_la_instalacion_no_reaplica_nada_y_sigue_operativa	2026-10-08T23:02:35.7633653-05:00	00:00:06.0611252
Passed	Sillar.Core.Tests.InstalacionDeModulosTests	Sillar.Core.Tests.InstalacionDeModulosTests.Un_historial_con_migraciones_que_este_binario_no_conoce_no_se_toca	2026-10-08T23:02:26.5462086-05:00	00:00:01.7221414
Passed	Sillar.Core.Tests.InstalacionDeModulosTests	Sillar.Core.Tests.InstalacionDeModulosTests.Un_schema_ajeno_hace_que_se_niegue_antes_de_migrar_nada	2026-10-08T23:02:31.4871769-05:00	00:00:04.2709927
Passed	Sillar.Core.Tests.InstalacionDeModulosTests	Sillar.Core.Tests.InstalacionDeModulosTests.Un_schema_con_nuestro_nombre_pero_sin_nuestro_historial_no_se_toca	2026-10-08T23:02:46.8998785-05:00	00:00:00.5439720
Passed	Sillar.Core.Tests.InstalacionDeModulosTests	Sillar.Core.Tests.InstalacionDeModulosTests.Un_schema_de_SILLAR_cuya_primera_migracion_fallo_sigue_siendo_reanudable	2026-10-08T23:02:41.8271970-05:00	00:00:01.4889784
Passed	Sillar.Core.Tests.InstalacionDeModulosTests	Sillar.Core.Tests.InstalacionDeModulosTests.Una_instalacion_a_medias_se_reanuda_y_se_completa	2026-10-08T23:02:10.9328261-05:00	00:00:09.5957340
Passed	Sillar.Core.Tests.InstalacionDeModulosTests	Sillar.Core.Tests.InstalacionDeModulosTests.Una_tabla_ajena_en_public_hace_que_se_niegue	2026-10-08T23:02:28.2696618-05:00	00:00:03.2108321
Passed	Sillar.Core.Tests.LockoutPolicyTests	Sillar.Core.Tests.LockoutPolicyTests.El_bloqueo_termina_solo_al_pasar_el_plazo	2026-10-08T23:02:10.9097145-05:00	00:00:00.0008772
Passed	Sillar.Core.Tests.LockoutPolicyTests	Sillar.Core.Tests.LockoutPolicyTests.El_quinto_fallo_bloquea_quince_minutos	2026-10-08T23:02:10.9133336-05:00	00:00:00.0019375
Passed	Sillar.Core.Tests.LockoutPolicyTests	Sillar.Core.Tests.LockoutPolicyTests.Los_fallos_siguientes_reinician_los_quince_minutos	2026-10-08T23:02:10.9230202-05:00	00:00:00.0004630
Passed	Sillar.Core.Tests.LockoutPolicyTests	Sillar.Core.Tests.LockoutPolicyTests.Menos_de_cinco_fallos_no_bloquean(fallos: 1)	2026-10-08T23:02:10.9199861-05:00	00:00:00.0018176
Passed	Sillar.Core.Tests.LockoutPolicyTests	Sillar.Core.Tests.LockoutPolicyTests.Menos_de_cinco_fallos_no_bloquean(fallos: 4)	2026-10-08T23:02:10.9163299-05:00	00:00:00.0020358
Passed	Sillar.Core.Tests.LockoutPolicyTests	Sillar.Core.Tests.LockoutPolicyTests.Una_cuenta_sin_bloqueo_no_esta_bloqueada	2026-10-08T23:02:10.9078900-05:00	00:00:00.0010571
Passed	Sillar.Core.Tests.LoginEvaluatorTests	Sillar.Core.Tests.LoginEvaluatorTests.Con_la_contrasena_correcta_y_la_cuenta_bloqueada_devuelve_423	2026-10-08T23:02:10.8863275-05:00	00:00:00.0288126
Passed	Sillar.Core.Tests.LoginEvaluatorTests	Sillar.Core.Tests.LoginEvaluatorTests.Con_la_contrasena_incorrecta_y_la_cuenta_bloqueada_devuelve_401_y_no_423	2026-10-08T23:02:10.9364459-05:00	00:00:00.0007432
Passed	Sillar.Core.Tests.LoginEvaluatorTests	Sillar.Core.Tests.LoginEvaluatorTests.Con_todo_en_orden_concede_el_acceso	2026-10-08T23:02:10.9253854-05:00	00:00:00.0005810
Passed	Sillar.Core.Tests.LoginEvaluatorTests	Sillar.Core.Tests.LoginEvaluatorTests.El_senuelo_no_se_calcula_cuando_la_cuenta_existe	2026-10-08T23:02:10.9289613-05:00	00:00:00.0005240
Passed	Sillar.Core.Tests.LoginEvaluatorTests	Sillar.Core.Tests.LoginEvaluatorTests.Un_bloqueo_ya_vencido_no_impide_entrar	2026-10-08T23:02:10.9213165-05:00	00:00:00.0034517
Passed	Sillar.Core.Tests.LoginEvaluatorTests	Sillar.Core.Tests.LoginEvaluatorTests.Un_correo_que_no_existe_devuelve_401_y_gasta_el_tiempo_del_senuelo	2026-10-08T23:02:10.9162955-05:00	00:00:00.0027732
Passed	Sillar.Core.Tests.LoginEvaluatorTests	Sillar.Core.Tests.LoginEvaluatorTests.Una_contrasena_incorrecta_devuelve_401	2026-10-08T23:02:10.9330056-05:00	00:00:00.0022412
Passed	Sillar.Core.Tests.LoginEvaluatorTests	Sillar.Core.Tests.LoginEvaluatorTests.Una_cuenta_desactivada_devuelve_401_generico	2026-10-08T23:02:10.9386763-05:00	00:00:00.0006529
Passed	Sillar.Core.Tests.LoginEvaluatorTests	Sillar.Core.Tests.LoginEvaluatorTests.Una_cuenta_desactivada_y_bloqueada_devuelve_423_porque_el_bloqueo_se_mira_antes	2026-10-08T23:02:10.9306150-05:00	00:00:00.0014151
Passed	Sillar.Core.Tests.ModuleRegistryTests	Sillar.Core.Tests.ModuleRegistryTests.IsActive_devuelve_false_si_el_modulo_no_esta_en_la_foto_activa	2026-10-08T23:02:10.9760210-05:00	00:00:00.0067559
Passed	Sillar.Core.Tests.ModuleRegistryTests	Sillar.Core.Tests.ModuleRegistryTests.IsActive_devuelve_true_si_el_modulo_esta_en_la_foto_activa	2026-10-08T23:02:10.9837275-05:00	00:00:00.0012165
Passed	Sillar.Core.Tests.ModuleSynchronizerReadActivePostgresTests	Sillar.Core.Tests.ModuleSynchronizerReadActivePostgresTests.ReadActiveAsync_devuelve_exactamente_el_modulo_activo_de_PostgreSQL	2026-10-08T23:02:10.7362886-05:00	00:00:06.9811090
Passed	Sillar.Core.Tests.NodoYAutoriaTests	Sillar.Core.Tests.NodoYAutoriaTests.Al_subir_la_fotografia_lleva_el_nodo_de_la_cuenta_y_no_el_de_la_instalacion	2026-10-08T23:02:31.5197725-05:00	00:00:08.1506418
Passed	Sillar.Core.Tests.NodoYAutoriaTests	Sillar.Core.Tests.NodoYAutoriaTests.El_nodo_viaja_en_la_conexion_solo_si_esta_configurado	2026-10-08T23:02:31.5154599-05:00	00:00:00.0029447
Passed	Sillar.Core.Tests.NodoYAutoriaTests	Sillar.Core.Tests.NodoYAutoriaTests.En_una_instalacion_limpia_la_migracion_no_necesita_nodo_y_deja_el_esquema_nuevo	2026-10-08T23:02:43.3142352-05:00	00:00:03.0483583
Passed	Sillar.Core.Tests.NodoYAutoriaTests	Sillar.Core.Tests.NodoYAutoriaTests.ICurrentAdmin_da_lo_de_siempre_y_ademas_el_nombre_visible_y_el_nodo_de_la_cuenta	2026-10-08T23:02:19.5271862-05:00	00:00:07.0128665
Passed	Sillar.Core.Tests.NodoYAutoriaTests	Sillar.Core.Tests.NodoYAutoriaTests.La_fotografia_del_autor_no_se_modifica_una_vez_escrita	2026-10-08T23:02:26.5414419-05:00	00:00:01.7310788
Passed	Sillar.Core.Tests.NodoYAutoriaTests	Sillar.Core.Tests.NodoYAutoriaTests.Media_fotografia_del_autor_no_se_admite	2026-10-08T23:02:16.2133710-05:00	00:00:03.3064808
Passed	Sillar.Core.Tests.NodoYAutoriaTests	Sillar.Core.Tests.NodoYAutoriaTests.Sin_nodo_configurado_y_con_cuentas_la_migracion_aborta_sin_cambiar_nada	2026-10-08T23:02:39.6724903-05:00	00:00:03.6404807
Passed	Sillar.Core.Tests.NodoYAutoriaTests	Sillar.Core.Tests.NodoYAutoriaTests.Sin_sesion_ICurrentAdmin_no_lanza_y_lo_nuevo_tambien_es_nulo	2026-10-08T23:02:19.5231802-05:00	00:00:00.0018086
Passed	Sillar.Core.Tests.NodoYAutoriaTests	Sillar.Core.Tests.NodoYAutoriaTests.Sobre_datos_preexistentes_rellena_el_nodo_de_las_cuentas_y_fotografia_al_autor_valido	2026-10-08T23:02:28.2737100-05:00	00:00:03.2407731
Passed	Sillar.Core.Tests.NodoYAutoriaTests	Sillar.Core.Tests.NodoYAutoriaTests.Un_autor_que_no_existe_es_corrupcion_la_migracion_aborta_dice_cuantas_y_como_localizarlas	2026-10-08T23:02:10.7362322-05:00	00:00:05.4541083
Passed	Sillar.Core.Tests.PasswordPolicyTests	Sillar.Core.Tests.PasswordPolicyTests.Doce_caracteres_se_aceptan	2026-10-08T23:02:11.0264249-05:00	00:00:00.0005052
Passed	Sillar.Core.Tests.PasswordPolicyTests	Sillar.Core.Tests.PasswordPolicyTests.El_apellido_si_se_comprueba_aunque_el_nombre_sea_corto	2026-10-08T23:02:10.9876507-05:00	00:00:00.0224618
Passed	Sillar.Core.Tests.PasswordPolicyTests	Sillar.Core.Tests.PasswordPolicyTests.El_motivo_del_rechazo_esta_en_espanol	2026-10-08T23:02:11.0408669-05:00	00:00:00.0003411
Passed	Sillar.Core.Tests.PasswordPolicyTests	Sillar.Core.Tests.PasswordPolicyTests.La_comparacion_con_la_identidad_ignora_mayusculas	2026-10-08T23:02:11.0234925-05:00	00:00:00.0003791
Passed	Sillar.Core.Tests.PasswordPolicyTests	Sillar.Core.Tests.PasswordPolicyTests.Las_contrasenas_comunes_se_rechazan(contrasena: "123456789012")	2026-10-08T23:02:11.0222938-05:00	00:00:00.0000656
Passed	Sillar.Core.Tests.PasswordPolicyTests	Sillar.Core.Tests.PasswordPolicyTests.Las_contrasenas_comunes_se_rechazan(contrasena: "CONTRASEÑA12")	2026-10-08T23:02:11.0199395-05:00	00:00:00.0006591
Passed	Sillar.Core.Tests.PasswordPolicyTests	Sillar.Core.Tests.PasswordPolicyTests.Las_contrasenas_comunes_se_rechazan(contrasena: "administrador")	2026-10-08T23:02:11.0214749-05:00	00:00:00.0000783
Passed	Sillar.Core.Tests.PasswordPolicyTests	Sillar.Core.Tests.PasswordPolicyTests.Las_contrasenas_comunes_se_rechazan(contrasena: "contrasena12")	2026-10-08T23:02:11.0188434-05:00	00:00:00.0003037
Passed	Sillar.Core.Tests.PasswordPolicyTests	Sillar.Core.Tests.PasswordPolicyTests.Las_palabras_cortas_del_nombre_no_invalidan_media_lengua	2026-10-08T23:02:11.0399170-05:00	00:00:00.0002947
Passed	Sillar.Core.Tests.PasswordPolicyTests	Sillar.Core.Tests.PasswordPolicyTests.Mas_de_setenta_y_dos_caracteres_se_rechaza	2026-10-08T23:02:11.0296406-05:00	00:00:00.0003711
Passed	Sillar.Core.Tests.PasswordPolicyTests	Sillar.Core.Tests.PasswordPolicyTests.No_se_exigen_mayusculas_ni_digitos_ni_simbolos	2026-10-08T23:02:11.0312803-05:00	00:00:00.0003777
Passed	Sillar.Core.Tests.PasswordPolicyTests	Sillar.Core.Tests.PasswordPolicyTests.Once_caracteres_se_rechazan	2026-10-08T23:02:11.0170229-05:00	00:00:00.0004565
Passed	Sillar.Core.Tests.PasswordPolicyTests	Sillar.Core.Tests.PasswordPolicyTests.Una_contrasena_que_contiene_el_correo_se_rechaza	2026-10-08T23:02:11.0281276-05:00	00:00:00.0003506
Passed	Sillar.Core.Tests.PasswordPolicyTests	Sillar.Core.Tests.PasswordPolicyTests.Una_contrasena_que_contiene_el_nombre_se_rechaza	2026-10-08T23:02:11.0249894-05:00	00:00:00.0002746
Passed	Sillar.Core.Tests.PasswordPolicyTests	Sillar.Core.Tests.PasswordPolicyTests.Una_contrasena_que_contiene_la_parte_previa_a_la_arroba_se_rechaza	2026-10-08T23:02:11.0118858-05:00	00:00:00.0016739
Passed	Sillar.Core.Tests.PasswordPolicyTests	Sillar.Core.Tests.PasswordPolicyTests.Una_contrasena_vacia_se_rechaza	2026-10-08T23:02:11.0385143-05:00	00:00:00.0003866
Passed	Sillar.Core.Tests.RoleHierarchyTests	Sillar.Core.Tests.RoleHierarchyTests.Un_rol_desconocido_no_satisface_nada(rol: "")	2026-10-08T23:02:10.8291893-05:00	00:00:00.0007984
Passed	Sillar.Core.Tests.RoleHierarchyTests	Sillar.Core.Tests.RoleHierarchyTests.Un_rol_desconocido_no_satisface_nada(rol: "Admin")	2026-10-08T23:02:10.8314101-05:00	00:00:00.0000791
Passed	Sillar.Core.Tests.RoleHierarchyTests	Sillar.Core.Tests.RoleHierarchyTests.Un_rol_desconocido_no_satisface_nada(rol: "jefe")	2026-10-08T23:02:10.8306871-05:00	00:00:00.0000688
Passed	Sillar.Core.Tests.RoleHierarchyTests	Sillar.Core.Tests.RoleHierarchyTests.Un_rol_desconocido_no_satisface_nada(rol: null)	2026-10-08T23:02:10.7362760-05:00	00:00:00.0490702
Passed	Sillar.Core.Tests.RoleHierarchyTests	Sillar.Core.Tests.RoleHierarchyTests.Un_rol_no_alcanza_lo_que_esta_por_encima(rol: "admin", exigido: "super_admin")	2026-10-08T23:02:10.8386093-05:00	00:00:00.0004939
Passed	Sillar.Core.Tests.RoleHierarchyTests	Sillar.Core.Tests.RoleHierarchyTests.Un_rol_no_alcanza_lo_que_esta_por_encima(rol: "editor", exigido: "admin")	2026-10-08T23:02:10.8395989-05:00	00:00:00.0000378
Passed	Sillar.Core.Tests.RoleHierarchyTests	Sillar.Core.Tests.RoleHierarchyTests.Un_rol_no_alcanza_lo_que_esta_por_encima(rol: "editor", exigido: "super_admin")	2026-10-08T23:02:10.8375271-05:00	00:00:00.0003681
Passed	Sillar.Core.Tests.RoleHierarchyTests	Sillar.Core.Tests.RoleHierarchyTests.Un_rol_satisface_lo_que_se_le_exige_por_debajo(rol: "admin", exigido: "admin")	2026-10-08T23:02:10.8421173-05:00	00:00:00.0003039
Passed	Sillar.Core.Tests.RoleHierarchyTests	Sillar.Core.Tests.RoleHierarchyTests.Un_rol_satisface_lo_que_se_le_exige_por_debajo(rol: "admin", exigido: "editor")	2026-10-08T23:02:10.8454708-05:00	00:00:00.0000410
Passed	Sillar.Core.Tests.RoleHierarchyTests	Sillar.Core.Tests.RoleHierarchyTests.Un_rol_satisface_lo_que_se_le_exige_por_debajo(rol: "editor", exigido: "editor")	2026-10-08T23:02:10.8442312-05:00	00:00:00.0000462
Passed	Sillar.Core.Tests.RoleHierarchyTests	Sillar.Core.Tests.RoleHierarchyTests.Un_rol_satisface_lo_que_se_le_exige_por_debajo(rol: "super_admin", exigido: "admin")	2026-10-08T23:02:10.8448670-05:00	00:00:00.0000417
Passed	Sillar.Core.Tests.RoleHierarchyTests	Sillar.Core.Tests.RoleHierarchyTests.Un_rol_satisface_lo_que_se_le_exige_por_debajo(rol: "super_admin", exigido: "editor")	2026-10-08T23:02:10.8461686-05:00	00:00:00.0000502
Passed	Sillar.Core.Tests.RoleHierarchyTests	Sillar.Core.Tests.RoleHierarchyTests.Un_rol_satisface_lo_que_se_le_exige_por_debajo(rol: "super_admin", exigido: "super_admin")	2026-10-08T23:02:10.8430616-05:00	00:00:00.0004817
Passed	Sillar.Core.Tests.SessionPolicyTests	Sillar.Core.Tests.SessionPolicyTests.Cerca_del_septimo_dia_manda_el_tope_absoluto	2026-10-08T23:02:10.9069341-05:00	00:00:00.0040367
Passed	Sillar.Core.Tests.SessionPolicyTests	Sillar.Core.Tests.SessionPolicyTests.Dentro_del_minuto_siguiente_no_se_reescribe_last_seen_at	2026-10-08T23:02:10.9256087-05:00	00:00:00.0006748
Passed	Sillar.Core.Tests.SessionPolicyTests	Sillar.Core.Tests.SessionPolicyTests.La_caducidad_es_la_inactividad_mientras_no_choque_con_el_tope	2026-10-08T23:02:10.9119107-05:00	00:00:00.0013029
Passed	Sillar.Core.Tests.SessionPolicyTests	Sillar.Core.Tests.SessionPolicyTests.Ocho_horas_sin_actividad_caducan_la_sesion	2026-10-08T23:02:10.9173199-05:00	00:00:00.0023202
Passed	Sillar.Core.Tests.SessionPolicyTests	Sillar.Core.Tests.SessionPolicyTests.Pasado_el_minuto_se_reescribe_last_seen_at	2026-10-08T23:02:10.9279876-05:00	00:00:00.0003400
Passed	Sillar.Core.Tests.SessionPolicyTests	Sillar.Core.Tests.SessionPolicyTests.Siete_dias_desde_la_emision_caducan_la_sesion_aunque_se_acabe_de_usar	2026-10-08T23:02:10.9048039-05:00	00:00:00.0012202
Passed	Sillar.Core.Tests.SessionPolicyTests	Sillar.Core.Tests.SessionPolicyTests.Una_sesion_recien_usada_sirve	2026-10-08T23:02:10.9207255-05:00	00:00:00.0040631
Passed	Sillar.Core.Tests.SessionPolicyTests	Sillar.Core.Tests.SessionPolicyTests.Una_sesion_revocada_no_sirve_aunque_este_en_plazo	2026-10-08T23:02:10.8731806-05:00	00:00:00.0262403
Passed	Sillar.Core.Tests.SessionTokenTests	Sillar.Core.Tests.SessionTokenTests.Dos_tokens_seguidos_no_se_parecen	2026-10-08T23:02:10.8582430-05:00	00:00:00.0107679
Passed	Sillar.Core.Tests.SessionTokenTests	Sillar.Core.Tests.SessionTokenTests.El_hash_cabe_en_la_columna	2026-10-08T23:02:10.8557258-05:00	00:00:00.0002971
Passed	Sillar.Core.Tests.SessionTokenTests	Sillar.Core.Tests.SessionTokenTests.El_hash_no_contiene_el_token	2026-10-08T23:02:10.8363211-05:00	00:00:00.0027887
Passed	Sillar.Core.Tests.SessionTokenTests	Sillar.Core.Tests.SessionTokenTests.El_token_de_otra_sesion_no_coincide	2026-10-08T23:02:10.8570819-05:00	00:00:00.0002892
Passed	Sillar.Core.Tests.SessionTokenTests	Sillar.Core.Tests.SessionTokenTests.El_token_de_sesion_lleva_256_bits	2026-10-08T23:02:10.8401438-05:00	00:00:00.0098200
Passed	Sillar.Core.Tests.SessionTokenTests	Sillar.Core.Tests.SessionTokenTests.El_token_viaja_en_una_cookie_y_una_cabecera_sin_escapar_nada	2026-10-08T23:02:10.8701511-05:00	00:00:00.0358326
Passed	Sillar.Core.Tests.SessionTokenTests	Sillar.Core.Tests.SessionTokenTests.Sin_token_o_sin_hash_no_hay_coincidencia(token: "", hash: "algo")	2026-10-08T23:02:10.8546017-05:00	00:00:00.0000418
Passed	Sillar.Core.Tests.SessionTokenTests	Sillar.Core.Tests.SessionTokenTests.Sin_token_o_sin_hash_no_hay_coincidencia(token: "algo", hash: "")	2026-10-08T23:02:10.8539960-05:00	00:00:00.0000503
Passed	Sillar.Core.Tests.SessionTokenTests	Sillar.Core.Tests.SessionTokenTests.Sin_token_o_sin_hash_no_hay_coincidencia(token: "algo", hash: null)	2026-10-08T23:02:10.8523462-05:00	00:00:00.0007710
Passed	Sillar.Core.Tests.SessionTokenTests	Sillar.Core.Tests.SessionTokenTests.Sin_token_o_sin_hash_no_hay_coincidencia(token: null, hash: "algo")	2026-10-08T23:02:10.8511169-05:00	00:00:00.0002115
Passed	Sillar.Core.Tests.SessionTokenTests	Sillar.Core.Tests.SessionTokenTests.Un_token_coincide_con_su_propio_hash	2026-10-08T23:02:10.7362608-05:00	00:00:00.0509832
Passed	Sillar.Core.Tests.SettingValueValidatorTests	Sillar.Core.Tests.SettingValueValidatorTests.El_motivo_del_rechazo_dice_que_se_esperaba	2026-10-08T23:02:10.8914063-05:00	00:00:00.0415629
Passed	Sillar.Core.Tests.SettingValueValidatorTests	Sillar.Core.Tests.SettingValueValidatorTests.El_numero_se_interpreta_con_punto_decimal_no_con_coma	2026-10-08T23:02:10.8616695-05:00	00:00:00.0001959
Passed	Sillar.Core.Tests.SettingValueValidatorTests	Sillar.Core.Tests.SettingValueValidatorTests.Los_booleanos_reconocibles_se_interpretan(valor: "0", esperado: False)	2026-10-08T23:02:10.8834693-05:00	00:00:00.0001013
Passed	Sillar.Core.Tests.SettingValueValidatorTests	Sillar.Core.Tests.SettingValueValidatorTests.Los_booleanos_reconocibles_se_interpretan(valor: "1", esperado: True)	2026-10-08T23:02:10.8735077-05:00	00:00:00.0000455
Passed	Sillar.Core.Tests.SettingValueValidatorTests	Sillar.Core.Tests.SettingValueValidatorTests.Los_booleanos_reconocibles_se_interpretan(valor: "SÍ", esperado: True)	2026-10-08T23:02:10.8741693-05:00	00:00:00.0003012
Passed	Sillar.Core.Tests.SettingValueValidatorTests	Sillar.Core.Tests.SettingValueValidatorTests.Los_booleanos_reconocibles_se_interpretan(valor: "false", esperado: False)	2026-10-08T23:02:10.8628151-05:00	00:00:00.0075723
Passed	Sillar.Core.Tests.SettingValueValidatorTests	Sillar.Core.Tests.SettingValueValidatorTests.Los_booleanos_reconocibles_se_interpretan(valor: "no", esperado: False)	2026-10-08T23:02:10.8728013-05:00	00:00:00.0000621
Passed	Sillar.Core.Tests.SettingValueValidatorTests	Sillar.Core.Tests.SettingValueValidatorTests.Los_booleanos_reconocibles_se_interpretan(valor: "true", esperado: True)	2026-10-08T23:02:10.8710964-05:00	00:00:00.0010468
Passed	Sillar.Core.Tests.SettingValueValidatorTests	Sillar.Core.Tests.SettingValueValidatorTests.Un_valor_que_encaja_con_su_tipo_se_acepta(tipo: "boolean", valor: "0")	2026-10-08T23:02:10.8607893-05:00	00:00:00.0000493
Passed	Sillar.Core.Tests.SettingValueValidatorTests	Sillar.Core.Tests.SettingValueValidatorTests.Un_valor_que_encaja_con_su_tipo_se_acepta(tipo: "boolean", valor: "SI")	2026-10-08T23:02:10.8576835-05:00	00:00:00.0000458
Passed	Sillar.Core.Tests.SettingValueValidatorTests	Sillar.Core.Tests.SettingValueValidatorTests.Un_valor_que_encaja_con_su_tipo_se_acepta(tipo: "boolean", valor: "true")	2026-10-08T23:02:10.8571230-05:00	00:00:00.0000366
Passed	Sillar.Core.Tests.SettingValueValidatorTests	Sillar.Core.Tests.SettingValueValidatorTests.Un_valor_que_encaja_con_su_tipo_se_acepta(tipo: "email", valor: "contacto@ejemplo.pe")	2026-10-08T23:02:10.8589364-05:00	00:00:00.0004864
Passed	Sillar.Core.Tests.SettingValueValidatorTests	Sillar.Core.Tests.SettingValueValidatorTests.Un_valor_que_encaja_con_su_tipo_se_acepta(tipo: "json", valor: "{\"horario\":\"9-18\"}")	2026-10-08T23:02:10.8520352-05:00	00:00:00.0044738
Passed	Sillar.Core.Tests.SettingValueValidatorTests	Sillar.Core.Tests.SettingValueValidatorTests.Un_valor_que_encaja_con_su_tipo_se_acepta(tipo: "number", valor: "-3.5")	2026-10-08T23:02:10.8511173-05:00	00:00:00.0003799
Passed	Sillar.Core.Tests.SettingValueValidatorTests	Sillar.Core.Tests.SettingValueValidatorTests.Un_valor_que_encaja_con_su_tipo_se_acepta(tipo: "number", valor: "42")	2026-10-08T23:02:10.8601125-05:00	00:00:00.0000503
Passed	Sillar.Core.Tests.SettingValueValidatorTests	Sillar.Core.Tests.SettingValueValidatorTests.Un_valor_que_encaja_con_su_tipo_se_acepta(tipo: "text", valor: "Cualquier cosa")	2026-10-08T23:02:10.8583121-05:00	00:00:00.0000334
Passed	Sillar.Core.Tests.SettingValueValidatorTests	Sillar.Core.Tests.SettingValueValidatorTests.Un_valor_que_encaja_con_su_tipo_se_acepta(tipo: "url", valor: "https://ejemplo.pe/local")	2026-10-08T23:02:10.8494521-05:00	00:00:00.0011271
Passed	Sillar.Core.Tests.SettingValueValidatorTests	Sillar.Core.Tests.SettingValueValidatorTests.Un_valor_que_no_encaja_se_rechaza(tipo: "boolean", valor: "quizás")	2026-10-08T23:02:10.8291893-05:00	00:00:00.0034305
Passed	Sillar.Core.Tests.SettingValueValidatorTests	Sillar.Core.Tests.SettingValueValidatorTests.Un_valor_que_no_encaja_se_rechaza(tipo: "email", valor: "arroba-no-hay")	2026-10-08T23:02:10.8453091-05:00	00:00:00.0029788
Passed	Sillar.Core.Tests.SettingValueValidatorTests	Sillar.Core.Tests.SettingValueValidatorTests.Un_valor_que_no_encaja_se_rechaza(tipo: "json", valor: "{esto no es json}")	2026-10-08T23:02:10.7362480-05:00	00:00:00.0540996
Passed	Sillar.Core.Tests.SettingValueValidatorTests	Sillar.Core.Tests.SettingValueValidatorTests.Un_valor_que_no_encaja_se_rechaza(tipo: "number", valor: "muchos")	2026-10-08T23:02:10.8332669-05:00	00:00:00.0000998
Passed	Sillar.Core.Tests.SettingValueValidatorTests	Sillar.Core.Tests.SettingValueValidatorTests.Un_valor_que_no_encaja_se_rechaza(tipo: "url", valor: "ejemplo.pe")	2026-10-08T23:02:10.8446491-05:00	00:00:00.0001661
Passed	Sillar.Core.Tests.SettingValueValidatorTests	Sillar.Core.Tests.SettingValueValidatorTests.Un_valor_que_no_encaja_se_rechaza(tipo: "url", valor: "ftp://ejemplo.pe")	2026-10-08T23:02:10.8339649-05:00	00:00:00.0101167
Passed	Sillar.Core.Tests.SettingValueValidatorTests	Sillar.Core.Tests.SettingValueValidatorTests.Un_valor_vacio_se_rechaza_sea_cual_sea_el_tipo(valor: "   ")	2026-10-08T23:02:10.8859903-05:00	00:00:00.0003088
Passed	Sillar.Core.Tests.SettingValueValidatorTests	Sillar.Core.Tests.SettingValueValidatorTests.Un_valor_vacio_se_rechaza_sea_cual_sea_el_tipo(valor: "")	2026-10-08T23:02:10.8903086-05:00	00:00:00.0000528
Passed	Sillar.Core.Tests.SettingValueValidatorTests	Sillar.Core.Tests.SettingValueValidatorTests.Un_valor_vacio_se_rechaza_sea_cual_sea_el_tipo(valor: null)	2026-10-08T23:02:10.8874607-05:00	00:00:00.0007527
Passed	Sillar.Core.Tests.SettingsReaderPostgresTests	Sillar.Core.Tests.SettingsReaderPostgresTests.GetT_con_cache_fria_lee_PostgreSQL_y_respeta_conversion_defaults_e_inactivos	2026-10-08T23:02:10.7363007-05:00	00:00:06.0560368
Passed	Sillar.Modules.B2B.Tests.AtribucionDelPersonalTests	Sillar.Modules.B2B.Tests.AtribucionDelPersonalTests.El_nodo_es_el_de_la_cuenta_y_no_se_deriva_del_identificador	2026-10-08T23:04:58.2617302-05:00	00:00:00.0010324
Passed	Sillar.Modules.B2B.Tests.AtribucionDelPersonalTests	Sillar.Modules.B2B.Tests.AtribucionDelPersonalTests.El_nombre_visible_nunca_es_el_correo	2026-10-08T23:04:58.1556493-05:00	00:00:00.0463660
Passed	Sillar.Modules.B2B.Tests.AtribucionDelPersonalTests	Sillar.Modules.B2B.Tests.AtribucionDelPersonalTests.La_atribucion_llega_recortada	2026-10-08T23:04:58.2845600-05:00	00:00:00.0109225
Passed	Sillar.Modules.B2B.Tests.AtribucionDelPersonalTests	Sillar.Modules.B2B.Tests.AtribucionDelPersonalTests.La_cotizacion_solo_atribuye_el_pago_y_ninguna_otra_actuacion	2026-10-08T23:04:58.3235117-05:00	00:00:00.0027292
Passed	Sillar.Modules.B2B.Tests.AtribucionDelPersonalTests	Sillar.Modules.B2B.Tests.AtribucionDelPersonalTests.La_migracion_no_declara_ninguna_clave_foranea_hacia_core_admin_users	2026-10-08T23:04:58.3166315-05:00	00:00:00.0057114
Passed	Sillar.Modules.B2B.Tests.AtribucionDelPersonalTests	Sillar.Modules.B2B.Tests.AtribucionDelPersonalTests.La_migracion_solo_referencia_los_dos_schemas_de_sus_dependencias_duras	2026-10-08T23:04:58.2966895-05:00	00:00:00.0186975
Passed	Sillar.Modules.B2B.Tests.AtribucionDelPersonalTests	Sillar.Modules.B2B.Tests.AtribucionDelPersonalTests.Sin_identificador_local_valido_no_hay_atribucion	2026-10-08T23:04:58.2549110-05:00	00:00:00.0034641
Passed	Sillar.Modules.B2B.Tests.AtribucionDelPersonalTests	Sillar.Modules.B2B.Tests.AtribucionDelPersonalTests.Sin_nodo_de_la_cuenta_no_hay_atribucion	2026-10-08T23:04:58.2595568-05:00	00:00:00.0006468
Passed	Sillar.Modules.B2B.Tests.AtribucionDelPersonalTests	Sillar.Modules.B2B.Tests.AtribucionDelPersonalTests.Sin_nombre_visible_no_hay_atribucion	2026-10-08T23:04:58.3274422-05:00	00:00:00.0004337
Passed	Sillar.Modules.B2B.Tests.AtribucionDelPersonalTests	Sillar.Modules.B2B.Tests.AtribucionDelPersonalTests.Una_sesion_completa_da_los_tres_datos	2026-10-08T23:04:58.2654191-05:00	00:00:00.0180449
Passed	Sillar.Modules.B2B.Tests.BandejaYCatalogoTests	Sillar.Modules.B2B.Tests.BandejaYCatalogoTests.Actualizar_el_producto_refresca_la_instantanea_de_la_solicitud	2026-10-08T23:05:50.8397194-05:00	00:00:04.6237761
Passed	Sillar.Modules.B2B.Tests.BandejaYCatalogoTests	Sillar.Modules.B2B.Tests.BandejaYCatalogoTests.Desactivar_el_producto_marca_el_reenlace_y_no_invalida_ninguna_cotizacion	2026-10-08T23:06:03.6440545-05:00	00:00:03.8016835
Passed	Sillar.Modules.B2B.Tests.BandejaYCatalogoTests	Sillar.Modules.B2B.Tests.BandejaYCatalogoTests.E3b_una_linea_a_consultar_no_invalida_su_cotizacion_aunque_el_precio_cambie	2026-10-08T23:05:05.7759202-05:00	00:00:04.2787583
Passed	Sillar.Modules.B2B.Tests.BandejaYCatalogoTests	Sillar.Modules.B2B.Tests.BandejaYCatalogoTests.La_baja_es_logica_la_saca_de_lo_del_cliente_y_no_admite_mas_cambios	2026-10-08T23:05:41.4751596-05:00	00:00:04.2780290
Passed	Sillar.Modules.B2B.Tests.BandejaYCatalogoTests	Sillar.Modules.B2B.Tests.BandejaYCatalogoTests.La_bandeja_dice_de_quien_es_cada_fila_y_no_devuelve_su_identificador	2026-10-08T23:05:25.6594977-05:00	00:00:05.0084784
Passed	Sillar.Modules.B2B.Tests.BandejaYCatalogoTests	Sillar.Modules.B2B.Tests.BandejaYCatalogoTests.Las_notas_internas_estan_en_el_detalle_del_panel_y_no_en_la_bandeja_ni_en_lo_del_cliente	2026-10-08T23:06:07.4524056-05:00	00:00:03.8684849
Passed	Sillar.Modules.B2B.Tests.BandejaYCatalogoTests	Sillar.Modules.B2B.Tests.BandejaYCatalogoTests.Ningun_DTO_de_la_bandeja_lleva_el_identificador_del_cliente	2026-10-08T23:06:07.4474811-05:00	00:00:00.0039531
Passed	Sillar.Modules.B2B.Tests.BandejaYCatalogoTests	Sillar.Modules.B2B.Tests.BandejaYCatalogoTests.Reenlazar_a_un_producto_activo_refresca_la_instantanea_y_quita_el_pendiente	2026-10-08T23:05:45.7539616-05:00	00:00:05.0841873
Passed	Sillar.Modules.B2B.Tests.BandejaYCatalogoTests	Sillar.Modules.B2B.Tests.BandejaYCatalogoTests.Reenlazar_a_un_producto_dado_de_baja_se_rechaza	2026-10-08T23:05:20.8047754-05:00	00:00:04.8534670
Passed	Sillar.Modules.B2B.Tests.BandejaYCatalogoTests	Sillar.Modules.B2B.Tests.BandejaYCatalogoTests.Sin_cambio_de_precio_no_se_invalida_nada_y_aplicar_dos_veces_da_lo_mismo	2026-10-08T23:05:14.6255979-05:00	00:00:06.1756529
Passed	Sillar.Modules.B2B.Tests.BandejaYCatalogoTests	Sillar.Modules.B2B.Tests.BandejaYCatalogoTests.Un_cambio_de_precio_invalida_solo_las_cotizaciones_enviadas	2026-10-08T23:04:58.1556558-05:00	00:00:07.6005242
Passed	Sillar.Modules.B2B.Tests.BandejaYCatalogoTests	Sillar.Modules.B2B.Tests.BandejaYCatalogoTests.Un_cliente_que_M04_no_da_deja_la_fila_sin_cliente_y_no_se_rellena	2026-10-08T23:05:30.6690190-05:00	00:00:06.1672518
Passed	Sillar.Modules.B2B.Tests.BandejaYCatalogoTests	Sillar.Modules.B2B.Tests.BandejaYCatalogoTests.Un_estado_inventado_es_invalido	2026-10-08T23:05:36.8377187-05:00	00:00:04.6336307
Passed	Sillar.Modules.B2B.Tests.BandejaYCatalogoTests	Sillar.Modules.B2B.Tests.BandejaYCatalogoTests.Un_listado_pregunta_una_sola_vez_y_sin_repetir_identificadores	2026-10-08T23:06:00.0929792-05:00	00:00:03.5499605
Passed	Sillar.Modules.B2B.Tests.BandejaYCatalogoTests	Sillar.Modules.B2B.Tests.BandejaYCatalogoTests.Una_transicion_no_permitida_se_rechaza_y_no_cambia_nada	2026-10-08T23:05:10.0572600-05:00	00:00:04.5658162
Passed	Sillar.Modules.B2B.Tests.BandejaYCatalogoTests	Sillar.Modules.B2B.Tests.BandejaYCatalogoTests.Una_transicion_permitida_cambia_el_estado_y_nombra_la_fila	2026-10-08T23:05:55.4646399-05:00	00:00:04.6273599
Passed	Sillar.Modules.B2B.Tests.CotizacionesTests	Sillar.Modules.B2B.Tests.CotizacionesTests.Con_umbral_se_compara_el_importe_a_precio_de_lista_y_una_linea_libre_lo_hace_no_evaluable	2026-10-08T23:05:05.8825119-05:00	00:00:00.0188282
Passed	Sillar.Modules.B2B.Tests.CotizacionesTests	Sillar.Modules.B2B.Tests.CotizacionesTests.Crear_con_el_umbral_pendiente_no_toca_ningun_precio	2026-10-08T23:06:05.0801841-05:00	00:00:03.7827731
Passed	Sillar.Modules.B2B.Tests.CotizacionesTests	Sillar.Modules.B2B.Tests.CotizacionesTests.De_un_precio_a_a_consultar_si_invalida	2026-10-08T23:05:05.9023629-05:00	00:00:04.1577218
Passed	Sillar.Modules.B2B.Tests.CotizacionesTests	Sillar.Modules.B2B.Tests.CotizacionesTests.Dos_cotizaciones_concurrentes_reciben_correlativos_distintos_y_consecutivos	2026-10-08T23:05:38.2918803-05:00	00:00:03.1725878
Passed	Sillar.Modules.B2B.Tests.CotizacionesTests	Sillar.Modules.B2B.Tests.CotizacionesTests.E3b_de_a_consultar_a_un_precio_no_invalida	2026-10-08T23:05:20.8115407-05:00	00:00:04.8911403
Passed	Sillar.Modules.B2B.Tests.CotizacionesTests	Sillar.Modules.B2B.Tests.CotizacionesTests.El_formato_es_C_anio_y_cuatro_cifras	2026-10-08T23:05:32.3414364-05:00	00:00:00.0005754
Passed	Sillar.Modules.B2B.Tests.CotizacionesTests	Sillar.Modules.B2B.Tests.CotizacionesTests.El_numerador_se_niega_a_trabajar_fuera_de_una_transaccion	2026-10-08T23:05:32.3429391-05:00	00:00:05.9467698
Passed	Sillar.Modules.B2B.Tests.CotizacionesTests	Sillar.Modules.B2B.Tests.CotizacionesTests.El_pago_congela_el_nombre_el_identificador_local_y_el_nodo_de_la_cuenta	2026-10-08T23:06:01.3509429-05:00	00:00:03.7276268
Passed	Sillar.Modules.B2B.Tests.CotizacionesTests	Sillar.Modules.B2B.Tests.CotizacionesTests.El_umbral_solo_se_consume_por_el_contrato_ISettingsReader	2026-10-08T23:05:51.0672265-05:00	00:00:00.0803222
Passed	Sillar.Modules.B2B.Tests.CotizacionesTests	Sillar.Modules.B2B.Tests.CotizacionesTests.En_borrador_se_editan_las_lineas_y_se_congela_el_precio_de_catalogo	2026-10-08T23:05:41.4651446-05:00	00:00:04.2944866
Passed	Sillar.Modules.B2B.Tests.CotizacionesTests	Sillar.Modules.B2B.Tests.CotizacionesTests.La_auditoria_nombra_la_cotizacion_por_su_numero_visible	2026-10-08T23:05:51.1485479-05:00	00:00:04.8869673
Passed	Sillar.Modules.B2B.Tests.CotizacionesTests	Sillar.Modules.B2B.Tests.CotizacionesTests.Las_lineas_libres_no_participan_en_la_invalidacion	2026-10-08T23:04:58.1557613-05:00	00:00:07.7074168
Passed	Sillar.Modules.B2B.Tests.CotizacionesTests	Sillar.Modules.B2B.Tests.CotizacionesTests.Sin_umbral_configurado_lo_dice_y_no_inventa_importe(valor: "-1")	2026-10-08T23:05:51.0668037-05:00	00:00:00.0000546
Passed	Sillar.Modules.B2B.Tests.CotizacionesTests	Sillar.Modules.B2B.Tests.CotizacionesTests.Sin_umbral_configurado_lo_dice_y_no_inventa_importe(valor: "PENDIENTE_DEFINIR")	2026-10-08T23:05:51.0639762-05:00	00:00:00.0005777
Passed	Sillar.Modules.B2B.Tests.CotizacionesTests	Sillar.Modules.B2B.Tests.CotizacionesTests.Sin_umbral_configurado_lo_dice_y_no_inventa_importe(valor: "doscientos")	2026-10-08T23:05:51.0663086-05:00	00:00:00.0000555
Passed	Sillar.Modules.B2B.Tests.CotizacionesTests	Sillar.Modules.B2B.Tests.CotizacionesTests.Sin_umbral_configurado_lo_dice_y_no_inventa_importe(valor: null)	2026-10-08T23:05:51.0651801-05:00	00:00:00.0005613
Passed	Sillar.Modules.B2B.Tests.CotizacionesTests	Sillar.Modules.B2B.Tests.CotizacionesTests.Un_rollback_no_consume_correlativo	2026-10-08T23:05:56.0370855-05:00	00:00:05.3119050
Passed	Sillar.Modules.B2B.Tests.CotizacionesTests	Sillar.Modules.B2B.Tests.CotizacionesTests.Una_cotizacion_sin_lineas_no_se_envia	2026-10-08T23:05:10.0616725-05:00	00:00:04.5568042
Passed	Sillar.Modules.B2B.Tests.CotizacionesTests	Sillar.Modules.B2B.Tests.CotizacionesTests.Una_enviada_caducada_no_se_aprueba_y_una_vigente_si_hasta_pagarse	2026-10-08T23:05:45.7601720-05:00	00:00:05.3029111
Passed	Sillar.Modules.B2B.Tests.CotizacionesTests	Sillar.Modules.B2B.Tests.CotizacionesTests.Una_enviada_con_precio_conocido_que_cambia_se_invalida	2026-10-08T23:05:14.6200723-05:00	00:00:06.1899782
Passed	Sillar.Modules.B2B.Tests.CotizacionesTests	Sillar.Modules.B2B.Tests.CotizacionesTests.Una_enviada_no_admite_edicion_de_lineas	2026-10-08T23:05:25.7038140-05:00	00:00:06.6331311
Passed	Sillar.Modules.B2B.Tests.CotizacionesTests	Sillar.Modules.B2B.Tests.CotizacionesTests.Una_sesion_sin_los_tres_datos_no_registra_el_pago_ni_inventa_a_nadie	2026-10-08T23:06:08.8651095-05:00	00:00:02.9952006
Passed	Sillar.Modules.B2B.Tests.DependenciasDurasTests	Sillar.Modules.B2B.Tests.DependenciasDurasTests.Con_M07_activo_el_panel_no_desactiva_M01_ni_M04	2026-10-08T23:04:58.3575535-05:00	00:00:00.0019167
Passed	Sillar.Modules.B2B.Tests.DependenciasDurasTests	Sillar.Modules.B2B.Tests.DependenciasDurasTests.Con_M07_inactivo_el_panel_deja_desactivar_M01_porque_desactivar_no_borra	2026-10-08T23:04:58.3210895-05:00	00:00:00.0040993
Passed	Sillar.Modules.B2B.Tests.DependenciasDurasTests	Sillar.Modules.B2B.Tests.DependenciasDurasTests.El_instalador_aplica_M07_despues_de_M01_y_M04	2026-10-08T23:04:58.3332736-05:00	00:00:00.0220671
Passed	Sillar.Modules.B2B.Tests.DependenciasDurasTests	Sillar.Modules.B2B.Tests.DependenciasDurasTests.El_instalador_rechaza_un_despliegue_con_M07_y_sin_M01	2026-10-08T23:04:58.1557518-05:00	00:00:00.0956215
Passed	Sillar.Modules.B2B.Tests.DependenciasDurasTests	Sillar.Modules.B2B.Tests.DependenciasDurasTests.El_instalador_rechaza_un_despliegue_con_M07_y_sin_M04	2026-10-08T23:04:58.3293536-05:00	00:00:00.0020096
Passed	Sillar.Modules.B2B.Tests.DependenciasDurasTests	Sillar.Modules.B2B.Tests.DependenciasDurasTests.El_panel_no_activa_M07_si_falta_M01	2026-10-08T23:04:58.3263878-05:00	00:00:00.0015153
Passed	Sillar.Modules.B2B.Tests.DependenciasDurasTests	Sillar.Modules.B2B.Tests.DependenciasDurasTests.El_panel_no_activa_M07_si_falta_M04	2026-10-08T23:04:58.2715761-05:00	00:00:00.0457865
Passed	Sillar.Modules.B2B.Tests.DependenciasDurasTests	Sillar.Modules.B2B.Tests.DependenciasDurasTests.M07_declara_dependencia_dura_de_core_catalogo_y_clientes	2026-10-08T23:04:58.3185847-05:00	00:00:00.0011649
Passed	Sillar.Modules.B2B.Tests.InstalacionYDesinstalacionTests	Sillar.Modules.B2B.Tests.InstalacionYDesinstalacionTests.Ck_quotes_origen_rechaza_dos_origenes_y_ninguno_y_acepta_uno	2026-10-08T23:04:58.1557993-05:00	00:00:07.5094126
Passed	Sillar.Modules.B2B.Tests.InstalacionYDesinstalacionTests	Sillar.Modules.B2B.Tests.InstalacionYDesinstalacionTests.Con_M07_instalado_el_99_drop_de_una_dependencia_dura_se_rechaza_sin_borrar_nada(modulo: "catalog", nombre: "M01 Catálogo")	2026-10-08T23:05:35.9861323-05:00	00:00:05.4308387
Passed	Sillar.Modules.B2B.Tests.InstalacionYDesinstalacionTests	Sillar.Modules.B2B.Tests.InstalacionYDesinstalacionTests.Con_M07_instalado_el_99_drop_de_una_dependencia_dura_se_rechaza_sin_borrar_nada(modulo: "crm", nombre: "M04 Clientes")	2026-10-08T23:05:30.4319012-05:00	00:00:05.5523850
Passed	Sillar.Modules.B2B.Tests.InstalacionYDesinstalacionTests	Sillar.Modules.B2B.Tests.InstalacionYDesinstalacionTests.Desinstalar_M07_primero_permite_despues_desinstalar_M01_y_M04	2026-10-08T23:05:20.7346135-05:00	00:00:04.9590900
Passed	Sillar.Modules.B2B.Tests.InstalacionYDesinstalacionTests	Sillar.Modules.B2B.Tests.InstalacionYDesinstalacionTests.Desinstalar_y_reinstalar_M07_deja_M01_M04_y_CORE_como_estaban_y_devuelve_sus_FK	2026-10-08T23:05:45.7149828-05:00	00:00:07.0467783
Passed	Sillar.Modules.B2B.Tests.InstalacionYDesinstalacionTests	Sillar.Modules.B2B.Tests.InstalacionYDesinstalacionTests.Instalar_M07_con_M01_y_M04_crea_sus_cinco_claves_foraneas_duras	2026-10-08T23:05:14.5830406-05:00	00:00:06.1479172
Passed	Sillar.Modules.B2B.Tests.InstalacionYDesinstalacionTests	Sillar.Modules.B2B.Tests.InstalacionYDesinstalacionTests.Instalar_M07_sin_M01_falla_diciendo_que_falta_y_no_deja_tablas_de_M07	2026-10-08T23:05:52.7642718-05:00	00:00:07.0042146
Passed	Sillar.Modules.B2B.Tests.InstalacionYDesinstalacionTests	Sillar.Modules.B2B.Tests.InstalacionYDesinstalacionTests.Instalar_M07_sin_M04_falla_diciendo_que_falta_y_no_deja_tablas_de_M07	2026-10-08T23:05:25.6944559-05:00	00:00:04.7354742
Passed	Sillar.Modules.B2B.Tests.InstalacionYDesinstalacionTests	Sillar.Modules.B2B.Tests.InstalacionYDesinstalacionTests.La_guarda_rechaza_por_el_registro_de_modulos_aunque_las_FK_ya_no_esten	2026-10-08T23:05:41.4189865-05:00	00:00:04.2905895
Passed	Sillar.Modules.B2B.Tests.InstalacionYDesinstalacionTests	Sillar.Modules.B2B.Tests.InstalacionYDesinstalacionTests.Lanzado_como_psql_sin_detenerse_en_errores_el_99_drop_tampoco_borra_nada(modulo: "catalog")	2026-10-08T23:05:05.6992563-05:00	00:00:04.3128278
Passed	Sillar.Modules.B2B.Tests.InstalacionYDesinstalacionTests	Sillar.Modules.B2B.Tests.InstalacionYDesinstalacionTests.Lanzado_como_psql_sin_detenerse_en_errores_el_99_drop_tampoco_borra_nada(modulo: "crm")	2026-10-08T23:05:10.0139343-05:00	00:00:04.5675464
Passed	Sillar.Modules.B2B.Tests.LimitePorCuentaTests	Sillar.Modules.B2B.Tests.LimitePorCuentaTests.La_solicitud_N_dentro_de_la_ventana_pasa	2026-10-08T23:04:58.3740799-05:00	00:00:00.0007582
Passed	Sillar.Modules.B2B.Tests.LimitePorCuentaTests	Sillar.Modules.B2B.Tests.LimitePorCuentaTests.La_solicitud_N_mas_1_se_rechaza_y_dice_cuando_volver	2026-10-08T23:04:58.3644730-05:00	00:00:00.0085082
Passed	Sillar.Modules.B2B.Tests.LimitePorCuentaTests	Sillar.Modules.B2B.Tests.LimitePorCuentaTests.Pasada_la_ventana_la_cuenta_vuelve_a_poder	2026-10-08T23:04:58.3370049-05:00	00:00:00.0244030
Passed	Sillar.Modules.B2B.Tests.LimitePorCuentaTests	Sillar.Modules.B2B.Tests.LimitePorCuentaTests.Una_cuenta_agotada_no_bloquea_a_otra	2026-10-08T23:04:58.3622791-05:00	00:00:00.0011185
Passed	Sillar.Modules.B2B.Tests.PermisosDeRutasTests	Sillar.Modules.B2B.Tests.PermisosDeRutasTests.Las_bajas_y_el_pago_exigen_admin_y_nada_mas_lo_exige	2026-10-08T23:04:58.9598447-05:00	00:00:00.3177222
Passed	Sillar.Modules.B2B.Tests.PermisosDeRutasTests	Sillar.Modules.B2B.Tests.PermisosDeRutasTests.Las_cuatro_rutas_publicas_exigen_la_sesion_de_cliente_de_M04	2026-10-08T23:04:58.3340530-05:00	00:00:00.6247924
Passed	Sillar.Modules.B2B.Tests.PermisosDeRutasTests	Sillar.Modules.B2B.Tests.PermisosDeRutasTests.Todas_las_rutas_del_panel_exigen_al_menos_editor	2026-10-08T23:04:59.2796489-05:00	00:00:00.2219604
Passed	Sillar.Modules.B2B.Tests.SelectoresDeCatalogoTests	Sillar.Modules.B2B.Tests.SelectoresDeCatalogoTests.Con_el_catalogo_real_no_se_eligen_productos_dados_de_baja	2026-10-08T23:04:58.4471518-05:00	00:00:07.3303256
Passed	Sillar.Modules.B2B.Tests.SelectoresDeCatalogoTests	Sillar.Modules.B2B.Tests.SelectoresDeCatalogoTests.El_frontend_de_M07_solo_llama_a_rutas_de_M07	2026-10-08T23:04:58.4250258-05:00	00:00:00.0209480
Passed	Sillar.Modules.B2B.Tests.SelectoresDeCatalogoTests	Sillar.Modules.B2B.Tests.SelectoresDeCatalogoTests.El_selector_de_presentaciones_usa_el_contrato_y_no_expone_codigos_internos_de_M01	2026-10-08T23:04:58.1558137-05:00	00:00:00.2250970
Passed	Sillar.Modules.B2B.Tests.SelectoresDeCatalogoTests	Sillar.Modules.B2B.Tests.SelectoresDeCatalogoTests.El_selector_de_productos_proyecta_solo_el_DTO_de_M07_y_descarta_los_inactivos	2026-10-08T23:04:58.3995446-05:00	00:00:00.0248006
Passed	Sillar.Modules.B2B.Tests.SelectoresDeCatalogoTests	Sillar.Modules.B2B.Tests.SelectoresDeCatalogoTests.Sin_texto_no_devuelven_nada_ni_preguntan_al_catalogo(q: "   ")	2026-10-08T23:05:05.7791553-05:00	00:00:00.0059373
Passed	Sillar.Modules.B2B.Tests.SelectoresDeCatalogoTests	Sillar.Modules.B2B.Tests.SelectoresDeCatalogoTests.Sin_texto_no_devuelven_nada_ni_preguntan_al_catalogo(q: "")	2026-10-08T23:05:05.7860188-05:00	00:00:00.0022874
Passed	Sillar.Modules.B2B.Tests.SelectoresDeCatalogoTests	Sillar.Modules.B2B.Tests.SelectoresDeCatalogoTests.Sin_texto_no_devuelven_nada_ni_preguntan_al_catalogo(q: null)	2026-10-08T23:05:05.7897651-05:00	00:00:00.0001492
Passed	Sillar.Modules.B2B.Tests.SolicitudesClienteTests	Sillar.Modules.B2B.Tests.SolicitudesClienteTests.Las_dos_formas_de_solicitud_comparten_el_cupo_de_la_cuenta	2026-10-08T23:05:25.6896473-05:00	00:00:05.1769026
Passed	Sillar.Modules.B2B.Tests.SolicitudesClienteTests	Sillar.Modules.B2B.Tests.SolicitudesClienteTests.Las_solicitudes_propias_no_traen_notas_internas_ni_las_de_otros	2026-10-08T23:05:36.8943320-05:00	00:00:04.5493243
Passed	Sillar.Modules.B2B.Tests.SolicitudesClienteTests	Sillar.Modules.B2B.Tests.SolicitudesClienteTests.Sobre_un_producto_no_publicado_dado_de_baja_o_inexistente_no_se_crea_nada(producto: "00000000-0000-7000-8000-0000000000a2")	2026-10-08T23:05:10.0632561-05:00	00:00:04.5625745
Passed	Sillar.Modules.B2B.Tests.SolicitudesClienteTests	Sillar.Modules.B2B.Tests.SolicitudesClienteTests.Sobre_un_producto_no_publicado_dado_de_baja_o_inexistente_no_se_crea_nada(producto: "00000000-0000-7000-8000-0000000000a3")	2026-10-08T23:05:05.7816798-05:00	00:00:04.2805118
Passed	Sillar.Modules.B2B.Tests.SolicitudesClienteTests	Sillar.Modules.B2B.Tests.SolicitudesClienteTests.Sobre_un_producto_no_publicado_dado_de_baja_o_inexistente_no_se_crea_nada(producto: "00000000-0000-7000-8000-0000000000ff")	2026-10-08T23:05:14.6272076-05:00	00:00:06.1827301
Passed	Sillar.Modules.B2B.Tests.SolicitudesClienteTests	Sillar.Modules.B2B.Tests.SolicitudesClienteTests.Una_cotizacion_ajena_o_en_borrador_no_se_distingue_de_una_inexistente	2026-10-08T23:04:58.1557103-05:00	00:00:07.6067968
Passed	Sillar.Modules.B2B.Tests.SolicitudesClienteTests	Sillar.Modules.B2B.Tests.SolicitudesClienteTests.Una_personalizacion_sobre_un_producto_publicado_se_crea_con_su_instantanea	2026-10-08T23:05:30.8675489-05:00	00:00:06.0257237
Passed	Sillar.Modules.B2B.Tests.SolicitudesClienteTests	Sillar.Modules.B2B.Tests.SolicitudesClienteTests.Una_peticion_invalida_no_crea_nada_ni_gasta_cupo	2026-10-08T23:05:20.8115409-05:00	00:00:04.8773239
Passed	Sillar.Modules.B2B.Tests.TransicionesDeSolicitudTests	Sillar.Modules.B2B.Tests.TransicionesDeSolicitudTests.Cerrada_y_rechazada_son_finales_y_la_frase_lo_dice	2026-10-08T23:04:58.2562133-05:00	00:00:00.0249786
Passed	Sillar.Modules.B2B.Tests.TransicionesDeSolicitudTests	Sillar.Modules.B2B.Tests.TransicionesDeSolicitudTests.Solo_se_permiten_las_seis_transiciones_de_la_regla_5	2026-10-08T23:04:58.2830952-05:00	00:00:00.0124401
Passed	Sillar.Modules.B2B.Tests.TransicionesDeSolicitudTests	Sillar.Modules.B2B.Tests.TransicionesDeSolicitudTests.Un_estado_inventado_no_es_estado	2026-10-08T23:04:58.1558327-05:00	00:00:00.0456781
Passed	Sillar.Modules.Catalog.Tests.BreadcrumbTests	Sillar.Modules.Catalog.Tests.BreadcrumbTests.Entre_varias_activas_se_elige_por_nombre_no_por_orden_de_llegada	2026-10-08T23:02:53.8439605-05:00	00:00:00.0046003
Passed	Sillar.Modules.Catalog.Tests.BreadcrumbTests	Sillar.Modules.Catalog.Tests.BreadcrumbTests.La_ruta_se_corta_en_el_primer_antecesor_inactivo_sin_incluirlo	2026-10-08T23:02:53.7484336-05:00	00:00:00.0735946
Passed	Sillar.Modules.Catalog.Tests.BreadcrumbTests	Sillar.Modules.Catalog.Tests.BreadcrumbTests.La_ruta_sube_de_la_categoria_hasta_la_raiz	2026-10-08T23:02:53.8533954-05:00	00:00:00.0016575
Passed	Sillar.Modules.Catalog.Tests.BreadcrumbTests	Sillar.Modules.Catalog.Tests.BreadcrumbTests.Si_la_principal_esta_activa_se_usa_ella	2026-10-08T23:02:53.8494960-05:00	00:00:00.0004181
Passed	Sillar.Modules.Catalog.Tests.BreadcrumbTests	Sillar.Modules.Catalog.Tests.BreadcrumbTests.Si_la_principal_esta_inactiva_se_usa_otra_activa_del_producto	2026-10-08T23:02:53.8560085-05:00	00:00:00.0003423
Passed	Sillar.Modules.Catalog.Tests.BreadcrumbTests	Sillar.Modules.Catalog.Tests.BreadcrumbTests.Si_ninguna_categoria_esta_activa_no_hay_miga	2026-10-08T23:02:53.8508427-05:00	00:00:00.0006307
Passed	Sillar.Modules.Catalog.Tests.BreadcrumbTests	Sillar.Modules.Catalog.Tests.BreadcrumbTests.Sin_categoria_principal_se_usa_otra_activa_igual	2026-10-08T23:02:53.8523415-05:00	00:00:00.0003212
Passed	Sillar.Modules.Catalog.Tests.CatalogContractPostgresTests	Sillar.Modules.Catalog.Tests.CatalogContractPostgresTests.BuscarPorCodigo_traduce_con_inner_join_y_respeta_actividad_y_proyeccion	2026-10-08T23:02:57.8302941-05:00	00:00:00.0849183
Passed	Sillar.Modules.Catalog.Tests.CatalogContractPostgresTests	Sillar.Modules.Catalog.Tests.CatalogContractPostgresTests.Buscar_traduce_con_inner_join_full_text_filtros_orden_y_limite_cero	2026-10-08T23:02:57.7392567-05:00	00:00:00.0892361
Passed	Sillar.Modules.Catalog.Tests.CatalogContractPostgresTests	Sillar.Modules.Catalog.Tests.CatalogContractPostgresTests.ItemExisteYEstaActivo_traduce_en_postgresql_y_distingue_activa_inactiva_e_inexistente	2026-10-08T23:02:53.7484725-05:00	00:00:03.6896375
Passed	Sillar.Modules.Catalog.Tests.CatalogContractPostgresTests	Sillar.Modules.Catalog.Tests.CatalogContractPostgresTests.ObtenerItem_traduce_con_inner_join_y_relee_variante_inactiva	2026-10-08T23:02:57.6864829-05:00	00:00:00.0506253
Passed	Sillar.Modules.Catalog.Tests.CatalogContractPostgresTests	Sillar.Modules.Catalog.Tests.CatalogContractPostgresTests.VariantesDe_traduce_con_inner_join_y_conserva_solo_item_activo_y_orden	2026-10-08T23:02:57.4732195-05:00	00:00:00.2115398
Passed	Sillar.Modules.Catalog.Tests.CatalogSelectionTests	Sillar.Modules.Catalog.Tests.CatalogSelectionTests.Pedir_cero_o_menos_devuelve_uno	2026-10-08T23:02:53.7484208-05:00	00:00:00.0483701
Passed	Sillar.Modules.Catalog.Tests.CatalogSelectionTests	Sillar.Modules.Catalog.Tests.CatalogSelectionTests.Pedir_mas_del_tope_devuelve_el_tope	2026-10-08T23:02:53.8407128-05:00	00:00:00.0006117
Passed	Sillar.Modules.Catalog.Tests.CatalogSelectionTests	Sillar.Modules.Catalog.Tests.CatalogSelectionTests.Un_limite_razonable_se_respeta	2026-10-08T23:02:53.8419197-05:00	00:00:00.0002427
Passed	Sillar.Modules.Catalog.Tests.CatalogTranslationTests	Sillar.Modules.Catalog.Tests.CatalogTranslationTests.Buscar_para_seleccion_se_traduce_y_se_ejecuta	2026-10-08T23:02:57.4730965-05:00	00:00:00.1361420
Passed	Sillar.Modules.Catalog.Tests.CatalogTranslationTests	Sillar.Modules.Catalog.Tests.CatalogTranslationTests.La_busqueda_no_distingue_tildes_ni_mayusculas	2026-10-08T23:02:53.7484447-05:00	00:00:03.6964701
Passed	Sillar.Modules.Catalog.Tests.CatalogTranslationTests	Sillar.Modules.Catalog.Tests.CatalogTranslationTests.Obtener_para_seleccion_se_traduce_y_devuelve_lo_mismo_que_buscar	2026-10-08T23:02:57.6998912-05:00	00:00:00.0361758
Passed	Sillar.Modules.Catalog.Tests.CatalogTranslationTests	Sillar.Modules.Catalog.Tests.CatalogTranslationTests.Un_producto_de_baja_no_se_puede_elegir_pero_si_releer	2026-10-08T23:02:57.6775424-05:00	00:00:00.0206831
Passed	Sillar.Modules.Catalog.Tests.CatalogTranslationTests	Sillar.Modules.Catalog.Tests.CatalogTranslationTests.Un_producto_que_no_existe_se_relee_como_nulo	2026-10-08T23:02:57.6110999-05:00	00:00:00.0641897
Passed	Sillar.Modules.Catalog.Tests.CategoryTreeTests	Sillar.Modules.Catalog.Tests.CategoryTreeTests.Asignar_un_padre_sin_relacion_no_es_ciclo	2026-10-08T23:02:53.8424030-05:00	00:00:00.0025265
Passed	Sillar.Modules.Catalog.Tests.CategoryTreeTests	Sillar.Modules.Catalog.Tests.CategoryTreeTests.Asignar_una_raiz_nueva_no_es_ciclo	2026-10-08T23:02:53.7484827-05:00	00:00:00.0472853
Passed	Sillar.Modules.Catalog.Tests.CategoryTreeTests	Sillar.Modules.Catalog.Tests.CategoryTreeTests.Mover_una_hoja_a_otra_rama_no_es_ciclo	2026-10-08T23:02:53.8454834-05:00	00:00:00.0008505
Passed	Sillar.Modules.Catalog.Tests.CategoryTreeTests	Sillar.Modules.Catalog.Tests.CategoryTreeTests.Ser_padre_de_si_misma_es_ciclo	2026-10-08T23:02:53.8407925-05:00	00:00:00.0008520
Passed	Sillar.Modules.Catalog.Tests.CategoryTreeTests	Sillar.Modules.Catalog.Tests.CategoryTreeTests.Un_ciclo_largo_tambien_se_detecta	2026-10-08T23:02:53.8474496-05:00	00:00:00.0004706
Passed	Sillar.Modules.Catalog.Tests.ItemPricingTests	Sillar.Modules.Catalog.Tests.ItemPricingTests.Cero_no_es_lo_mismo_que_nulo	2026-10-08T23:02:53.8580112-05:00	00:00:00.0007023
Passed	Sillar.Modules.Catalog.Tests.ItemPricingTests	Sillar.Modules.Catalog.Tests.ItemPricingTests.Con_precio_propio_lo_usa_a_el	2026-10-08T23:02:53.8474691-05:00	00:00:00.0080366
Passed	Sillar.Modules.Catalog.Tests.ItemPricingTests	Sillar.Modules.Catalog.Tests.ItemPricingTests.El_minimo_cuenta_lo_que_se_hereda_no_solo_lo_propio	2026-10-08T23:02:53.7484921-05:00	00:00:00.0520751
Passed	Sillar.Modules.Catalog.Tests.ItemPricingTests	Sillar.Modules.Catalog.Tests.ItemPricingTests.Gratis_es_un_precio_y_puede_ser_el_minimo	2026-10-08T23:02:53.8423159-05:00	00:00:00.0005273
Passed	Sillar.Modules.Catalog.Tests.ItemPricingTests	Sillar.Modules.Catalog.Tests.ItemPricingTests.Nulo_en_los_dos_es_consultar_precio_no_cero	2026-10-08T23:02:53.8450608-05:00	00:00:00.0004904
Passed	Sillar.Modules.Catalog.Tests.ItemPricingTests	Sillar.Modules.Catalog.Tests.ItemPricingTests.Si_cuestan_distinto_la_tarjeta_ensena_el_minimo_con_desde	2026-10-08T23:02:53.8462411-05:00	00:00:00.0005872
Passed	Sillar.Modules.Catalog.Tests.ItemPricingTests	Sillar.Modules.Catalog.Tests.ItemPricingTests.Si_todas_las_presentaciones_cuestan_igual_la_tarjeta_no_dice_desde	2026-10-08T23:02:53.8407128-05:00	00:00:00.0011243
Passed	Sillar.Modules.Catalog.Tests.ItemPricingTests	Sillar.Modules.Catalog.Tests.ItemPricingTests.Sin_precio_propio_usa_el_de_lista	2026-10-08T23:02:53.8561502-05:00	00:00:00.0003529
Passed	Sillar.Modules.Catalog.Tests.ItemPricingTests	Sillar.Modules.Catalog.Tests.ItemPricingTests.Un_producto_sin_presentaciones_ensena_su_precio_de_lista	2026-10-08T23:02:53.8435249-05:00	00:00:00.0007923
Passed	Sillar.Modules.Catalog.Tests.ItemPricingTests	Sillar.Modules.Catalog.Tests.ItemPricingTests.Una_sola_a_consultar_deja_toda_la_tarjeta_a_consultar	2026-10-08T23:02:53.8570955-05:00	00:00:00.0003317
Passed	Sillar.Modules.Catalog.Tests.ProductEventTests	Sillar.Modules.Catalog.Tests.ProductEventTests.Cambiar_las_categorias_avisa	2026-10-08T23:02:57.4733628-05:00	00:00:00.4327694
Passed	Sillar.Modules.Catalog.Tests.ProductEventTests	Sillar.Modules.Catalog.Tests.ProductEventTests.Dar_de_baja_y_reactivar_avisan_los_dos	2026-10-08T23:02:57.9071223-05:00	00:00:00.1055392
Passed	Sillar.Modules.Catalog.Tests.ProductEventTests	Sillar.Modules.Catalog.Tests.ProductEventTests.Editar_una_presentacion_avisa_de_que_cambio_el_producto	2026-10-08T23:02:53.7484243-05:00	00:00:03.6991463
Passed	Sillar.Modules.Catalog.Tests.ProductEventTests	Sillar.Modules.Catalog.Tests.ProductEventTests.La_forma_interna_del_producto_no_cambia_lo_que_se_emite	2026-10-08T23:02:58.0137843-05:00	00:00:00.0742461
Passed	Sillar.Modules.Catalog.Tests.ProductItemRulesTests	Sillar.Modules.Catalog.Tests.ProductItemRulesTests.El_mensaje_no_es_un_error_generico	2026-10-08T23:02:53.8638679-05:00	00:00:00.0006761
Passed	Sillar.Modules.Catalog.Tests.ProductItemRulesTests	Sillar.Modules.Catalog.Tests.ProductItemRulesTests.Si_es_la_ultima_el_mensaje_propone_desactivar_el_producto	2026-10-08T23:02:53.8713012-05:00	00:00:00.0004898
Passed	Sillar.Modules.Catalog.Tests.ProductItemRulesTests	Sillar.Modules.Catalog.Tests.ProductItemRulesTests.Si_no_es_la_ultima_no_hay_bloqueo	2026-10-08T23:02:53.8629426-05:00	00:00:00.0003834
Passed	Sillar.Modules.Catalog.Tests.SlugGeneratorTests	Sillar.Modules.Catalog.Tests.SlugGeneratorTests.Formatos_invalidos_no_pasan(slug: "")	2026-10-08T23:02:53.8418876-05:00	00:00:00.0004308
Passed	Sillar.Modules.Catalog.Tests.SlugGeneratorTests	Sillar.Modules.Catalog.Tests.SlugGeneratorTests.Formatos_invalidos_no_pasan(slug: "-artesco")	2026-10-08T23:02:53.8449468-05:00	00:00:00.0000480
Passed	Sillar.Modules.Catalog.Tests.SlugGeneratorTests	Sillar.Modules.Catalog.Tests.SlugGeneratorTests.Formatos_invalidos_no_pasan(slug: "Artesco")	2026-10-08T23:02:53.8435255-05:00	00:00:00.0002108
Passed	Sillar.Modules.Catalog.Tests.SlugGeneratorTests	Sillar.Modules.Catalog.Tests.SlugGeneratorTests.Formatos_invalidos_no_pasan(slug: "artesco verde")	2026-10-08T23:02:53.8429285-05:00	00:00:00.0000503
Passed	Sillar.Modules.Catalog.Tests.SlugGeneratorTests	Sillar.Modules.Catalog.Tests.SlugGeneratorTests.Formatos_invalidos_no_pasan(slug: "artesco-")	2026-10-08T23:02:53.8409798-05:00	00:00:00.0002545
Passed	Sillar.Modules.Catalog.Tests.SlugGeneratorTests	Sillar.Modules.Catalog.Tests.SlugGeneratorTests.Formatos_invalidos_no_pasan(slug: "artesco--verde")	2026-10-08T23:02:53.8443357-05:00	00:00:00.0000462
Passed	Sillar.Modules.Catalog.Tests.SlugGeneratorTests	Sillar.Modules.Catalog.Tests.SlugGeneratorTests.Formatos_invalidos_no_pasan(slug: null)	2026-10-08T23:02:53.8455509-05:00	00:00:00.0000308
Passed	Sillar.Modules.Catalog.Tests.SlugGeneratorTests	Sillar.Modules.Catalog.Tests.SlugGeneratorTests.Formatos_validos_pasan(slug: "a4-100-hojas")	2026-10-08T23:02:53.8373663-05:00	00:00:00.0007710
Passed	Sillar.Modules.Catalog.Tests.SlugGeneratorTests	Sillar.Modules.Catalog.Tests.SlugGeneratorTests.Formatos_validos_pasan(slug: "artesco")	2026-10-08T23:02:53.8389869-05:00	00:00:00.0000547
Passed	Sillar.Modules.Catalog.Tests.SlugGeneratorTests	Sillar.Modules.Catalog.Tests.SlugGeneratorTests.Formatos_validos_pasan(slug: "plumon-de-pizarra-verde")	2026-10-08T23:02:53.7484584-05:00	00:00:00.0480526
Passed	Sillar.Modules.Catalog.Tests.SlugGeneratorTests	Sillar.Modules.Catalog.Tests.SlugGeneratorTests.La_ene_con_virgulilla_pliega_a_ene	2026-10-08T23:02:53.8532352-05:00	00:00:00.0002475
Passed	Sillar.Modules.Catalog.Tests.SlugGeneratorTests	Sillar.Modules.Catalog.Tests.SlugGeneratorTests.Las_tildes_desaparecen_sin_dejar_hueco	2026-10-08T23:02:53.8542855-05:00	00:00:00.0002986
Passed	Sillar.Modules.Catalog.Tests.SlugGeneratorTests	Sillar.Modules.Catalog.Tests.SlugGeneratorTests.Lo_que_genera_esta_clase_siempre_es_valido_para_ella_misma	2026-10-08T23:02:53.8501858-05:00	00:00:00.0004585
Passed	Sillar.Modules.Catalog.Tests.SlugGeneratorTests	Sillar.Modules.Catalog.Tests.SlugGeneratorTests.Los_espacios_multiples_no_dejan_guiones_dobles	2026-10-08T23:02:53.8523079-05:00	00:00:00.0002221
Passed	Sillar.Modules.Catalog.Tests.SlugGeneratorTests	Sillar.Modules.Catalog.Tests.SlugGeneratorTests.No_hay_guion_al_principio_ni_al_final	2026-10-08T23:02:53.8512980-05:00	00:00:00.0003086
Passed	Sillar.Modules.Catalog.Tests.SlugGeneratorTests	Sillar.Modules.Catalog.Tests.SlugGeneratorTests.Un_nombre_simple_se_pasa_a_minusculas_y_guiones	2026-10-08T23:02:53.8462740-05:00	00:00:00.0032120
Passed	Sillar.Modules.Cms.Tests.ContratosHttpTests	Sillar.Modules.Cms.Tests.ContratosHttpTests.Administracion_de_trabajos_distingue_los_incompletos	2026-10-08T23:03:01.2999819-05:00	00:00:00.0023933
Passed	Sillar.Modules.Cms.Tests.ContratosHttpTests	Sillar.Modules.Cms.Tests.ContratosHttpTests.Administracion_distingue_el_estado_del_producto_del_estado_del_destacado	2026-10-08T23:03:01.5364216-05:00	00:00:00.0007226
Passed	Sillar.Modules.Cms.Tests.ContratosHttpTests	Sillar.Modules.Cms.Tests.ContratosHttpTests.Destacados_exponen_el_snapshot_sin_precio_formateado	2026-10-08T23:03:01.5321162-05:00	00:00:00.0026222
Passed	Sillar.Modules.Cms.Tests.ContratosHttpTests	Sillar.Modules.Cms.Tests.ContratosHttpTests.Editar_no_permite_desactivar_ni_reordenar_por_un_campo_suelto	2026-10-08T23:03:01.2079144-05:00	00:00:00.0395104
Passed	Sillar.Modules.Cms.Tests.ContratosHttpTests	Sillar.Modules.Cms.Tests.ContratosHttpTests.Las_tres_respuestas_programables_exponen_un_estado_controlado	2026-10-08T23:03:01.3042889-05:00	00:00:00.2232007
Passed	Sillar.Modules.Cms.Tests.ContratosHttpTests	Sillar.Modules.Cms.Tests.ContratosHttpTests.Ninguna_respuesta_publica_expone_identificadores_de_medios	2026-10-08T23:03:01.5283127-05:00	00:00:00.0030063
Passed	Sillar.Modules.Cms.Tests.ContratosHttpTests	Sillar.Modules.Cms.Tests.ContratosHttpTests.Trabajos_y_redes_no_exponen_estado_de_ventana	2026-10-08T23:03:01.5352968-05:00	00:00:00.0003260
Passed	Sillar.Modules.Cms.Tests.EventosCatalogoTests	Sillar.Modules.Cms.Tests.EventosCatalogoTests.Los_tres_manejadores_se_registran_como_singleton_para_el_bus_raiz	2026-10-08T23:03:01.2079349-05:00	00:00:00.0740488
Passed	Sillar.Modules.Cms.Tests.ProductoDestacadoTests	Sillar.Modules.Cms.Tests.ProductoDestacadoTests.Precio_a_consultar_gratis_y_positivo_son_validos	2026-10-08T23:03:01.4833265-05:00	00:00:00.0007295
Passed	Sillar.Modules.Cms.Tests.ProductoDestacadoTests	Sillar.Modules.Cms.Tests.ProductoDestacadoTests.Precio_negativo_se_rechaza	2026-10-08T23:03:01.5002091-05:00	00:00:00.0004042
Passed	Sillar.Modules.Cms.Tests.ProductoDestacadoTests	Sillar.Modules.Cms.Tests.ProductoDestacadoTests.Producto_dado_de_baja_no_puede_publicarse_aunque_siga_publico	2026-10-08T23:03:01.4929838-05:00	00:00:00.0023611
Passed	Sillar.Modules.Cms.Tests.ProductoDestacadoTests	Sillar.Modules.Cms.Tests.ProductoDestacadoTests.Producto_no_publico_no_puede_publicarse	2026-10-08T23:03:01.4982351-05:00	00:00:00.0011707
Passed	Sillar.Modules.Cms.Tests.ProductoDestacadoTests	Sillar.Modules.Cms.Tests.ProductoDestacadoTests.Producto_publico_y_enlazado_puede_publicarse	2026-10-08T23:03:01.4961939-05:00	00:00:00.0013332
Passed	Sillar.Modules.Cms.Tests.ProductoDestacadoTests	Sillar.Modules.Cms.Tests.ProductoDestacadoTests.Releer_el_snapshot_sobrescribe_el_estado_del_producto_y_es_idempotente	2026-10-08T23:03:01.4694937-05:00	00:00:00.0128313
Passed	Sillar.Modules.Cms.Tests.ProductoDestacadoTests	Sillar.Modules.Cms.Tests.ProductoDestacadoTests.Respuesta_conserva_precio_nulo_cero_y_positivo_como_estados_distintos	2026-10-08T23:03:01.2079304-05:00	00:00:00.2422020
Passed	Sillar.Modules.Cms.Tests.ProductoDestacadoTests	Sillar.Modules.Cms.Tests.ProductoDestacadoTests.Snapshot_con_producto_no_esta_pendiente_de_volver_a_enlazar	2026-10-08T23:03:01.4913139-05:00	00:00:00.0007424
Passed	Sillar.Modules.Cms.Tests.ProductoDestacadoTests	Sillar.Modules.Cms.Tests.ProductoDestacadoTests.Snapshot_sin_producto_esta_pendiente_de_volver_a_enlazar	2026-10-08T23:03:01.5013811-05:00	00:00:00.0003485
Passed	Sillar.Modules.Cms.Tests.ReactivacionRedSocialTests	Sillar.Modules.Cms.Tests.ReactivacionRedSocialTests.Crear_desactivar_y_reactivar_instagram_recupera_la_misma_fila	2026-10-08T23:03:01.2079204-05:00	00:00:03.3296601
Passed	Sillar.Modules.Cms.Tests.ReactivacionRedSocialTests	Sillar.Modules.Cms.Tests.ReactivacionRedSocialTests.Reactivar_exige_editor_y_admin_para_aplicar_la_jerarquia_existente	2026-10-08T23:03:04.7082758-05:00	00:00:00.3263574
Passed	Sillar.Modules.Cms.Tests.ReactivacionRedSocialTests	Sillar.Modules.Cms.Tests.ReactivacionRedSocialTests.Reactivar_una_activa_es_idempotente_y_un_id_inexistente_no_se_inventa	2026-10-08T23:03:04.5720852-05:00	00:00:00.1348387
Passed	Sillar.Modules.Cms.Tests.ReglasContenidoTests	Sillar.Modules.Cms.Tests.ReglasContenidoTests.Enlace_sin_texto_visible_se_rechaza	2026-10-08T23:03:01.3427080-05:00	00:00:00.0003403
Passed	Sillar.Modules.Cms.Tests.ReglasContenidoTests	Sillar.Modules.Cms.Tests.ReglasContenidoTests.Fecha_de_fin_anterior_nombra_la_fecha_que_hay_que_corregir	2026-10-08T23:03:01.3479163-05:00	00:00:00.0009166
Passed	Sillar.Modules.Cms.Tests.ReglasContenidoTests	Sillar.Modules.Cms.Tests.ReglasContenidoTests.Fecha_de_fin_igual_al_inicio_tambien_se_rechaza	2026-10-08T23:03:01.3400522-05:00	00:00:00.0017863
Passed	Sillar.Modules.Cms.Tests.ReglasContenidoTests	Sillar.Modules.Cms.Tests.ReglasContenidoTests.Imagen_sin_texto_alternativo_se_rechaza	2026-10-08T23:03:01.2079407-05:00	00:00:00.0384397
Passed	Sillar.Modules.Cms.Tests.ReglasContenidoTests	Sillar.Modules.Cms.Tests.ReglasContenidoTests.Plataforma_social_fuera_de_la_lista_se_rechaza	2026-10-08T23:03:01.3454516-05:00	00:00:00.0012036
Passed	Sillar.Modules.Cms.Tests.ReglasContenidoTests	Sillar.Modules.Cms.Tests.ReglasContenidoTests.Plataforma_social_se_normaliza(original: " WHATSAPP ", expected: "whatsapp")	2026-10-08T23:03:01.3357150-05:00	00:00:00.0005189
Passed	Sillar.Modules.Cms.Tests.ReglasContenidoTests	Sillar.Modules.Cms.Tests.ReglasContenidoTests.Plataforma_social_se_normaliza(original: "Instagram", expected: "instagram")	2026-10-08T23:03:01.3323407-05:00	00:00:00.0027008
Passed	Sillar.Modules.Cms.Tests.ReglasContenidoTests	Sillar.Modules.Cms.Tests.ReglasContenidoTests.Ruta_interna_y_https_con_etiqueta_se_aceptan(url: "/catalogo")	2026-10-08T23:03:01.3013218-05:00	00:00:00.0070224
Passed	Sillar.Modules.Cms.Tests.ReglasContenidoTests	Sillar.Modules.Cms.Tests.ReglasContenidoTests.Ruta_interna_y_https_con_etiqueta_se_aceptan(url: "https://sillar.example/catalogo")	2026-10-08T23:03:01.3112053-05:00	00:00:00.0199237
Passed	Sillar.Modules.Cms.Tests.ReglasContenidoTests	Sillar.Modules.Cms.Tests.ReglasContenidoTests.Sin_imagen_el_texto_alternativo_puede_ser_nulo	2026-10-08T23:03:01.3442856-05:00	00:00:00.0002751
Passed	Sillar.Modules.Cms.Tests.ReglasContenidoTests	Sillar.Modules.Cms.Tests.ReglasContenidoTests.Texto_alternativo_de_espacios_se_rechaza_aunque_no_haya_imagen	2026-10-08T23:03:01.3376019-05:00	00:00:00.0010081
Passed	Sillar.Modules.Cms.Tests.ReordenamientoTests	Sillar.Modules.Cms.Tests.ReordenamientoTests.Cinco_elementos_reciben_exactamente_el_orden_solicitado	2026-10-08T23:03:01.3150148-05:00	00:00:00.0873294
Passed	Sillar.Modules.Cms.Tests.ReordenamientoTests	Sillar.Modules.Cms.Tests.ReordenamientoTests.Omitir_un_elemento_invalida_la_lista_completa	2026-10-08T23:03:01.3123567-05:00	00:00:00.0009597
Passed	Sillar.Modules.Cms.Tests.ReordenamientoTests	Sillar.Modules.Cms.Tests.ReordenamientoTests.Un_identificador_inexistente_invalida_el_plan_entero	2026-10-08T23:03:01.4045376-05:00	00:00:00.0015182
Passed	Sillar.Modules.Cms.Tests.ReordenamientoTests	Sillar.Modules.Cms.Tests.ReordenamientoTests.Un_identificador_repetido_no_produce_asignaciones_parciales	2026-10-08T23:03:01.2079150-05:00	00:00:00.0576645
Passed	Sillar.Modules.Cms.Tests.ReordenamientoTests	Sillar.Modules.Cms.Tests.ReordenamientoTests.Una_seccion_vacia_acepta_una_lista_vacia	2026-10-08T23:03:01.2995490-05:00	00:00:00.0110200
Passed	Sillar.Modules.Cms.Tests.TrabajoDestacadoTests	Sillar.Modules.Cms.Tests.TrabajoDestacadoTests.Con_imagen_activa_y_texto_alternativo_el_trabajo_esta_completo	2026-10-08T23:03:01.3094665-05:00	00:00:00.0005430
Passed	Sillar.Modules.Cms.Tests.TrabajoDestacadoTests	Sillar.Modules.Cms.Tests.TrabajoDestacadoTests.Con_medio_inactivo_el_trabajo_esta_incompleto	2026-10-08T23:03:01.3013453-05:00	00:00:00.0072793
Passed	Sillar.Modules.Cms.Tests.TrabajoDestacadoTests	Sillar.Modules.Cms.Tests.TrabajoDestacadoTests.Sin_imagen_el_trabajo_esta_incompleto	2026-10-08T23:03:01.2079529-05:00	00:00:00.0384475
Passed	Sillar.Modules.Cms.Tests.VigenciaPublicacionTests	Sillar.Modules.Cms.Tests.VigenciaPublicacionTests.Activo_sin_fechas_esta_vigente	2026-10-08T23:03:01.4649045-05:00	00:00:00.0034698
Passed	Sillar.Modules.Cms.Tests.VigenciaPublicacionTests	Sillar.Modules.Cms.Tests.VigenciaPublicacionTests.Banners_promociones_y_destacados_usan_la_misma_clasificacion	2026-10-08T23:03:01.4412395-05:00	00:00:00.0118467
Passed	Sillar.Modules.Cms.Tests.VigenciaPublicacionTests	Sillar.Modules.Cms.Tests.VigenciaPublicacionTests.Banners_promociones_y_destacados_usan_la_misma_expresion	2026-10-08T23:03:01.4265496-05:00	00:00:00.0136733
Passed	Sillar.Modules.Cms.Tests.VigenciaPublicacionTests	Sillar.Modules.Cms.Tests.VigenciaPublicacionTests.Dentro_del_intervalo_esta_vigente	2026-10-08T23:03:01.3316699-05:00	00:00:00.0049824
Passed	Sillar.Modules.Cms.Tests.VigenciaPublicacionTests	Sillar.Modules.Cms.Tests.VigenciaPublicacionTests.Empieza_exactamente_ahora_y_esta_vigente	2026-10-08T23:03:01.4602023-05:00	00:00:00.0035925
Passed	Sillar.Modules.Cms.Tests.VigenciaPublicacionTests	Sillar.Modules.Cms.Tests.VigenciaPublicacionTests.Estado_administrativo_respeta_la_misma_ventana(isActive: False, startMinutes: null, endMinutes: null, expected: Inactive)	2026-10-08T23:03:01.3673710-05:00	00:00:00.0052600
Passed	Sillar.Modules.Cms.Tests.VigenciaPublicacionTests	Sillar.Modules.Cms.Tests.VigenciaPublicacionTests.Estado_administrativo_respeta_la_misma_ventana(isActive: True, startMinutes: -1, endMinutes: 0, expected: Expired)	2026-10-08T23:03:01.3825089-05:00	00:00:00.0083864
Passed	Sillar.Modules.Cms.Tests.VigenciaPublicacionTests	Sillar.Modules.Cms.Tests.VigenciaPublicacionTests.Estado_administrativo_respeta_la_misma_ventana(isActive: True, startMinutes: -1, endMinutes: 1, expected: Current)	2026-10-08T23:03:01.4021863-05:00	00:00:00.0080143
Passed	Sillar.Modules.Cms.Tests.VigenciaPublicacionTests	Sillar.Modules.Cms.Tests.VigenciaPublicacionTests.Estado_administrativo_respeta_la_misma_ventana(isActive: True, startMinutes: -1, endMinutes: null, expected: Current)	2026-10-08T23:03:01.3735464-05:00	00:00:00.0080648
Passed	Sillar.Modules.Cms.Tests.VigenciaPublicacionTests	Sillar.Modules.Cms.Tests.VigenciaPublicacionTests.Estado_administrativo_respeta_la_misma_ventana(isActive: True, startMinutes: -2, endMinutes: -1, expected: Expired)	2026-10-08T23:03:01.4112261-05:00	00:00:00.0081623
Passed	Sillar.Modules.Cms.Tests.VigenciaPublicacionTests	Sillar.Modules.Cms.Tests.VigenciaPublicacionTests.Estado_administrativo_respeta_la_misma_ventana(isActive: True, startMinutes: 0, endMinutes: 1, expected: Current)	2026-10-08T23:03:01.3389542-05:00	00:00:00.0276974
Passed	Sillar.Modules.Cms.Tests.VigenciaPublicacionTests	Sillar.Modules.Cms.Tests.VigenciaPublicacionTests.Estado_administrativo_respeta_la_misma_ventana(isActive: True, startMinutes: 1, endMinutes: null, expected: Scheduled)	2026-10-08T23:03:01.3925888-05:00	00:00:00.0085372
Passed	Sillar.Modules.Cms.Tests.VigenciaPublicacionTests	Sillar.Modules.Cms.Tests.VigenciaPublicacionTests.Inactivo_no_esta_vigente_aunque_no_tenga_fechas	2026-10-08T23:03:01.2079483-05:00	00:00:00.1053628
Passed	Sillar.Modules.Cms.Tests.VigenciaPublicacionTests	Sillar.Modules.Cms.Tests.VigenciaPublicacionTests.Programado_para_despues_no_esta_vigente	2026-10-08T23:03:01.4214469-05:00	00:00:00.0035770
Passed	Sillar.Modules.Cms.Tests.VigenciaPublicacionTests	Sillar.Modules.Cms.Tests.VigenciaPublicacionTests.Termina_exactamente_ahora_y_ya_no_esta_vigente	2026-10-08T23:03:01.4544469-05:00	00:00:00.0039725
Passed	Sillar.Modules.Crm.Tests.ContactMessageContractTests	Sillar.Modules.Crm.Tests.ContactMessageContractTests.Respuestas_de_contacto_no_exponen_secretos(type: typeof(Sillar.Modules.Crm.Dtos.AdminContactMessageDetailResponse))	2026-10-08T23:03:08.5157247-05:00	00:00:00.0000911
Passed	Sillar.Modules.Crm.Tests.ContactMessageContractTests	Sillar.Modules.Crm.Tests.ContactMessageContractTests.Respuestas_de_contacto_no_exponen_secretos(type: typeof(Sillar.Modules.Crm.Dtos.AdminContactMessageListItemResponse))	2026-10-08T23:03:08.3923272-05:00	00:00:00.0654028
Passed	Sillar.Modules.Crm.Tests.ContactMessageContractTests	Sillar.Modules.Crm.Tests.ContactMessageContractTests.Respuestas_de_contacto_no_exponen_secretos(type: typeof(Sillar.Modules.Crm.Dtos.PublicContactAcceptedResponse))	2026-10-08T23:03:08.5120773-05:00	00:00:00.0029904
Passed	Sillar.Modules.Crm.Tests.ContactMessageServiceTests	Sillar.Modules.Crm.Tests.ContactMessageServiceTests.Admin_lee_y_da_de_baja_sin_borrar	2026-10-08T23:03:08.3922466-05:00	00:00:03.6349371
Passed	Sillar.Modules.Crm.Tests.ContactMessageServiceTests	Sillar.Modules.Crm.Tests.ContactMessageServiceTests.Sesion_valida_puede_vincular_customer_y_conserva_snapshot	2026-10-08T23:03:12.5682498-05:00	00:00:00.5856196
Passed	Sillar.Modules.Crm.Tests.ContactMessageServiceTests	Sillar.Modules.Crm.Tests.ContactMessageServiceTests.Sin_correo_ni_telefono_se_rechaza	2026-10-08T23:03:12.0583447-05:00	00:00:00.5070394
Passed	Sillar.Modules.Crm.Tests.ContactMessageServiceTests	Sillar.Modules.Crm.Tests.ContactMessageServiceTests.Visitante_guarda_mensaje_sin_customer_id	2026-10-08T23:03:13.1555704-05:00	00:00:00.3447843
Passed	Sillar.Modules.Crm.Tests.ContactSubmissionThrottleTests	Sillar.Modules.Crm.Tests.ContactSubmissionThrottleTests.Al_terminar_la_ventana_la_ip_puede_enviar_de_nuevo	2026-10-08T23:03:08.5862890-05:00	00:00:00.0013860
Passed	Sillar.Modules.Crm.Tests.ContactSubmissionThrottleTests	Sillar.Modules.Crm.Tests.ContactSubmissionThrottleTests.Cinco_intentos_entran_y_el_sexto_se_limita	2026-10-08T23:03:08.5601510-05:00	00:00:00.0229949
Passed	Sillar.Modules.Crm.Tests.ContactSubmissionThrottleTests	Sillar.Modules.Crm.Tests.ContactSubmissionThrottleTests.Otra_ip_tiene_su_propio_contador	2026-10-08T23:03:08.5843921-05:00	00:00:00.0010111
Passed	Sillar.Modules.Crm.Tests.CrmPersistenceTests	Sillar.Modules.Crm.Tests.CrmPersistenceTests.Test01_CrmInitial_aplica_desde_cero	2026-10-08T23:03:53.8144600-05:00	00:00:00.0327319
Passed	Sillar.Modules.Crm.Tests.CrmPersistenceTests	Sillar.Modules.Crm.Tests.CrmPersistenceTests.Test02_customer_y_address_generan_uuid_v7	2026-10-08T23:03:54.5835628-05:00	00:00:00.1510427
Passed	Sillar.Modules.Crm.Tests.CrmPersistenceTests	Sillar.Modules.Crm.Tests.CrmPersistenceTests.Test03_segunda_account_para_mismo_customer_falla	2026-10-08T23:03:55.7726684-05:00	00:00:00.1738590
Passed	Sillar.Modules.Crm.Tests.CrmPersistenceTests	Sillar.Modules.Crm.Tests.CrmPersistenceTests.Test04_email_duplicado_falla_con_ficha_no_activa(label: "baja")	2026-10-08T23:03:45.8953480-05:00	00:00:00.3307793
Passed	Sillar.Modules.Crm.Tests.CrmPersistenceTests	Sillar.Modules.Crm.Tests.CrmPersistenceTests.Test04_email_duplicado_falla_con_ficha_no_activa(label: "bloqueada")	2026-10-08T23:03:45.5298321-05:00	00:00:00.3640474
Passed	Sillar.Modules.Crm.Tests.CrmPersistenceTests	Sillar.Modules.Crm.Tests.CrmPersistenceTests.Test05_documento_duplicado_falla	2026-10-08T23:03:50.9569252-05:00	00:00:00.4524685
Passed	Sillar.Modules.Crm.Tests.CrmPersistenceTests	Sillar.Modules.Crm.Tests.CrmPersistenceTests.Test06_combinaciones_invalidas_lifecycle_fallan(isActive: False, hasDeact: False, hasBlocked: False, label: "inactiva sin deactivated_at ni blocked_at")	2026-10-08T23:03:47.9961028-05:00	00:00:00.4454772
Passed	Sillar.Modules.Crm.Tests.CrmPersistenceTests	Sillar.Modules.Crm.Tests.CrmPersistenceTests.Test06_combinaciones_invalidas_lifecycle_fallan(isActive: False, hasDeact: True, hasBlocked: True, label: "de baja y bloqueada a la vez")	2026-10-08T23:03:48.4422364-05:00	00:00:00.4930476
Passed	Sillar.Modules.Crm.Tests.CrmPersistenceTests	Sillar.Modules.Crm.Tests.CrmPersistenceTests.Test06_combinaciones_invalidas_lifecycle_fallan(isActive: True, hasDeact: False, hasBlocked: True, label: "activa pero con blocked_at")	2026-10-08T23:03:48.9385406-05:00	00:00:00.4762542
Passed	Sillar.Modules.Crm.Tests.CrmPersistenceTests	Sillar.Modules.Crm.Tests.CrmPersistenceTests.Test06_combinaciones_invalidas_lifecycle_fallan(isActive: True, hasDeact: True, hasBlocked: False, label: "activa pero con deactivated_at")	2026-10-08T23:03:47.6503326-05:00	00:00:00.3451842
Passed	Sillar.Modules.Crm.Tests.CrmPersistenceTests	Sillar.Modules.Crm.Tests.CrmPersistenceTests.Test07_reactivation_resolved_sin_requested_falla	2026-10-08T23:03:53.6322059-05:00	00:00:00.1816685
Passed	Sillar.Modules.Crm.Tests.CrmPersistenceTests	Sillar.Modules.Crm.Tests.CrmPersistenceTests.Test08_reactivation_resolved_anterior_a_requested_falla	2026-10-08T23:03:55.3455990-05:00	00:00:00.1566903
Passed	Sillar.Modules.Crm.Tests.CrmPersistenceTests	Sillar.Modules.Crm.Tests.CrmPersistenceTests.Test09_dos_preferidas_activas_del_mismo_cliente_falla	2026-10-08T23:03:46.5964768-05:00	00:00:00.3858342
Passed	Sillar.Modules.Crm.Tests.CrmPersistenceTests	Sillar.Modules.Crm.Tests.CrmPersistenceTests.Test10_purpose_invalido_falla(purpose: "")	2026-10-08T23:03:52.3669873-05:00	00:00:00.4745625
Passed	Sillar.Modules.Crm.Tests.CrmPersistenceTests	Sillar.Modules.Crm.Tests.CrmPersistenceTests.Test10_purpose_invalido_falla(purpose: "login")	2026-10-08T23:03:51.9319070-05:00	00:00:00.4346325
Passed	Sillar.Modules.Crm.Tests.CrmPersistenceTests	Sillar.Modules.Crm.Tests.CrmPersistenceTests.Test10_purpose_invalido_falla(purpose: "reset")	2026-10-08T23:03:51.4259402-05:00	00:00:00.5055655
Passed	Sillar.Modules.Crm.Tests.CrmPersistenceTests	Sillar.Modules.Crm.Tests.CrmPersistenceTests.Test11_consumo_concurrente_del_mismo_token_produce_un_ganador	2026-10-08T23:03:55.1619207-05:00	00:00:00.1832174
Passed	Sillar.Modules.Crm.Tests.CrmPersistenceTests	Sillar.Modules.Crm.Tests.CrmPersistenceTests.Test12_eliminar_schema_crm_no_toca_core_ni_catalog	2026-10-08T23:03:53.2949667-05:00	00:00:00.3361283
Passed	Sillar.Modules.Crm.Tests.CrmPersistenceTests	Sillar.Modules.Crm.Tests.CrmPersistenceTests.Test13_reinstalar_crminitial_sobre_schema_limpio_funciona	2026-10-08T23:03:52.8575479-05:00	00:00:00.4352691
Passed	Sillar.Modules.Crm.Tests.CrmPersistenceTests	Sillar.Modules.Crm.Tests.CrmPersistenceTests.Test14_nfc_y_nfd_chocan_en_uq_customers_email	2026-10-08T23:03:50.4639289-05:00	00:00:00.4919638
Passed	Sillar.Modules.Crm.Tests.CrmPersistenceTests	Sillar.Modules.Crm.Tests.CrmPersistenceTests.Test14b_base_rechaza_todos_los_blancos_que_dotnet_trim_recorta	2026-10-08T23:03:49.4155239-05:00	00:00:00.5644902
Passed	Sillar.Modules.Crm.Tests.CrmPersistenceTests	Sillar.Modules.Crm.Tests.CrmPersistenceTests.Test14c_migracion_falla_y_no_corrige_correos_preexistentes	2026-10-08T23:03:46.9840986-05:00	00:00:00.6651425
Passed	Sillar.Modules.Crm.Tests.CrmPersistenceTests	Sillar.Modules.Crm.Tests.CrmPersistenceTests.Test15_cambiar_email_limpia_email_verified_at	2026-10-08T23:03:54.9069367-05:00	00:00:00.2545433
Passed	Sillar.Modules.Crm.Tests.CrmPersistenceTests	Sillar.Modules.Crm.Tests.CrmPersistenceTests.Test16_cambiar_solo_mayusculas_no_invalida_email_verified_at	2026-10-08T23:03:46.2272233-05:00	00:00:00.3686675
Passed	Sillar.Modules.Crm.Tests.CrmPersistenceTests	Sillar.Modules.Crm.Tests.CrmPersistenceTests.Test17_sql_directo_nfc_nfd_is_distinct_from	2026-10-08T23:03:54.3999451-05:00	00:00:00.1829980
Passed	Sillar.Modules.Crm.Tests.CrmPersistenceTests	Sillar.Modules.Crm.Tests.CrmPersistenceTests.Test18_tablas_no_replicadas_no_tienen_origin_node_ni_row_version	2026-10-08T23:03:52.8425279-05:00	00:00:00.0143650
Passed	Sillar.Modules.Crm.Tests.CrmPersistenceTests	Sillar.Modules.Crm.Tests.CrmPersistenceTests.Test19_tablas_replicadas_tienen_origin_node_y_row_version_se_incrementa	2026-10-08T23:03:54.7352282-05:00	00:00:00.1696935
Passed	Sillar.Modules.Crm.Tests.CrmPersistenceTests	Sillar.Modules.Crm.Tests.CrmPersistenceTests.Test20_set_updated_at_modifica_updated_at	2026-10-08T23:03:55.9469852-05:00	00:00:00.2585636
Passed	Sillar.Modules.Crm.Tests.CrmPersistenceTests	Sillar.Modules.Crm.Tests.CrmPersistenceTests.Test21_busqueda_parcial_email_trgm	2026-10-08T23:03:45.1709968-05:00	00:00:00.3580847
Passed	Sillar.Modules.Crm.Tests.CrmPersistenceTests	Sillar.Modules.Crm.Tests.CrmPersistenceTests.Test22_busqueda_full_name_tsvector_pena	2026-10-08T23:03:53.8478731-05:00	00:00:00.1999103
Passed	Sillar.Modules.Crm.Tests.CrmPersistenceTests	Sillar.Modules.Crm.Tests.CrmPersistenceTests.Test23_contact_message_sin_customer_id	2026-10-08T23:03:49.9805135-05:00	00:00:00.4829231
Passed	Sillar.Modules.Crm.Tests.CrmPersistenceTests	Sillar.Modules.Crm.Tests.CrmPersistenceTests.Test24_contact_message_vinculado_y_fk_inexistente	2026-10-08T23:03:54.2300379-05:00	00:00:00.1690290
Passed	Sillar.Modules.Crm.Tests.CrmPersistenceTests	Sillar.Modules.Crm.Tests.CrmPersistenceTests.Test25_contact_message_sin_email_ni_phone_falla	2026-10-08T23:03:54.0483719-05:00	00:00:00.1806875
Passed	Sillar.Modules.Crm.Tests.CrmPersistenceTests	Sillar.Modules.Crm.Tests.CrmPersistenceTests.Test26_contact_messages_no_tiene_origin_node_ni_row_version	2026-10-08T23:03:51.4101530-05:00	00:00:00.0114620
Passed	Sillar.Modules.Crm.Tests.CrmPersistenceTests	Sillar.Modules.Crm.Tests.CrmPersistenceTests.Test27_contact_messages_set_updated_at_modifica_updated_at	2026-10-08T23:03:55.5026643-05:00	00:00:00.2694955
Passed	Sillar.Modules.Crm.Tests.CustomerAccountTokenServiceTests	Sillar.Modules.Crm.Tests.CustomerAccountTokenServiceTests.Invitacion_crea_cuenta_y_verifica_correo	2026-10-08T23:03:19.7913714-05:00	00:00:02.1534961
Passed	Sillar.Modules.Crm.Tests.CustomerAccountTokenServiceTests	Sillar.Modules.Crm.Tests.CustomerAccountTokenServiceTests.Recuperar_password_revoca_todas_las_sesiones	2026-10-08T23:03:13.5109214-05:00	00:00:04.7397149
Passed	Sillar.Modules.Crm.Tests.CustomerAccountTokenServiceTests	Sillar.Modules.Crm.Tests.CustomerAccountTokenServiceTests.Verificacion_guarda_hash_y_solo_el_ultimo_token_es_valido	2026-10-08T23:03:18.2526434-05:00	00:00:01.5378858
Passed	Sillar.Modules.Crm.Tests.CustomerAdminContractTests	Sillar.Modules.Crm.Tests.CustomerAdminContractTests.Respuestas_admin_no_exponen_secretos(type: typeof(Sillar.Modules.Crm.Dtos.AdminCustomerAccessResponse))	2026-10-08T23:03:08.5774149-05:00	00:00:00.0008438
Passed	Sillar.Modules.Crm.Tests.CustomerAdminContractTests	Sillar.Modules.Crm.Tests.CustomerAdminContractTests.Respuestas_admin_no_exponen_secretos(type: typeof(Sillar.Modules.Crm.Dtos.AdminCustomerAddressResponse))	2026-10-08T23:03:08.5790568-05:00	00:00:00.0001702
Passed	Sillar.Modules.Crm.Tests.CustomerAdminContractTests	Sillar.Modules.Crm.Tests.CustomerAdminContractTests.Respuestas_admin_no_exponen_secretos(type: typeof(Sillar.Modules.Crm.Dtos.AdminCustomerDetailResponse))	2026-10-08T23:03:08.5799256-05:00	00:00:00.0002224
Passed	Sillar.Modules.Crm.Tests.CustomerAdminContractTests	Sillar.Modules.Crm.Tests.CustomerAdminContractTests.Respuestas_admin_no_exponen_secretos(type: typeof(Sillar.Modules.Crm.Dtos.AdminCustomerInvitationResponse))	2026-10-08T23:03:08.5601885-05:00	00:00:00.0152881
Passed	Sillar.Modules.Crm.Tests.CustomerAdminContractTests	Sillar.Modules.Crm.Tests.CustomerAdminContractTests.Respuestas_admin_no_exponen_secretos(type: typeof(Sillar.Modules.Crm.Dtos.AdminCustomerListItemResponse))	2026-10-08T23:03:08.5809062-05:00	00:00:00.0001693
Passed	Sillar.Modules.Crm.Tests.CustomerAdminContractTests	Sillar.Modules.Crm.Tests.CustomerAdminContractTests.Solo_la_ficha_admin_puede_exponer_notas_internas	2026-10-08T23:03:08.5819868-05:00	00:00:00.0034606
Passed	Sillar.Modules.Crm.Tests.CustomerAdminServiceTests	Sillar.Modules.Crm.Tests.CustomerAdminServiceTests.Baja_revoca_sesiones_y_reactivar_no_las_resucita	2026-10-08T23:03:21.9478073-05:00	00:00:01.2776440
Passed	Sillar.Modules.Crm.Tests.CustomerAdminServiceTests	Sillar.Modules.Crm.Tests.CustomerAdminServiceTests.Crea_ficha_sin_cuenta_y_la_encuentra_por_busqueda	2026-10-08T23:03:24.0971219-05:00	00:00:01.2432449
Passed	Sillar.Modules.Crm.Tests.CustomerAdminServiceTests	Sillar.Modules.Crm.Tests.CustomerAdminServiceTests.Editar_correo_de_cuenta_verificada_la_deja_sin_verificar	2026-10-08T23:03:25.3422588-05:00	00:00:00.8438290
Passed	Sillar.Modules.Crm.Tests.CustomerAdminServiceTests	Sillar.Modules.Crm.Tests.CustomerAdminServiceTests.Invitacion_marca_estado_y_no_expone_el_token	2026-10-08T23:03:23.2274543-05:00	00:00:00.8691138
Passed	Sillar.Modules.Crm.Tests.CustomerAuthenticationServiceTests	Sillar.Modules.Crm.Tests.CustomerAuthenticationServiceTests.Cliente_inactivo_no_puede_abrir_sesion	2026-10-08T23:04:00.2029459-05:00	00:00:01.4368549
Passed	Sillar.Modules.Crm.Tests.CustomerAuthenticationServiceTests	Sillar.Modules.Crm.Tests.CustomerAuthenticationServiceTests.Correo_inexistente_y_password_incorrecto_tienen_mismo_resultado	2026-10-08T23:03:58.3651575-05:00	00:00:01.8373939
Passed	Sillar.Modules.Crm.Tests.CustomerAuthenticationServiceTests	Sillar.Modules.Crm.Tests.CustomerAuthenticationServiceTests.Login_correcto_crea_customer_session	2026-10-08T23:03:56.7695554-05:00	00:00:01.5950944
Passed	Sillar.Modules.Crm.Tests.CustomerIdentityReaderTests	Sillar.Modules.Crm.Tests.CustomerIdentityReaderTests.El_contrato_es_solo_lectura	2026-10-08T23:03:30.0271581-05:00	00:00:00.0012976
Passed	Sillar.Modules.Crm.Tests.CustomerIdentityReaderTests	Sillar.Modules.Crm.Tests.CustomerIdentityReaderTests.El_contrato_no_pide_direccion	2026-10-08T23:03:26.1882651-05:00	00:00:00.0120412
Passed	Sillar.Modules.Crm.Tests.CustomerIdentityReaderTests	Sillar.Modules.Crm.Tests.CustomerIdentityReaderTests.La_identidad_solo_lleva_id_nombre_correo_y_telefono	2026-10-08T23:03:30.0227179-05:00	00:00:00.0034844
Passed	Sillar.Modules.Crm.Tests.CustomerIdentityReaderTests	Sillar.Modules.Crm.Tests.CustomerIdentityReaderTests.Los_contratos_no_arrastran_la_implementacion_de_CRM_ni_EF	2026-10-08T23:03:28.5529565-05:00	00:00:00.0043147
Passed	Sillar.Modules.Crm.Tests.CustomerIdentityReaderTests	Sillar.Modules.Crm.Tests.CustomerIdentityReaderTests.No_expone_notas_internas	2026-10-08T23:03:29.3082473-05:00	00:00:00.7088215
Passed	Sillar.Modules.Crm.Tests.CustomerIdentityReaderTests	Sillar.Modules.Crm.Tests.CustomerIdentityReaderTests.Por_lotes_devuelve_solo_los_activos_existentes_una_vez_cada_uno	2026-10-08T23:03:28.5622426-05:00	00:00:00.7451559
Passed	Sillar.Modules.Crm.Tests.CustomerIdentityReaderTests	Sillar.Modules.Crm.Tests.CustomerIdentityReaderTests.Por_lotes_una_coleccion_vacia_devuelve_un_diccionario_vacio	2026-10-08T23:03:30.0176692-05:00	00:00:00.0045554
Passed	Sillar.Modules.Crm.Tests.CustomerIdentityReaderTests	Sillar.Modules.Crm.Tests.CustomerIdentityReaderTests.Un_cliente_activo_devuelve_nombre_correo_y_telefono	2026-10-08T23:03:27.3321979-05:00	00:00:00.6002252
Passed	Sillar.Modules.Crm.Tests.CustomerIdentityReaderTests	Sillar.Modules.Crm.Tests.CustomerIdentityReaderTests.Un_cliente_de_baja_o_bloqueado_devuelve_null(estado: "baja")	2026-10-08T23:03:26.7564416-05:00	00:00:00.5747041
Passed	Sillar.Modules.Crm.Tests.CustomerIdentityReaderTests	Sillar.Modules.Crm.Tests.CustomerIdentityReaderTests.Un_cliente_de_baja_o_bloqueado_devuelve_null(estado: "bloqueo")	2026-10-08T23:03:26.2041411-05:00	00:00:00.5518907
Passed	Sillar.Modules.Crm.Tests.CustomerIdentityReaderTests	Sillar.Modules.Crm.Tests.CustomerIdentityReaderTests.Un_cliente_inexistente_devuelve_null	2026-10-08T23:03:30.0292094-05:00	00:00:00.5144672
Passed	Sillar.Modules.Crm.Tests.CustomerIdentityReaderTests	Sillar.Modules.Crm.Tests.CustomerIdentityReaderTests.Una_ficha_sin_cuenta_tambien_tiene_identidad	2026-10-08T23:03:27.9330853-05:00	00:00:00.6190504
Passed	Sillar.Modules.Crm.Tests.CustomerIdentityTests	Sillar.Modules.Crm.Tests.CustomerIdentityTests.Cookie_csrf_de_cliente_es_legible_y_conserva_barreras	2026-10-08T23:03:08.3922464-05:00	00:00:00.0746105
Passed	Sillar.Modules.Crm.Tests.CustomerIdentityTests	Sillar.Modules.Crm.Tests.CustomerIdentityTests.Cookie_csrf_no_reemplaza_la_cookie_de_sesion	2026-10-08T23:03:08.5909212-05:00	00:00:00.0111889
Passed	Sillar.Modules.Crm.Tests.CustomerIdentityTests	Sillar.Modules.Crm.Tests.CustomerIdentityTests.Cookie_de_cliente_conserva_las_barreras_del_spec	2026-10-08T23:03:08.5253116-05:00	00:00:00.0083310
Passed	Sillar.Modules.Crm.Tests.CustomerIdentityTests	Sillar.Modules.Crm.Tests.CustomerIdentityTests.CurrentCustomer_ignora_claims_administrativos	2026-10-08T23:03:08.5348213-05:00	00:00:00.0199517
Passed	Sillar.Modules.Crm.Tests.CustomerIdentityTests	Sillar.Modules.Crm.Tests.CustomerIdentityTests.CurrentCustomer_lee_solo_claims_de_cliente	2026-10-08T23:03:08.5556741-05:00	00:00:00.0339836
Passed	Sillar.Modules.Crm.Tests.CustomerIdentityTests	Sillar.Modules.Crm.Tests.CustomerIdentityTests.Identidad_de_cliente_tiene_namespace_cookie_y_esquema_propios	2026-10-08T23:03:08.5239247-05:00	00:00:00.0004677
Passed	Sillar.Modules.Crm.Tests.CustomerLoginPolicyTests	Sillar.Modules.Crm.Tests.CustomerLoginPolicyTests.BCrypt_cliente_nunca_baja_de_factor_12	2026-10-08T23:03:08.5237847-05:00	00:00:00.0005374
Passed	Sillar.Modules.Crm.Tests.CustomerLoginPolicyTests	Sillar.Modules.Crm.Tests.CustomerLoginPolicyTests.Cuenta_no_se_bloquea_y_la_espera_crece	2026-10-08T23:03:08.5275262-05:00	00:00:00.0008955
Passed	Sillar.Modules.Crm.Tests.CustomerLoginPolicyTests	Sillar.Modules.Crm.Tests.CustomerLoginPolicyTests.Ip_tiene_un_margen_mucho_mas_generoso	2026-10-08T23:03:08.5250863-05:00	00:00:00.0015896
Passed	Sillar.Modules.Crm.Tests.CustomerLoginPolicyTests	Sillar.Modules.Crm.Tests.CustomerLoginPolicyTests.Sesion_cliente_tiene_politica_propia	2026-10-08T23:03:08.3922753-05:00	00:00:00.0751100
Passed	Sillar.Modules.Crm.Tests.CustomerPasswordExposureTests	Sillar.Modules.Crm.Tests.CustomerPasswordExposureTests.Criterio13_los_contratos_de_respuesta_no_exponen_password_ni_hash	2026-10-08T23:03:08.3922537-05:00	00:00:00.0905553
Passed	Sillar.Modules.Crm.Tests.CustomerProfileContractTests	Sillar.Modules.Crm.Tests.CustomerProfileContractTests.Contratos_publicos_no_exponen_campos_internos(type: typeof(Sillar.Modules.Crm.Contracts.CustomerIdentity))	2026-10-08T23:03:08.5183102-05:00	00:00:00.0001194
Passed	Sillar.Modules.Crm.Tests.CustomerProfileContractTests	Sillar.Modules.Crm.Tests.CustomerProfileContractTests.Contratos_publicos_no_exponen_campos_internos(type: typeof(Sillar.Modules.Crm.Contracts.CustomerOrderAddressSnapshot))	2026-10-08T23:03:08.5133846-05:00	00:00:00.0008313
Passed	Sillar.Modules.Crm.Tests.CustomerProfileContractTests	Sillar.Modules.Crm.Tests.CustomerProfileContractTests.Contratos_publicos_no_exponen_campos_internos(type: typeof(Sillar.Modules.Crm.Contracts.CustomerOrderContactSnapshot))	2026-10-08T23:03:08.3923095-05:00	00:00:00.0653797
Passed	Sillar.Modules.Crm.Tests.CustomerProfileContractTests	Sillar.Modules.Crm.Tests.CustomerProfileContractTests.Contratos_publicos_no_exponen_campos_internos(type: typeof(Sillar.Modules.Crm.Contracts.CustomerOrderSnapshot))	2026-10-08T23:03:08.5174861-05:00	00:00:00.0001509
Passed	Sillar.Modules.Crm.Tests.CustomerProfileContractTests	Sillar.Modules.Crm.Tests.CustomerProfileContractTests.Contratos_publicos_no_exponen_campos_internos(type: typeof(Sillar.Modules.Crm.Dtos.CustomerAddressResponse))	2026-10-08T23:03:08.5160631-05:00	00:00:00.0000649
Passed	Sillar.Modules.Crm.Tests.CustomerProfileContractTests	Sillar.Modules.Crm.Tests.CustomerProfileContractTests.Contratos_publicos_no_exponen_campos_internos(type: typeof(Sillar.Modules.Crm.Dtos.CustomerProfileResponse))	2026-10-08T23:03:08.5167960-05:00	00:00:00.0000674
Passed	Sillar.Modules.Crm.Tests.CustomerProfileServiceTests	Sillar.Modules.Crm.Tests.CustomerProfileServiceTests.Agrega_dos_direcciones_y_cambia_la_preferida	2026-10-08T23:03:43.9468555-05:00	00:00:00.4127189
Passed	Sillar.Modules.Crm.Tests.CustomerProfileServiceTests	Sillar.Modules.Crm.Tests.CustomerProfileServiceTests.Cambiar_correo_invalida_verificacion	2026-10-08T23:03:43.2108149-05:00	00:00:00.3690926
Passed	Sillar.Modules.Crm.Tests.CustomerProfileServiceTests	Sillar.Modules.Crm.Tests.CustomerProfileServiceTests.No_modifica_una_direccion_de_otro_cliente	2026-10-08T23:03:44.7456963-05:00	00:00:00.4236147
Passed	Sillar.Modules.Crm.Tests.CustomerProfileServiceTests	Sillar.Modules.Crm.Tests.CustomerProfileServiceTests.Perfil_no_expone_notas_internas	2026-10-08T23:03:44.3605606-05:00	00:00:00.3846999
Passed	Sillar.Modules.Crm.Tests.CustomerProfileServiceTests	Sillar.Modules.Crm.Tests.CustomerProfileServiceTests.Snapshot_para_M03_usa_solo_datos_publicables_del_cliente	2026-10-08T23:03:43.5803869-05:00	00:00:00.3658811
Passed	Sillar.Modules.Crm.Tests.CustomerRegistrationPolicyTests	Sillar.Modules.Crm.Tests.CustomerRegistrationPolicyTests.Password_comun_se_rechaza	2026-10-08T23:03:08.5304189-05:00	00:00:00.0003218
Passed	Sillar.Modules.Crm.Tests.CustomerRegistrationPolicyTests	Sillar.Modules.Crm.Tests.CustomerRegistrationPolicyTests.Password_con_identidad_se_rechaza	2026-10-08T23:03:08.5266039-05:00	00:00:00.0009112
Passed	Sillar.Modules.Crm.Tests.CustomerRegistrationPolicyTests	Sillar.Modules.Crm.Tests.CustomerRegistrationPolicyTests.Password_larga_sin_identidad_se_acepta	2026-10-08T23:03:08.3923134-05:00	00:00:00.0657193
Passed	Sillar.Modules.Crm.Tests.CustomerRegistrationPolicyTests	Sillar.Modules.Crm.Tests.CustomerRegistrationPolicyTests.Password_menor_de_12_se_rechaza	2026-10-08T23:03:08.5314542-05:00	00:00:00.0024357
Passed	Sillar.Modules.Crm.Tests.CustomerRegistrationServiceTests	Sillar.Modules.Crm.Tests.CustomerRegistrationServiceTests.Ficha_con_cuenta_no_reemplaza_la_password_existente	2026-10-08T23:03:39.0443765-05:00	00:00:02.4440869
Passed	Sillar.Modules.Crm.Tests.CustomerRegistrationServiceTests	Sillar.Modules.Crm.Tests.CustomerRegistrationServiceTests.Ficha_existente_sin_cuenta_se_enlaza_sin_duplicarla_ni_pisar_notas	2026-10-08T23:03:37.1270947-05:00	00:00:01.9163022
Passed	Sillar.Modules.Crm.Tests.CustomerRegistrationServiceTests	Sillar.Modules.Crm.Tests.CustomerRegistrationServiceTests.Registro_nuevo_crea_ficha_y_cuenta_no_verificada	2026-10-08T23:03:41.4894255-05:00	00:00:01.7192213
Passed	Sillar.Modules.Crm.Tests.CustomerSessionServiceTests	Sillar.Modules.Crm.Tests.CustomerSessionServiceTests.Abrir_sesion_guarda_solo_hashes_de_los_secretos	2026-10-08T23:03:56.5978555-05:00	00:00:00.1701423
Passed	Sillar.Modules.Crm.Tests.CustomerSessionServiceTests	Sillar.Modules.Crm.Tests.CustomerSessionServiceTests.Logout_revoca_la_fila_y_no_se_puede_rotar_csrf	2026-10-08T23:03:56.2071489-05:00	00:00:00.2185511
Passed	Sillar.Modules.Crm.Tests.CustomerSessionServiceTests	Sillar.Modules.Crm.Tests.CustomerSessionServiceTests.Rotar_csrf_invalida_el_token_anterior	2026-10-08T23:03:56.4263521-05:00	00:00:00.1710024
Passed	Sillar.Modules.Crm.Tests.CustomerSnapshotReaderTests	Sillar.Modules.Crm.Tests.CustomerSnapshotReaderTests.Cliente_de_baja_o_bloqueado_devuelve_null_en_las_dos_variantes(estado: "baja")	2026-10-08T23:03:32.8615815-05:00	00:00:00.4290231
Passed	Sillar.Modules.Crm.Tests.CustomerSnapshotReaderTests	Sillar.Modules.Crm.Tests.CustomerSnapshotReaderTests.Cliente_de_baja_o_bloqueado_devuelve_null_en_las_dos_variantes(estado: "bloqueo")	2026-10-08T23:03:32.4415293-05:00	00:00:00.4193151
Passed	Sillar.Modules.Crm.Tests.CustomerSnapshotReaderTests	Sillar.Modules.Crm.Tests.CustomerSnapshotReaderTests.Cliente_inexistente_devuelve_null_en_las_dos_variantes	2026-10-08T23:03:35.0412538-05:00	00:00:00.4191166
Passed	Sillar.Modules.Crm.Tests.CustomerSnapshotReaderTests	Sillar.Modules.Crm.Tests.CustomerSnapshotReaderTests.Con_direccion_ajena_devuelve_null	2026-10-08T23:03:31.6809586-05:00	00:00:00.7588212
Passed	Sillar.Modules.Crm.Tests.CustomerSnapshotReaderTests	Sillar.Modules.Crm.Tests.CustomerSnapshotReaderTests.Con_direccion_de_baja_devuelve_null	2026-10-08T23:03:33.2921743-05:00	00:00:00.4804044
Passed	Sillar.Modules.Crm.Tests.CustomerSnapshotReaderTests	Sillar.Modules.Crm.Tests.CustomerSnapshotReaderTests.Con_direccion_inexistente_devuelve_null_y_no_cae_en_la_variante_sin_direccion	2026-10-08T23:03:35.9815629-05:00	00:00:00.5122997
Passed	Sillar.Modules.Crm.Tests.CustomerSnapshotReaderTests	Sillar.Modules.Crm.Tests.CustomerSnapshotReaderTests.Con_direccion_valida_devuelve_cliente_y_direccion_como_en_1_0_0	2026-10-08T23:03:33.7742843-05:00	00:00:00.4405493
Passed	Sillar.Modules.Crm.Tests.CustomerSnapshotReaderTests	Sillar.Modules.Crm.Tests.CustomerSnapshotReaderTests.Ficha_sin_cuenta_devuelve_null_en_las_dos_variantes	2026-10-08T23:03:35.4619601-05:00	00:00:00.5186144
Passed	Sillar.Modules.Crm.Tests.CustomerSnapshotReaderTests	Sillar.Modules.Crm.Tests.CustomerSnapshotReaderTests.Las_instantaneas_no_se_pueden_modificar_despues_de_creadas(tipo: typeof(Sillar.Modules.Crm.Contracts.CustomerOrderAddressSnapshot))	2026-10-08T23:03:35.0350733-05:00	00:00:00.0007378
Passed	Sillar.Modules.Crm.Tests.CustomerSnapshotReaderTests	Sillar.Modules.Crm.Tests.CustomerSnapshotReaderTests.Las_instantaneas_no_se_pueden_modificar_despues_de_creadas(tipo: typeof(Sillar.Modules.Crm.Contracts.CustomerOrderContactSnapshot))	2026-10-08T23:03:35.0365308-05:00	00:00:00.0001754
Passed	Sillar.Modules.Crm.Tests.CustomerSnapshotReaderTests	Sillar.Modules.Crm.Tests.CustomerSnapshotReaderTests.Las_instantaneas_no_se_pueden_modificar_despues_de_creadas(tipo: typeof(Sillar.Modules.Crm.Contracts.CustomerOrderSnapshot))	2026-10-08T23:03:35.0325433-05:00	00:00:00.0014321
Passed	Sillar.Modules.Crm.Tests.CustomerSnapshotReaderTests	Sillar.Modules.Crm.Tests.CustomerSnapshotReaderTests.Sin_direccion_devuelve_los_datos_del_cliente_aunque_no_tenga_ninguna_direccion	2026-10-08T23:03:34.2164423-05:00	00:00:00.4108292
Passed	Sillar.Modules.Crm.Tests.CustomerSnapshotReaderTests	Sillar.Modules.Crm.Tests.CustomerSnapshotReaderTests.Sin_direccion_no_expone_ninguna_propiedad_de_direccion	2026-10-08T23:03:35.0293415-05:00	00:00:00.0018748
Passed	Sillar.Modules.Crm.Tests.CustomerSnapshotReaderTests	Sillar.Modules.Crm.Tests.CustomerSnapshotReaderTests.Sin_direccion_no_filtra_notas_internas	2026-10-08T23:03:30.6015794-05:00	00:00:01.0745342
Passed	Sillar.Modules.Crm.Tests.CustomerSnapshotReaderTests	Sillar.Modules.Crm.Tests.CustomerSnapshotReaderTests.Sin_direccion_refleja_correo_sin_verificar	2026-10-08T23:03:34.6286621-05:00	00:00:00.3993450
Passed	Sillar.Modules.Crm.Tests.CustomerSnapshotReaderTests	Sillar.Modules.Crm.Tests.CustomerSnapshotReaderTests.Un_cambio_posterior_del_perfil_no_altera_la_instantanea_ya_tomada	2026-10-08T23:03:36.4948133-05:00	00:00:00.6302489
Passed	Sillar.Modules.Crm.Tests.CustomerTokenPolicyTests	Sillar.Modules.Crm.Tests.CustomerTokenPolicyTests.Invitacion_caduca	2026-10-08T23:03:08.5346192-05:00	00:00:00.0018786
Passed	Sillar.Modules.Crm.Tests.CustomerTokenPolicyTests	Sillar.Modules.Crm.Tests.CustomerTokenPolicyTests.Propósitos_coinciden_con_el_schema	2026-10-08T23:03:08.3922590-05:00	00:00:00.0618556
Passed	Sillar.Modules.Crm.Tests.CustomerTokenPolicyTests	Sillar.Modules.Crm.Tests.CustomerTokenPolicyTests.Recuperacion_es_corta	2026-10-08T23:03:08.5421031-05:00	00:00:00.0018098
Passed	Sillar.Modules.Crm.Tests.CustomerTokenPolicyTests	Sillar.Modules.Crm.Tests.CustomerTokenPolicyTests.Verificacion_caduca	2026-10-08T23:03:08.5253038-05:00	00:00:00.0052783
Passed	Sillar.Modules.Sales.Tests.AtribucionDelPersonalTests	Sillar.Modules.Sales.Tests.AtribucionDelPersonalTests.El_nodo_de_la_cuenta_no_se_deriva_del_nodo_de_la_actuacion	2026-10-08T23:06:14.7988129-05:00	00:00:00.0011555
Passed	Sillar.Modules.Sales.Tests.AtribucionDelPersonalTests	Sillar.Modules.Sales.Tests.AtribucionDelPersonalTests.El_nodo_de_la_cuenta_puede_ser_distinto_del_nodo_de_la_actuacion	2026-10-08T23:06:14.8163048-05:00	00:00:00.0016257
Passed	Sillar.Modules.Sales.Tests.AtribucionDelPersonalTests	Sillar.Modules.Sales.Tests.AtribucionDelPersonalTests.El_pedido_no_interviene_en_la_interpretacion_de_la_atribucion	2026-10-08T23:06:14.8146170-05:00	00:00:00.0008849
Passed	Sillar.Modules.Sales.Tests.AtribucionDelPersonalTests	Sillar.Modules.Sales.Tests.AtribucionDelPersonalTests.La_atribucion_de_un_cambio_se_resuelve_sin_leer_el_pedido	2026-10-08T23:06:14.7968639-05:00	00:00:00.0013255
Passed	Sillar.Modules.Sales.Tests.AtribucionDelPersonalTests	Sillar.Modules.Sales.Tests.AtribucionDelPersonalTests.La_cabecera_del_pedido_no_atribuye_a_ningun_trabajador	2026-10-08T23:06:14.8702139-05:00	00:00:00.0012445
Passed	Sillar.Modules.Sales.Tests.AtribucionDelPersonalTests	Sillar.Modules.Sales.Tests.AtribucionDelPersonalTests.La_migracion_no_declara_ninguna_clave_foranea_hacia_core_admin_users	2026-10-08T23:06:14.8018155-05:00	00:00:00.0119907
Passed	Sillar.Modules.Sales.Tests.AtribucionDelPersonalTests	Sillar.Modules.Sales.Tests.AtribucionDelPersonalTests.La_migracion_solo_referencia_dos_schemas_ajenos_y_ninguno_es_core	2026-10-08T23:06:14.8765589-05:00	00:00:00.0048391
Passed	Sillar.Modules.Sales.Tests.AtribucionDelPersonalTests	Sillar.Modules.Sales.Tests.AtribucionDelPersonalTests.La_tabla_orders_de_la_migracion_no_tiene_columna_de_atribucion	2026-10-08T23:06:14.8606030-05:00	00:00:00.0011202
Passed	Sillar.Modules.Sales.Tests.AtribucionDelPersonalTests	Sillar.Modules.Sales.Tests.AtribucionDelPersonalTests.Ningun_CHECK_exige_que_los_dos_nodos_coincidan	2026-10-08T23:06:14.8209114-05:00	00:00:00.0376716
Passed	Sillar.Modules.Sales.Tests.AtribucionDelPersonalTests	Sillar.Modules.Sales.Tests.AtribucionDelPersonalTests.Ninguna_de_las_seis_atribuciones_parciales_se_acepta	2026-10-08T23:06:14.7945250-05:00	00:00:00.0016950
Passed	Sillar.Modules.Sales.Tests.AtribucionDelPersonalTests	Sillar.Modules.Sales.Tests.AtribucionDelPersonalTests.Un_cambio_automatico_leido_desde_la_entidad_no_atribuye_a_nadie	2026-10-08T23:06:14.6953469-05:00	00:00:00.0446639
Passed	Sillar.Modules.Sales.Tests.AtribucionDelPersonalTests	Sillar.Modules.Sales.Tests.AtribucionDelPersonalTests.Un_cambio_automatico_lleva_los_tres_datos_nulos_y_no_atribuye_a_nadie	2026-10-08T23:06:14.8833978-05:00	00:00:00.0008462
Passed	Sillar.Modules.Sales.Tests.AtribucionDelPersonalTests	Sillar.Modules.Sales.Tests.AtribucionDelPersonalTests.Un_cambio_humano_lleva_los_tres_datos_presentes	2026-10-08T23:06:14.8726822-05:00	00:00:00.0014101
Passed	Sillar.Modules.Sales.Tests.AtribucionDelPersonalTests	Sillar.Modules.Sales.Tests.AtribucionDelPersonalTests.Un_identificador_local_cero_o_negativo_no_se_acepta	2026-10-08T23:06:14.8188309-05:00	00:00:00.0011350
Passed	Sillar.Modules.Sales.Tests.AtribucionDelPersonalTests	Sillar.Modules.Sales.Tests.AtribucionDelPersonalTests.Un_pago_humano_exige_los_tres_datos	2026-10-08T23:06:14.8005840-05:00	00:00:00.0005619
Passed	Sillar.Modules.Sales.Tests.AtribucionDelPersonalTests	Sillar.Modules.Sales.Tests.AtribucionDelPersonalTests.Un_pago_sin_identificador_local_no_se_registra	2026-10-08T23:06:14.8635387-05:00	00:00:00.0010120
Passed	Sillar.Modules.Sales.Tests.AtribucionDelPersonalTests	Sillar.Modules.Sales.Tests.AtribucionDelPersonalTests.Un_pago_sin_nodo_de_la_cuenta_no_se_registra	2026-10-08T23:06:14.7853055-05:00	00:00:00.0082090
Passed	Sillar.Modules.Sales.Tests.AtribucionDelPersonalTests	Sillar.Modules.Sales.Tests.AtribucionDelPersonalTests.Un_pago_sin_nombre_no_se_registra	2026-10-08T23:06:14.8661464-05:00	00:00:00.0018640
Passed	Sillar.Modules.Sales.Tests.CodigoVisibleTests	Sillar.Modules.Sales.Tests.CodigoVisibleTests.Dos_anios_distintos_dan_codigos_distintos_con_el_mismo_correlativo	2026-10-08T23:06:14.8011151-05:00	00:00:00.0001866
Passed	Sillar.Modules.Sales.Tests.CodigoVisibleTests	Sillar.Modules.Sales.Tests.CodigoVisibleTests.Dos_nodos_distintos_dan_codigos_distintos_con_la_misma_serie	2026-10-08T23:06:14.6953326-05:00	00:00:00.0554279
Passed	Sillar.Modules.Sales.Tests.CodigoVisibleTests	Sillar.Modules.Sales.Tests.CodigoVisibleTests.El_codigo_visible_de_un_pedido_tiene_la_forma_P_2026_0147	2026-10-08T23:06:14.7970799-05:00	00:00:00.0001942
Passed	Sillar.Modules.Sales.Tests.CodigoVisibleTests	Sillar.Modules.Sales.Tests.CodigoVisibleTests.El_correlativo_se_rellena_hasta_cuatro_digitos	2026-10-08T23:06:14.7865782-05:00	00:00:00.0050314
Passed	Sillar.Modules.Sales.Tests.CodigoVisibleTests	Sillar.Modules.Sales.Tests.CodigoVisibleTests.El_mensaje_de_la_etiqueta_ausente_dice_que_no_hay_valor_por_defecto	2026-10-08T23:06:14.7923250-05:00	00:00:00.0014428
Passed	Sillar.Modules.Sales.Tests.CodigoVisibleTests	Sillar.Modules.Sales.Tests.CodigoVisibleTests.La_etiqueta_del_nodo_va_delante_del_anio	2026-10-08T23:06:14.7995760-05:00	00:00:00.0007491
Passed	Sillar.Modules.Sales.Tests.CodigoVisibleTests	Sillar.Modules.Sales.Tests.CodigoVisibleTests.La_etiqueta_se_recorta_pero_no_se_transforma	2026-10-08T23:06:14.7844703-05:00	00:00:00.0005264
Passed	Sillar.Modules.Sales.Tests.CodigoVisibleTests	Sillar.Modules.Sales.Tests.CodigoVisibleTests.Sin_etiqueta_de_nodo_no_se_compone_ningun_codigo	2026-10-08T23:06:14.7954361-05:00	00:00:00.0008908
Passed	Sillar.Modules.Sales.Tests.CodigoVisibleTests	Sillar.Modules.Sales.Tests.CodigoVisibleTests.Un_correlativo_de_cinco_cifras_no_se_recorta	2026-10-08T23:06:14.7945109-05:00	00:00:00.0002922
Passed	Sillar.Modules.Sales.Tests.CodigoVisibleTests	Sillar.Modules.Sales.Tests.CodigoVisibleTests.Un_correlativo_menor_que_uno_no_se_acepta	2026-10-08T23:06:14.7981885-05:00	00:00:00.0007831
Passed	Sillar.Modules.Sales.Tests.CongelarClienteTests	Sillar.Modules.Sales.Tests.CongelarClienteTests.Congelar_copia_los_seis_campos_al_pedido	2026-10-08T23:06:14.7882821-05:00	00:00:00.0039220
Passed	Sillar.Modules.Sales.Tests.CongelarClienteTests	Sillar.Modules.Sales.Tests.CongelarClienteTests.El_pedido_no_recibe_ninguna_direccion	2026-10-08T23:06:14.7983138-05:00	00:00:00.0029918
Passed	Sillar.Modules.Sales.Tests.CongelarClienteTests	Sillar.Modules.Sales.Tests.CongelarClienteTests.Los_motivos_de_rechazo_no_nombran_ninguna_causa_que_M04_no_garantice	2026-10-08T23:06:14.7951896-05:00	00:00:00.0012537
Passed	Sillar.Modules.Sales.Tests.CongelarClienteTests	Sillar.Modules.Sales.Tests.CongelarClienteTests.Se_usa_la_sobrecarga_SIN_direccion	2026-10-08T23:06:14.7857820-05:00	00:00:00.0015345
Passed	Sillar.Modules.Sales.Tests.CongelarClienteTests	Sillar.Modules.Sales.Tests.CongelarClienteTests.Si_M04_devuelve_null_no_se_inventa_la_causa	2026-10-08T23:06:14.7931450-05:00	00:00:00.0013735
Passed	Sillar.Modules.Sales.Tests.CongelarClienteTests	Sillar.Modules.Sales.Tests.CongelarClienteTests.Un_cliente_verificado_se_congela_con_sus_seis_datos	2026-10-08T23:06:14.6953147-05:00	00:00:00.0649166
Passed	Sillar.Modules.Sales.Tests.CongelarClienteTests	Sillar.Modules.Sales.Tests.CongelarClienteTests.Un_correo_sin_verificar_no_compra	2026-10-08T23:06:14.7969917-05:00	00:00:00.0009271
Passed	Sillar.Modules.Sales.Tests.CrearPedidoPersistenciaTests	Sillar.Modules.Sales.Tests.CrearPedidoPersistenciaTests.El_precio_de_la_linea_lo_pone_M01_y_no_quien_llama	2026-10-08T23:06:18.1052836-05:00	00:00:00.1802258
Passed	Sillar.Modules.Sales.Tests.CrearPedidoPersistenciaTests	Sillar.Modules.Sales.Tests.CrearPedidoPersistenciaTests.El_rollback_de_la_transaccion_exterior_devuelve_el_numero	2026-10-08T23:06:18.3712790-05:00	00:00:00.0640471
Passed	Sillar.Modules.Sales.Tests.CrearPedidoPersistenciaTests	Sillar.Modules.Sales.Tests.CrearPedidoPersistenciaTests.El_snapshot_sigue_congelado_cuando_M01_cambia_despues	2026-10-08T23:06:18.3355846-05:00	00:00:00.0275361
Passed	Sillar.Modules.Sales.Tests.CrearPedidoPersistenciaTests	Sillar.Modules.Sales.Tests.CrearPedidoPersistenciaTests.Se_pregunta_por_la_vendibilidad_antes_de_tomar_el_precio	2026-10-08T23:06:18.2890048-05:00	00:00:00.0101695
Passed	Sillar.Modules.Sales.Tests.CrearPedidoPersistenciaTests	Sillar.Modules.Sales.Tests.CrearPedidoPersistenciaTests.Un_carrito_vacio_no_entra_en_confirmacion	2026-10-08T23:06:18.4361402-05:00	00:00:00.0038609
Passed	Sillar.Modules.Sales.Tests.CrearPedidoPersistenciaTests	Sillar.Modules.Sales.Tests.CrearPedidoPersistenciaTests.Un_correo_sin_verificar_no_llega_a_preguntar_por_el_catalogo	2026-10-08T23:06:18.5109770-05:00	00:00:00.0050676
Passed	Sillar.Modules.Sales.Tests.CrearPedidoPersistenciaTests	Sillar.Modules.Sales.Tests.CrearPedidoPersistenciaTests.Un_item_inexistente_o_inactivo_no_produce_pedido	2026-10-08T23:06:18.4410128-05:00	00:00:00.0133438
Passed	Sillar.Modules.Sales.Tests.CrearPedidoPersistenciaTests	Sillar.Modules.Sales.Tests.CrearPedidoPersistenciaTests.Un_pedido_que_no_llega_a_crearse_no_consume_numero	2026-10-08T23:06:18.5027813-05:00	00:00:00.0071666
Passed	Sillar.Modules.Sales.Tests.CrearPedidoPersistenciaTests	Sillar.Modules.Sales.Tests.CrearPedidoPersistenciaTests.Un_pedido_se_crea_con_el_precio_de_M01_y_su_snapshot_congelado	2026-10-08T23:06:18.4552888-05:00	00:00:00.0462816
Passed	Sillar.Modules.Sales.Tests.CrearPedidoPersistenciaTests	Sillar.Modules.Sales.Tests.CrearPedidoPersistenciaTests.Un_precio_null_no_entra_al_pedido_y_un_precio_cero_si	2026-10-08T23:06:18.3004202-05:00	00:00:00.0341140
Passed	Sillar.Modules.Sales.Tests.CrearPedidoPersistenciaTests	Sillar.Modules.Sales.Tests.CrearPedidoPersistenciaTests.Una_cantidad_no_positiva_no_produce_pedido	2026-10-08T23:06:18.3640687-05:00	00:00:00.0062550
Passed	Sillar.Modules.Sales.Tests.EstadosYPagoTests	Sillar.Modules.Sales.Tests.EstadosYPagoTests.La_secuencia_principal_tiene_cinco_estados_en_orden	2026-10-08T23:06:14.7914219-05:00	00:00:00.0024354
Passed	Sillar.Modules.Sales.Tests.EstadosYPagoTests	Sillar.Modules.Sales.Tests.EstadosYPagoTests.Los_estados_se_guardan_en_ingles_tecnico_y_no_en_espaniol	2026-10-08T23:06:14.7993313-05:00	00:00:00.0213713
Passed	Sillar.Modules.Sales.Tests.EstadosYPagoTests	Sillar.Modules.Sales.Tests.EstadosYPagoTests.Los_estados_visibles_son_exactamente_siete	2026-10-08T23:06:14.6953438-05:00	00:00:00.0462454
Passed	Sillar.Modules.Sales.Tests.EstadosYPagoTests	Sillar.Modules.Sales.Tests.EstadosYPagoTests.Los_siete_estados_son_los_ratificados_el_26_de_septiembre	2026-10-08T23:06:14.7867905-05:00	00:00:00.0030576
Passed	Sillar.Modules.Sales.Tests.EstadosYPagoTests	Sillar.Modules.Sales.Tests.EstadosYPagoTests.Ningun_estado_esta_repetido	2026-10-08T23:06:14.7945109-05:00	00:00:00.0008826
Passed	Sillar.Modules.Sales.Tests.EstadosYPagoTests	Sillar.Modules.Sales.Tests.EstadosYPagoTests.Vencido_no_es_lo_mismo_que_cancelado	2026-10-08T23:06:14.7905367-05:00	00:00:00.0002115
Passed	Sillar.Modules.Sales.Tests.EstadosYPagoTests	Sillar.Modules.Sales.Tests.EstadosYPagoTests.Vencido_y_cancelado_estan_fuera_de_la_secuencia_principal	2026-10-08T23:06:14.7961872-05:00	00:00:00.0026276
Passed	Sillar.Modules.Sales.Tests.MediosDePagoTests	Sillar.Modules.Sales.Tests.MediosDePagoTests.Cualquier_otro_medio_queda_fuera	2026-10-08T23:06:14.8158789-05:00	00:00:00.0004016
Passed	Sillar.Modules.Sales.Tests.MediosDePagoTests	Sillar.Modules.Sales.Tests.MediosDePagoTests.El_efectivo_es_un_medio_valido	2026-10-08T23:06:14.6952896-05:00	00:00:00.0574509
Passed	Sillar.Modules.Sales.Tests.MediosDePagoTests	Sillar.Modules.Sales.Tests.MediosDePagoTests.La_tarjeta_no_se_admite_en_M03_v1	2026-10-08T23:06:14.8146214-05:00	00:00:00.0002793
Passed	Sillar.Modules.Sales.Tests.MediosDePagoTests	Sillar.Modules.Sales.Tests.MediosDePagoTests.Los_valores_van_en_minusculas_y_sin_espacios	2026-10-08T23:06:14.7858140-05:00	00:00:00.0240630
Passed	Sillar.Modules.Sales.Tests.MediosDePagoTests	Sillar.Modules.Sales.Tests.MediosDePagoTests.V1_admite_yape_y_efectivo	2026-10-08T23:06:14.8108570-05:00	00:00:00.0028958
Passed	Sillar.Modules.Sales.Tests.MediosDePagoTests	Sillar.Modules.Sales.Tests.MediosDePagoTests.Yape_es_un_medio_valido	2026-10-08T23:06:14.7845878-05:00	00:00:00.0005213
Passed	Sillar.Modules.Sales.Tests.NumeracionTests	Sillar.Modules.Sales.Tests.NumeracionTests.El_anio_de_la_serie_es_el_de_Lima_y_no_el_de_UTC	2026-10-08T23:06:16.6119340-05:00	00:00:00.0009779
Passed	Sillar.Modules.Sales.Tests.NumeracionTests	Sillar.Modules.Sales.Tests.NumeracionTests.El_codigo_de_esa_tarde_se_compone_con_el_anio_de_Lima	2026-10-08T23:06:16.4386029-05:00	00:00:00.0015264
Passed	Sillar.Modules.Sales.Tests.NumeracionTests	Sillar.Modules.Sales.Tests.NumeracionTests.El_mediodia_de_Lima_y_el_de_UTC_dan_el_mismo_anio	2026-10-08T23:06:16.4521066-05:00	00:00:00.0003325
Passed	Sillar.Modules.Sales.Tests.NumeracionTests	Sillar.Modules.Sales.Tests.NumeracionTests.Fuera_de_una_transaccion_el_numerador_se_niega_a_numerar	2026-10-08T23:06:16.4544615-05:00	00:00:00.1552902
Passed	Sillar.Modules.Sales.Tests.NumeracionTests	Sillar.Modules.Sales.Tests.NumeracionTests.La_guarda_de_transaccion_actua_antes_de_mirar_la_configuracion	2026-10-08T23:06:14.6953231-05:00	00:00:01.7272447
Passed	Sillar.Modules.Sales.Tests.NumeracionTests	Sillar.Modules.Sales.Tests.NumeracionTests.La_zona_del_negocio_se_resuelve_en_esta_maquina	2026-10-08T23:06:16.4511610-05:00	00:00:00.0002408
Passed	Sillar.Modules.Sales.Tests.NumeracionTests	Sillar.Modules.Sales.Tests.NumeracionTests.Un_pedido_de_la_tarde_del_31_de_diciembre_conserva_su_anio	2026-10-08T23:06:16.4531339-05:00	00:00:00.0004047
Passed	Sillar.Modules.Sales.Tests.PedidosPropiosPersistenciaTests	Sillar.Modules.Sales.Tests.PedidosPropiosPersistenciaTests.El_contrato_publico_acota_el_limite_en_vez_de_obedecerlo	2026-10-08T23:06:17.8055832-05:00	00:00:00.0262971
Passed	Sillar.Modules.Sales.Tests.PedidosPropiosPersistenciaTests	Sillar.Modules.Sales.Tests.PedidosPropiosPersistenciaTests.El_historial_no_devuelve_pedidos_dados_de_baja	2026-10-08T23:06:17.8325941-05:00	00:00:00.0101911
Passed	Sillar.Modules.Sales.Tests.PedidosPropiosPersistenciaTests	Sillar.Modules.Sales.Tests.PedidosPropiosPersistenciaTests.El_historial_va_del_mas_reciente_al_mas_antiguo	2026-10-08T23:06:17.7570795-05:00	00:00:00.0276704
Passed	Sillar.Modules.Sales.Tests.PedidosPropiosPersistenciaTests	Sillar.Modules.Sales.Tests.PedidosPropiosPersistenciaTests.El_pedido_de_otro_cliente_no_existe_para_la_consulta_filtrada	2026-10-08T23:06:15.4684866-05:00	00:00:02.0969039
Passed	Sillar.Modules.Sales.Tests.PedidosPropiosPersistenciaTests	Sillar.Modules.Sales.Tests.PedidosPropiosPersistenciaTests.El_resumen_cuenta_las_lineas_sin_traerlas	2026-10-08T23:06:17.5739227-05:00	00:00:00.1818197
Passed	Sillar.Modules.Sales.Tests.PedidosPropiosPersistenciaTests	Sillar.Modules.Sales.Tests.PedidosPropiosPersistenciaTests.Un_cliente_sin_pedidos_recibe_una_lista_vacia_y_no_un_error	2026-10-08T23:06:17.7857266-05:00	00:00:00.0190109
Passed	Sillar.Modules.Sales.Tests.PedidosPropiosPersistenciaTests	Sillar.Modules.Sales.Tests.PedidosPropiosPersistenciaTests.Un_cliente_solo_ve_sus_propios_pedidos	2026-10-08T23:06:17.8434538-05:00	00:00:00.0267291
Passed	Sillar.Modules.Sales.Tests.PeticionDePedidoTests	Sillar.Modules.Sales.Tests.PeticionDePedidoTests.La_peticion_no_lleva_cliente_ni_direccion	2026-10-08T23:06:14.7846838-05:00	00:00:00.0071007
Passed	Sillar.Modules.Sales.Tests.PeticionDePedidoTests	Sillar.Modules.Sales.Tests.PeticionDePedidoTests.La_peticion_no_tiene_donde_poner_un_precio_ni_un_total	2026-10-08T23:06:14.7923241-05:00	00:00:00.0066977
Passed	Sillar.Modules.Sales.Tests.PeticionDePedidoTests	Sillar.Modules.Sales.Tests.PeticionDePedidoTests.Los_motivos_de_no_creacion_distinguen_a_consultar_de_no_vendible	2026-10-08T23:06:14.6952853-05:00	00:00:00.0563364
Passed	Sillar.Modules.Sales.Tests.PeticionDePedidoTests	Sillar.Modules.Sales.Tests.PeticionDePedidoTests.Una_linea_pedida_solo_lleva_variante_y_cantidad	2026-10-08T23:06:14.7995761-05:00	00:00:00.0228719
Passed	Sillar.Modules.Sales.Tests.TransicionesTests	Sillar.Modules.Sales.Tests.TransicionesTests.El_cliente_no_cancela_directamente	2026-10-08T23:06:14.7856246-05:00	00:00:00.0017587
Passed	Sillar.Modules.Sales.Tests.TransicionesTests	Sillar.Modules.Sales.Tests.TransicionesTests.El_vencimiento_automatico_nunca_conduce_a_cancelado	2026-10-08T23:06:14.7994225-05:00	00:00:00.0002990
Passed	Sillar.Modules.Sales.Tests.TransicionesTests	Sillar.Modules.Sales.Tests.TransicionesTests.Ninguna_transicion_permitida_sale_de_los_siete_estados	2026-10-08T23:06:14.6952851-05:00	00:00:00.0563091
Passed	Sillar.Modules.Sales.Tests.TransicionesTests	Sillar.Modules.Sales.Tests.TransicionesTests.Solo_vence_un_pedido_pendiente_de_pago	2026-10-08T23:06:14.7922918-05:00	00:00:00.0024939
Passed	Sillar.Modules.Sales.Tests.TransicionesTests	Sillar.Modules.Sales.Tests.TransicionesTests.Un_pago_no_lo_registra_el_sistema	2026-10-08T23:06:14.8023845-05:00	00:00:00.0002543
Passed	Sillar.Modules.Sales.Tests.TransicionesTests	Sillar.Modules.Sales.Tests.TransicionesTests.Un_pago_sin_mercancia_no_inventa_ningun_octavo_estado	2026-10-08T23:06:14.7984600-05:00	00:00:00.0003143
Passed	Sillar.Modules.Sales.Tests.TransicionesTests	Sillar.Modules.Sales.Tests.TransicionesTests.Un_pago_tardio_con_mercancia_lleva_el_pedido_de_Vencido_a_Preparando	2026-10-08T23:06:14.7965187-05:00	00:00:00.0012925
Passed	Sillar.Modules.Sales.Tests.TransicionesTests	Sillar.Modules.Sales.Tests.TransicionesTests.Un_pago_tardio_no_pasa_por_Pago_por_verificar	2026-10-08T23:06:14.7901953-05:00	00:00:00.0002700
Passed	Sillar.Modules.Sales.Tests.TransicionesTests	Sillar.Modules.Sales.Tests.TransicionesTests.Un_pago_tardio_sin_mercancia_se_registra_y_deja_pendiente_operativo	2026-10-08T23:06:14.7911964-05:00	00:00:00.0003959
Passed	Sillar.Modules.Sales.Tests.TransicionesTests	Sillar.Modules.Sales.Tests.TransicionesTests.Un_pedido_entregado_no_se_puede_cancelar	2026-10-08T23:06:14.8014573-05:00	00:00:00.0002882
Passed	Sillar.Modules.Sales.Tests.TransicionesTests	Sillar.Modules.Sales.Tests.TransicionesTests.Un_pedido_vencido_si_se_puede_cancelar_con_motivo	2026-10-08T23:06:14.8004700-05:00	00:00:00.0002871
Passed	Sillar.Modules.Sales.Tests.TransicionesTests	Sillar.Modules.Sales.Tests.TransicionesTests.Una_cancelacion_del_personal_con_motivo_si_se_permite	2026-10-08T23:06:14.7885848-05:00	00:00:00.0004332
Passed	Sillar.Modules.Sales.Tests.TransicionesTests	Sillar.Modules.Sales.Tests.TransicionesTests.Una_cancelacion_sin_motivo_no_se_permite	2026-10-08T23:06:14.7954329-05:00	00:00:00.0003691
Passed	Sillar.Modules.Sales.Tests.VencimientoPersistenciaTests	Sillar.Modules.Sales.Tests.VencimientoPersistenciaTests.Correr_el_vencimiento_dos_veces_no_duplica_asientos	2026-10-08T23:06:17.8764646-05:00	00:00:00.1028000
Passed	Sillar.Modules.Sales.Tests.VencimientoPersistenciaTests	Sillar.Modules.Sales.Tests.VencimientoPersistenciaTests.El_asiento_del_vencimiento_deja_los_TRES_datos_de_atribucion_en_NULL	2026-10-08T23:06:18.0680793-05:00	00:00:00.0329095
Passed	Sillar.Modules.Sales.Tests.VencimientoPersistenciaTests	Sillar.Modules.Sales.Tests.VencimientoPersistenciaTests.Solo_vence_lo_que_estaba_pendiente_de_pago	2026-10-08T23:06:18.0555123-05:00	00:00:00.0113823
Passed	Sillar.Modules.Sales.Tests.VencimientoPersistenciaTests	Sillar.Modules.Sales.Tests.VencimientoPersistenciaTests.Un_plazo_cumplido_pasa_el_pedido_a_Vencido	2026-10-08T23:06:18.0242586-05:00	00:00:00.0302448
Passed	Sillar.Modules.Sales.Tests.VencimientoPersistenciaTests	Sillar.Modules.Sales.Tests.VencimientoPersistenciaTests.Un_plazo_que_no_ha_llegado_no_vence	2026-10-08T23:06:17.9807020-05:00	00:00:00.0125642
Passed	Sillar.Modules.Sales.Tests.VencimientoPersistenciaTests	Sillar.Modules.Sales.Tests.VencimientoPersistenciaTests.Vencer_no_cancela_y_no_libera_nada	2026-10-08T23:06:17.9947301-05:00	00:00:00.0284099
Passed	Sillar.Modules.ServiceOrders.Tests.AggregateVersionPostgresTests	Sillar.Modules.ServiceOrders.Tests.AggregateVersionPostgresTests.Child_only_edit_advances_parent_updated_at_and_row_version	2026-10-08T23:06:42.4747161-05:00	00:00:04.0115427
Passed	Sillar.Modules.ServiceOrders.Tests.AggregateVersionPostgresTests	Sillar.Modules.ServiceOrders.Tests.AggregateVersionPostgresTests.Pure_reorder_advances_parent_updated_at	2026-10-08T23:06:46.4874350-05:00	00:00:04.4578084
Passed	Sillar.Modules.ServiceOrders.Tests.AggregateVersionPostgresTests	Sillar.Modules.ServiceOrders.Tests.AggregateVersionPostgresTests.Stale_parent_token_is_rejected_after_child_only_edit	2026-10-08T23:06:38.5836383-05:00	00:00:03.8902276
Passed	Sillar.Modules.ServiceOrders.Tests.AggregateVersionPostgresTests	Sillar.Modules.ServiceOrders.Tests.AggregateVersionPostgresTests.Tracking_source_observes_new_updated_at_after_child_only_edit	2026-10-08T23:06:29.5590201-05:00	00:00:09.0043548
Passed	Sillar.Modules.ServiceOrders.Tests.ApplicationBehaviorPostgresTests	Sillar.Modules.ServiceOrders.Tests.ApplicationBehaviorPostgresTests.Cancellation_is_forbidden_to_editor_inside_authoritative_operation	2026-10-08T23:06:29.7003700-05:00	00:00:08.8821321
Passed	Sillar.Modules.ServiceOrders.Tests.ApplicationBehaviorPostgresTests	Sillar.Modules.ServiceOrders.Tests.ApplicationBehaviorPostgresTests.Crm_snapshot_is_optional_and_frozen_when_used	2026-10-08T23:06:42.5027980-05:00	00:00:03.9834257
Passed	Sillar.Modules.ServiceOrders.Tests.ApplicationBehaviorPostgresTests	Sillar.Modules.ServiceOrders.Tests.ApplicationBehaviorPostgresTests.Editing_keeps_existing_snapshot_and_only_snapshots_new_lines	2026-10-08T23:06:38.5836453-05:00	00:00:03.9181256
Passed	Sillar.Modules.ServiceOrders.Tests.ApplicationBehaviorPostgresTests	Sillar.Modules.ServiceOrders.Tests.ApplicationBehaviorPostgresTests.Inserting_new_line_first_shifts_persisted_lines_without_sort_collision	2026-10-08T23:06:46.4872787-05:00	00:00:04.3510460
Passed	Sillar.Modules.ServiceOrders.Tests.ApplicationBehaviorPostgresTests	Sillar.Modules.ServiceOrders.Tests.ApplicationBehaviorPostgresTests.Persisted_line_omission_is_rejected_without_deleting_or_mutating_lines	2026-10-08T23:06:56.0553276-05:00	00:00:01.4186410
Passed	Sillar.Modules.ServiceOrders.Tests.ApplicationBehaviorPostgresTests	Sillar.Modules.ServiceOrders.Tests.ApplicationBehaviorPostgresTests.Ready_requires_reopen_to_in_progress_before_content_edit	2026-10-08T23:06:50.8396033-05:00	00:00:03.2350940
Passed	Sillar.Modules.ServiceOrders.Tests.ApplicationBehaviorPostgresTests	Sillar.Modules.ServiceOrders.Tests.ApplicationBehaviorPostgresTests.Reordering_two_persisted_lines_preserves_both_without_sort_collision	2026-10-08T23:06:57.4750236-05:00	00:00:01.5372688
Passed	Sillar.Modules.ServiceOrders.Tests.ApplicationBehaviorPostgresTests	Sillar.Modules.ServiceOrders.Tests.ApplicationBehaviorPostgresTests.Take_and_release_are_atomic_and_stale_assignment_is_rejected	2026-10-08T23:06:54.0769420-05:00	00:00:01.9769818
Passed	Sillar.Modules.ServiceOrders.Tests.ContractsAndModuleTests	Sillar.Modules.ServiceOrders.Tests.ContractsAndModuleTests.Module_declares_only_ratified_hard_and_soft_dependencies	2026-10-08T23:06:29.6784028-05:00	00:00:00.0038953
Passed	Sillar.Modules.ServiceOrders.Tests.ContractsAndModuleTests	Sillar.Modules.ServiceOrders.Tests.ContractsAndModuleTests.Public_contract_exposes_exactly_the_ratified_legal_transitions	2026-10-08T23:06:29.6742311-05:00	00:00:00.0023184
Passed	Sillar.Modules.ServiceOrders.Tests.ContractsAndModuleTests	Sillar.Modules.ServiceOrders.Tests.ContractsAndModuleTests.Public_contract_owns_exactly_the_ratified_state_vocabulary	2026-10-08T23:06:29.6686829-05:00	00:00:00.0044818
Passed	Sillar.Modules.ServiceOrders.Tests.ContractsAndModuleTests	Sillar.Modules.ServiceOrders.Tests.ContractsAndModuleTests.Public_contract_resolves_C3_through_C7_without_EF_or_error_text_protocol	2026-10-08T23:06:29.5589262-05:00	00:00:00.0821207
Passed	Sillar.Modules.ServiceOrders.Tests.CreateServiceOrderPostgresTests	Sillar.Modules.ServiceOrders.Tests.CreateServiceOrderPostgresTests.Customer_id_without_active_crm_is_a_clean_conflict_and_does_not_reserve_number	2026-10-08T23:06:29.7060619-05:00	00:00:06.1207561
Passed	Sillar.Modules.ServiceOrders.Tests.CreateServiceOrderPostgresTests	Sillar.Modules.ServiceOrders.Tests.CreateServiceOrderPostgresTests.Failure_after_number_reservation_rolls_back_document_and_number	2026-10-08T23:06:35.8480916-05:00	00:00:03.0488775
Passed	Sillar.Modules.ServiceOrders.Tests.CreateServiceOrderPostgresTests	Sillar.Modules.ServiceOrders.Tests.CreateServiceOrderPostgresTests.Manual_creation_freezes_two_lines_and_writes_initial_history_atomically	2026-10-08T23:06:38.9033206-05:00	00:00:04.0145837
Passed	Sillar.Modules.ServiceOrders.Tests.CreateServiceOrderPostgresTests	Sillar.Modules.ServiceOrders.Tests.CreateServiceOrderPostgresTests.Same_idempotency_key_returns_same_order_without_second_snapshot_or_number	2026-10-08T23:06:42.9186421-05:00	00:00:03.5563709
Passed	Sillar.Modules.ServiceOrders.Tests.EndpointContractTests	Sillar.Modules.ServiceOrders.Tests.EndpointContractTests.Api_exposes_exactly_the_seven_ratified_routes	2026-10-08T23:06:29.7387785-05:00	00:00:00.5283783
Passed	Sillar.Modules.ServiceOrders.Tests.EndpointContractTests	Sillar.Modules.ServiceOrders.Tests.EndpointContractTests.Every_service_order_route_requires_editor_or_higher	2026-10-08T23:06:30.2870467-05:00	00:00:00.1120604
Passed	Sillar.Modules.ServiceOrders.Tests.EndpointContractTests	Sillar.Modules.ServiceOrders.Tests.EndpointContractTests.Module_registers_the_tracking_contract_for_future_M06	2026-10-08T23:06:29.5590055-05:00	00:00:00.1594983
Passed	Sillar.Modules.ServiceOrders.Tests.EndpointContractTests	Sillar.Modules.ServiceOrders.Tests.EndpointContractTests.Swagger_provider_has_valid_examples_for_every_M05b_request_body	2026-10-08T23:06:30.2679501-05:00	00:00:00.0152710
Passed	Sillar.Modules.ServiceOrders.Tests.EndpointContractTests	Sillar.Modules.ServiceOrders.Tests.EndpointContractTests.Transition_endpoint_delegates_audit_to_authoritative_operation	2026-10-08T23:06:30.2842792-05:00	00:00:00.0018160
Passed	Sillar.Modules.ServiceOrders.Tests.NumberingPostgresTests	Sillar.Modules.ServiceOrders.Tests.NumberingPostgresTests.It_refuses_to_number_outside_the_document_transaction	2026-10-08T23:06:35.8443903-05:00	00:00:00.0130403
Passed	Sillar.Modules.ServiceOrders.Tests.NumberingPostgresTests	Sillar.Modules.ServiceOrders.Tests.NumberingPostgresTests.Own_series_is_consecutive_under_concurrency	2026-10-08T23:06:35.8602439-05:00	00:00:02.7222477
Passed	Sillar.Modules.ServiceOrders.Tests.NumberingPostgresTests	Sillar.Modules.ServiceOrders.Tests.NumberingPostgresTests.Rollback_does_not_consume_a_number	2026-10-08T23:06:29.7003700-05:00	00:00:06.0983466
Passed	Sillar.Modules.ServiceOrders.Tests.ParityBarrierTests	Sillar.Modules.ServiceOrders.Tests.ParityBarrierTests.M05b_is_named_in_every_applicable_installation_surface	2026-10-08T23:06:29.5589354-05:00	00:00:00.0467052
Passed	Sillar.Modules.ServiceOrders.Tests.PhysicalModelPostgresTests	Sillar.Modules.ServiceOrders.Tests.PhysicalModelPostgresTests.Clean_migration_is_idempotent_and_materializes_five_tables	2026-10-08T23:06:52.9932727-05:00	00:00:02.8415143
Passed	Sillar.Modules.ServiceOrders.Tests.PhysicalModelPostgresTests	Sillar.Modules.ServiceOrders.Tests.PhysicalModelPostgresTests.Decimal_quantity_and_promised_at_boundaries_are_physical_constraints	2026-10-08T23:06:50.7136325-05:00	00:00:02.2783556
Passed	Sillar.Modules.ServiceOrders.Tests.PhysicalModelPostgresTests	Sillar.Modules.ServiceOrders.Tests.PhysicalModelPostgresTests.Drop_is_idempotent_isolated_and_blocks_future_hard_dependent	2026-10-08T23:06:38.5850014-05:00	00:00:03.9260836
Passed	Sillar.Modules.ServiceOrders.Tests.PhysicalModelPostgresTests	Sillar.Modules.ServiceOrders.Tests.PhysicalModelPostgresTests.Every_ratified_column_PK_and_unique_constraint_exists_physically	2026-10-08T23:06:29.5589263-05:00	00:00:06.2357129
Passed	Sillar.Modules.ServiceOrders.Tests.PhysicalModelPostgresTests	Sillar.Modules.ServiceOrders.Tests.PhysicalModelPostgresTests.Installing_without_M05a_is_rejected_with_attributable_message	2026-10-08T23:06:46.4696209-05:00	00:00:04.2406299
Passed	Sillar.Modules.ServiceOrders.Tests.PhysicalModelPostgresTests	Sillar.Modules.ServiceOrders.Tests.PhysicalModelPostgresTests.Physical_catalog_matches_ADR_classification_and_FKs_are_internal	2026-10-08T23:06:42.5128977-05:00	00:00:03.9559165
Passed	Sillar.Modules.ServiceOrders.Tests.PhysicalModelPostgresTests	Sillar.Modules.ServiceOrders.Tests.PhysicalModelPostgresTests.Status_actor_accepts_complete_human_or_all_null_and_rejects_partial_or_fictitious	2026-10-08T23:06:35.8461792-05:00	00:00:02.7363183
Passed	Sillar.Modules.ServiceOrders.Tests.ReplicationClassificationTests	Sillar.Modules.ServiceOrders.Tests.ReplicationClassificationTests.Four_replicated_entities_start_with_application_UUID_v7_and_series_is_local	2026-10-08T23:06:29.5589579-05:00	00:00:00.0563501
Passed	Sillar.Modules.ServiceOrders.Tests.SeriesConfigurationPostgresTests	Sillar.Modules.ServiceOrders.Tests.SeriesConfigurationPostgresTests.Missing_or_pending_series_label_is_clean_invalid_and_reserves_nothing(seriesLabel: "")	2026-10-08T23:06:38.5312658-05:00	00:00:04.0596273
Passed	Sillar.Modules.ServiceOrders.Tests.SeriesConfigurationPostgresTests	Sillar.Modules.ServiceOrders.Tests.SeriesConfigurationPostgresTests.Missing_or_pending_series_label_is_clean_invalid_and_reserves_nothing(seriesLabel: "PENDIENTE_DEFINIR")	2026-10-08T23:06:35.8211766-05:00	00:00:02.7088873
Passed	Sillar.Modules.ServiceOrders.Tests.SeriesConfigurationPostgresTests	Sillar.Modules.ServiceOrders.Tests.SeriesConfigurationPostgresTests.Missing_or_pending_series_label_is_clean_invalid_and_reserves_nothing(seriesLabel: null)	2026-10-08T23:06:29.5589784-05:00	00:00:06.2378732
Passed	Sillar.Modules.ServiceOrders.Tests.SeriesConfigurationPostgresTests	Sillar.Modules.ServiceOrders.Tests.SeriesConfigurationPostgresTests.Seed_registers_private_pending_series_setting_idempotently	2026-10-08T23:06:42.5924834-05:00	00:00:03.8809847
Passed	Sillar.Modules.ServiceOrders.Tests.TransitionPostgresTests	Sillar.Modules.ServiceOrders.Tests.TransitionPostgresTests.A_history_failure_rolls_back_the_state_change	2026-10-08T23:06:42.4457622-05:00	00:00:03.9910299
Passed	Sillar.Modules.ServiceOrders.Tests.TransitionPostgresTests	Sillar.Modules.ServiceOrders.Tests.TransitionPostgresTests.A_legal_transition_commits_state_and_exactly_one_history_row	2026-10-08T23:06:38.3979790-05:00	00:00:04.0438093
Passed	Sillar.Modules.ServiceOrders.Tests.TransitionPostgresTests	Sillar.Modules.ServiceOrders.Tests.TransitionPostgresTests.Invalid_and_missing_orders_produce_no_writes	2026-10-08T23:06:29.5589928-05:00	00:00:08.8169450
Passed	Sillar.Modules.ServiceOrders.Tests.TransitionPostgresTests	Sillar.Modules.ServiceOrders.Tests.TransitionPostgresTests.Two_consumers_with_the_same_expected_state_yield_one_ok_and_one_conflict	2026-10-08T23:06:46.4388533-05:00	00:00:04.5608119
Passed	Sillar.Modules.Services.Tests.ServiceRulesTests	Sillar.Modules.Services.Tests.ServiceRulesTests.Imagen_exige_texto_alternativo	2026-10-08T23:06:21.7245437-05:00	00:00:00.0004611
Passed	Sillar.Modules.Services.Tests.ServiceRulesTests	Sillar.Modules.Services.Tests.ServiceRulesTests.Precio_cero_es_valido_y_distinto_de_nulo	2026-10-08T23:06:21.6295973-05:00	00:00:00.0427149
Passed	Sillar.Modules.Services.Tests.ServiceRulesTests	Sillar.Modules.Services.Tests.ServiceRulesTests.Precio_negativo_se_rechaza	2026-10-08T23:06:21.7207771-05:00	00:00:00.0006849
Passed	Sillar.Modules.Services.Tests.ServiceRulesTests	Sillar.Modules.Services.Tests.ServiceRulesTests.Precio_nulo_es_valido_para_consultar	2026-10-08T23:06:21.7239784-05:00	00:00:00.0002514
Passed	Sillar.Modules.Services.Tests.ServiceRulesTests	Sillar.Modules.Services.Tests.ServiceRulesTests.Publicar_desde_borrador_es_valido	2026-10-08T23:06:21.7230756-05:00	00:00:00.0003898
Passed	Sillar.Modules.Services.Tests.ServiceRulesTests	Sillar.Modules.Services.Tests.ServiceRulesTests.Restaurar_archivado_no_se_inventa	2026-10-08T23:06:21.7219622-05:00	00:00:00.0005339
Passed	Sillar.Modules.Services.Tests.ServiceRulesTests	Sillar.Modules.Services.Tests.ServiceRulesTests.Slug_quita_tildes_y_normaliza_separadores	2026-10-08T23:06:21.7066243-05:00	00:00:00.0133635
Passed	Sillar.Modules.Services.Tests.ServicesPostgresTests	Sillar.Modules.Services.Tests.ServicesPostgresTests.El_99_drop_quita_services_dos_veces_sin_tocar_core_y_la_migracion_reinstala	2026-10-08T23:06:21.7677185-05:00	00:00:02.5342375
Passed	Sillar.Modules.Services.Tests.ServicesPostgresTests	Sillar.Modules.Services.Tests.ServicesPostgresTests.La_direccion_publica_es_unica_sin_distinguir_mayusculas	2026-10-08T23:06:26.5290974-05:00	00:00:00.0439169
Passed	Sillar.Modules.Services.Tests.ServicesPostgresTests	Sillar.Modules.Services.Tests.ServicesPostgresTests.La_fotografia_de_un_servicio_publicado_trae_sus_datos_y_la_url_de_su_imagen	2026-10-08T23:06:26.6307699-05:00	00:00:00.0574542
Passed	Sillar.Modules.Services.Tests.ServicesPostgresTests	Sillar.Modules.Services.Tests.ServicesPostgresTests.La_migracion_crea_solo_el_schema_services_con_su_historial_dentro	2026-10-08T23:06:26.4539415-05:00	00:00:00.0315670
Passed	Sillar.Modules.Services.Tests.ServicesPostgresTests	Sillar.Modules.Services.Tests.ServicesPostgresTests.La_unica_referencia_cruzada_va_de_una_tabla_local_a_una_replicada_como_permite_la_ADR_018	2026-10-08T23:06:26.4867831-05:00	00:00:00.0408671
Passed	Sillar.Modules.Services.Tests.ServicesPostgresTests	Sillar.Modules.Services.Tests.ServicesPostgresTests.La_vitrina_publica_solo_enseña_lo_publicado_en_su_orden	2026-10-08T23:06:26.2010294-05:00	00:00:00.2512023
Passed	Sillar.Modules.Services.Tests.ServicesPostgresTests	Sillar.Modules.Services.Tests.ServicesPostgresTests.Solo_un_servicio_publicado_tiene_fotografia(caso: "archivado")	2026-10-08T23:06:26.0363512-05:00	00:00:00.0941053
Passed	Sillar.Modules.Services.Tests.ServicesPostgresTests	Sillar.Modules.Services.Tests.ServicesPostgresTests.Solo_un_servicio_publicado_tiene_fotografia(caso: "borrador")	2026-10-08T23:06:26.1315453-05:00	00:00:00.0676246
Passed	Sillar.Modules.Services.Tests.ServicesPostgresTests	Sillar.Modules.Services.Tests.ServicesPostgresTests.Solo_un_servicio_publicado_tiene_fotografia(caso: "inexistente")	2026-10-08T23:06:24.3145484-05:00	00:00:01.7204319
Passed	Sillar.Modules.Services.Tests.ServicesPostgresTests	Sillar.Modules.Services.Tests.ServicesPostgresTests.Una_transicion_no_permitida_se_explica_en_castellano	2026-10-08T23:06:26.5742151-05:00	00:00:00.0556324
Passed	Sillar.Modules.Tracking.Tests.ApiYFronterasTests	Sillar.Modules.Tracking.Tests.ApiYFronterasTests.B2_y_B3_la_capa_productiva_solo_conoce_Contracts_y_no_ejecuta_SQL_ajeno	2026-10-08T23:07:01.9312107-05:00	00:00:00.0640406
Passed	Sillar.Modules.Tracking.Tests.ApiYFronterasTests	Sillar.Modules.Tracking.Tests.ApiYFronterasTests.B8_el_OpenAPI_real_publica_las_siete_rutas_y_los_cuatro_ejemplos_copiables	2026-10-08T23:07:02.0476389-05:00	00:00:01.0137092
Passed	Sillar.Modules.Tracking.Tests.ApiYFronterasTests	Sillar.Modules.Tracking.Tests.ApiYFronterasTests.Invalid_de_M05b_es_el_mensaje_principal_observable_sin_reinterpretacion	2026-10-08T23:07:03.0773922-05:00	00:00:00.0085810
Passed	Sillar.Modules.Tracking.Tests.ApiYFronterasTests	Sillar.Modules.Tracking.Tests.ApiYFronterasTests.La_api_publica_exactamente_las_siete_rutas_administrativas_ratificadas	2026-10-08T23:07:03.0869288-05:00	00:00:00.1046411
Passed	Sillar.Modules.Tracking.Tests.AplicacionPostgresTests	Sillar.Modules.Tracking.Tests.AplicacionPostgresTests.Conflicto_no_reintenta_invalid_conserva_mensaje_y_ninguna_transicion_escribe_tracking	2026-10-08T23:07:29.2031953-05:00	00:00:01.3480658
Passed	Sillar.Modules.Tracking.Tests.AplicacionPostgresTests	Sillar.Modules.Tracking.Tests.AplicacionPostgresTests.Dos_primeras_escrituras_concurrentes_comparten_una_fila_y_conservan_ambos_efectos	2026-10-08T23:07:23.5452980-05:00	00:00:03.5174677
Passed	Sillar.Modules.Tracking.Tests.AplicacionPostgresTests	Sillar.Modules.Tracking.Tests.AplicacionPostgresTests.El_detalle_separa_la_orden_leida_de_M05b_de_los_datos_editables_de_M06	2026-10-08T23:07:14.0725899-05:00	00:00:03.4893814
Passed	Sillar.Modules.Tracking.Tests.AplicacionPostgresTests	Sillar.Modules.Tracking.Tests.AplicacionPostgresTests.El_plazo_usa_received_at_del_contrato_y_solo_materializa_si_es_valido	2026-10-08T23:07:31.9245341-05:00	00:00:01.6214061
Passed	Sillar.Modules.Tracking.Tests.AplicacionPostgresTests	Sillar.Modules.Tracking.Tests.AplicacionPostgresTests.El_tablero_agota_paginas_ordena_globalmente_y_no_materializa_filas	2026-10-08T23:07:27.0650666-05:00	00:00:02.1364324
Passed	Sillar.Modules.Tracking.Tests.AplicacionPostgresTests	Sillar.Modules.Tracking.Tests.AplicacionPostgresTests.Escrituras_propias_no_cambian_estado_historial_ni_row_version_de_M05b	2026-10-08T23:07:08.0101720-05:00	00:00:02.6885815
Passed	Sillar.Modules.Tracking.Tests.AplicacionPostgresTests	Sillar.Modules.Tracking.Tests.AplicacionPostgresTests.La_baja_de_nota_es_logica_y_no_borra_la_fila	2026-10-08T23:07:17.5635451-05:00	00:00:02.9303543
Passed	Sillar.Modules.Tracking.Tests.AplicacionPostgresTests	Sillar.Modules.Tracking.Tests.AplicacionPostgresTests.Nota_vacia_no_escribe_y_nota_valida_conserva_prioridad_null_y_triple_completa	2026-10-08T23:07:01.9312035-05:00	00:00:06.0543297
Passed	Sillar.Modules.Tracking.Tests.AplicacionPostgresTests	Sillar.Modules.Tracking.Tests.AplicacionPostgresTests.Prioridad_cero_es_valida_negativa_es_invalida_y_la_escritura_lazy_atribuye	2026-10-08T23:07:10.7005906-05:00	00:00:03.3687099
Passed	Sillar.Modules.Tracking.Tests.AplicacionPostgresTests	Sillar.Modules.Tracking.Tests.AplicacionPostgresTests.Sin_prioridad_la_tarjeta_con_o_sin_fila_conserva_el_orden_de_recepcion	2026-10-08T23:07:30.5533133-05:00	00:00:01.3693960
Passed	Sillar.Modules.Tracking.Tests.AplicacionPostgresTests	Sillar.Modules.Tracking.Tests.AplicacionPostgresTests.Transicion_exitosa_no_crea_tracking_y_el_tablero_refleja_la_relectura_sin_eventos	2026-10-08T23:07:20.4975541-05:00	00:00:03.0462548
Passed	Sillar.Modules.Tracking.Tests.ModelContractTests	Sillar.Modules.Tracking.Tests.ModelContractTests.Both_business_tables_are_replicated_with_application_UUID_v7	2026-10-08T23:07:01.9315001-05:00	00:00:00.0640585
Passed	Sillar.Modules.Tracking.Tests.ModelContractTests	Sillar.Modules.Tracking.Tests.ModelContractTests.Lazy_priority_is_nullable_and_negative_values_have_a_model_check	2026-10-08T23:07:02.0472787-05:00	00:00:01.5559957
Passed	Sillar.Modules.Tracking.Tests.ModelContractTests	Sillar.Modules.Tracking.Tests.ModelContractTests.Notes_are_internal_and_only_reference_the_local_tracking_row	2026-10-08T23:07:03.6345332-05:00	00:00:00.1369486
Passed	Sillar.Modules.Tracking.Tests.ModelContractTests	Sillar.Modules.Tracking.Tests.ModelContractTests.There_is_one_tracking_row_per_service_order_without_importing_M05b_entities	2026-10-08T23:07:03.6048573-05:00	00:00:00.0289011
Passed	Sillar.Modules.Tracking.Tests.ModuleContractTests	Sillar.Modules.Tracking.Tests.ModuleContractTests.Module_declares_only_ratified_dependencies	2026-10-08T23:07:02.0472627-05:00	00:00:00.0090338
Passed	Sillar.Modules.Tracking.Tests.ModuleContractTests	Sillar.Modules.Tracking.Tests.ModuleContractTests.Tracking_does_not_reference_the_concrete_ServiceOrders_assembly	2026-10-08T23:07:01.9311728-05:00	00:00:00.0647354
Passed	Sillar.Modules.Tracking.Tests.PhysicalModelPostgresTests	Sillar.Modules.Tracking.Tests.PhysicalModelPostgresTests.Database_enforces_actor_triples_and_rejects_fictitious_actor	2026-10-08T23:07:12.3902538-05:00	00:00:03.4017566
Passed	Sillar.Modules.Tracking.Tests.PhysicalModelPostgresTests	Sillar.Modules.Tracking.Tests.PhysicalModelPostgresTests.Database_enforces_replication_checks_on_both_tables	2026-10-08T23:07:09.6475406-05:00	00:00:02.7396419
Passed	Sillar.Modules.Tracking.Tests.PhysicalModelPostgresTests	Sillar.Modules.Tracking.Tests.PhysicalModelPostgresTests.Database_enforces_unique_tracking_row_and_internal_note_FK	2026-10-08T23:07:21.6599126-05:00	00:00:03.1996058
Passed	Sillar.Modules.Tracking.Tests.PhysicalModelPostgresTests	Sillar.Modules.Tracking.Tests.PhysicalModelPostgresTests.Lazy_row_and_note_allow_null_priority	2026-10-08T23:07:18.7832667-05:00	00:00:02.8756600
Passed	Sillar.Modules.Tracking.Tests.PhysicalModelPostgresTests	Sillar.Modules.Tracking.Tests.PhysicalModelPostgresTests.Migration_materializes_expected_schema_FKs_and_triggers	2026-10-08T23:07:25.5076940-05:00	00:00:03.0442988
Passed	Sillar.Modules.Tracking.Tests.PhysicalModelPostgresTests	Sillar.Modules.Tracking.Tests.PhysicalModelPostgresTests.Migration_rejects_installation_without_hard_dependencies	2026-10-08T23:07:24.8612525-05:00	00:00:00.6382629
Passed	Sillar.Modules.Tracking.Tests.PhysicalModelPostgresTests	Sillar.Modules.Tracking.Tests.PhysicalModelPostgresTests.Negative_priority_is_rejected_by_PostgreSQL_check	2026-10-08T23:07:15.7939370-05:00	00:00:02.9870801
Passed	Sillar.Modules.Tracking.Tests.PhysicalModelPostgresTests	Sillar.Modules.Tracking.Tests.PhysicalModelPostgresTests.Tracking_for_unknown_service_order_is_rejected_by_FK	2026-10-08T23:07:01.9311932-05:00	00:00:04.8463581
Passed	Sillar.Modules.Tracking.Tests.PhysicalModelPostgresTests	Sillar.Modules.Tracking.Tests.PhysicalModelPostgresTests.Updated_at_trigger_runs_for_tracking_and_notes	2026-10-08T23:07:06.8027965-05:00	00:00:02.8417647
Passed	Sillar.Modules.Tracking.Tests.TableroContratoPostgresTests	Sillar.Modules.Tracking.Tests.TableroContratoPostgresTests.La_vista_cerrada_respeta_la_paginacion_del_contrato	2026-10-08T23:07:10.8835273-05:00	00:00:03.6178470
Passed	Sillar.Modules.Tracking.Tests.TableroContratoPostgresTests	Sillar.Modules.Tracking.Tests.TableroContratoPostgresTests.Reordenar_con_una_lista_obsoleta_se_rechaza_sin_escribir	2026-10-08T23:07:01.9311826-05:00	00:00:05.8915946
Passed	Sillar.Modules.Tracking.Tests.TableroContratoPostgresTests	Sillar.Modules.Tracking.Tests.TableroContratoPostgresTests.Reordenar_un_grupo_es_atomico_materializa_sus_pares_y_deja_el_orden_exacto	2026-10-08T23:07:07.8480630-05:00	00:00:03.0329748
Passed	Sillar.Shared.Data.Tests.ReplicationMappingTests	Sillar.Shared.Data.Tests.ReplicationMappingTests.El_nodo_de_origen_es_obligatorio	2026-10-08T23:04:05.6308301-05:00	00:00:00.0013289
Passed	Sillar.Shared.Data.Tests.ReplicationMappingTests	Sillar.Shared.Data.Tests.ReplicationMappingTests.La_fecha_de_alta_la_pone_la_base_y_solo_al_insertar	2026-10-08T23:04:05.6215563-05:00	00:00:00.0084250
Passed	Sillar.Shared.Data.Tests.ReplicationMappingTests	Sillar.Shared.Data.Tests.ReplicationMappingTests.La_fecha_de_cambio_la_pone_el_trigger_al_insertar_y_al_actualizar	2026-10-08T23:04:05.6329102-05:00	00:00:00.0011944
Passed	Sillar.Shared.Data.Tests.ReplicationMappingTests	Sillar.Shared.Data.Tests.ReplicationMappingTests.La_version_nace_en_uno_y_no_la_genera_la_base	2026-10-08T23:04:05.6349798-05:00	00:00:00.0058721
Passed	Sillar.Shared.Data.Tests.ReplicationMappingTests	Sillar.Shared.Data.Tests.ReplicationMappingTests.Las_cuatro_columnas_llevan_el_nombre_en_snake_case_del_esquema	2026-10-08T23:04:04.3643449-05:00	00:00:01.2180730
Passed	Sillar.Shared.Data.Tests.ReplicationMappingTests	Sillar.Shared.Data.Tests.ReplicationMappingTests.Sin_MapReplication_EF_las_nombraria_de_otra_forma	2026-10-08T23:04:05.6190109-05:00	00:00:00.0015821
Passed	Sillar.Shared.Data.Tests.ReplicationStampingTests	Sillar.Shared.Data.Tests.ReplicationStampingTests.Al_modificar_no_se_reescriben_ni_el_origen_ni_la_fecha_de_alta	2026-10-08T23:04:04.3643422-05:00	00:00:01.2963747
Passed	Sillar.Shared.Data.Tests.ReplicationStampingTests	Sillar.Shared.Data.Tests.ReplicationStampingTests.Al_modificar_sube_la_version_y_el_origen_no_se_toca	2026-10-08T23:04:05.6920047-05:00	00:00:00.0010808
Passed	Sillar.Shared.Data.Tests.ReplicationStampingTests	Sillar.Shared.Data.Tests.ReplicationStampingTests.El_borrado_tampoco_sube_la_version	2026-10-08T23:04:05.6835413-05:00	00:00:00.0077995
Passed	Sillar.Shared.Data.Tests.ReplicationStampingTests	Sillar.Shared.Data.Tests.ReplicationStampingTests.Una_fila_nueva_nace_con_el_nodo_la_version_uno_y_las_dos_fechas	2026-10-08T23:04:05.6936691-05:00	00:00:00.0035092
Passed	Sillar.Shared.Data.Tests.ReplicationStampingTests	Sillar.Shared.Data.Tests.ReplicationStampingTests.Una_fila_sin_cambios_no_se_sella	2026-10-08T23:04:05.6761498-05:00	00:00:00.0068016
Passed	Sillar.Shared.Tests.ModuleActivationSafetyTests	Sillar.Shared.Tests.ModuleActivationSafetyTests.Activar_con_las_dependencias_duras_activas_si_esta_permitido	2026-10-08T23:02:06.9245635-05:00	00:00:00.0004823
Passed	Sillar.Shared.Tests.ModuleActivationSafetyTests	Sillar.Shared.Tests.ModuleActivationSafetyTests.Activar_con_una_dependencia_dura_inactiva_no_esta_permitido	2026-10-08T23:02:06.9294812-05:00	00:00:00.0019294
Passed	Sillar.Shared.Tests.ModuleActivationSafetyTests	Sillar.Shared.Tests.ModuleActivationSafetyTests.Desactivar_CORE_dejaria_a_todos_los_activos_sin_su_dependencia_dura	2026-10-08T23:02:06.8191544-05:00	00:00:00.0455379
Passed	Sillar.Shared.Tests.ModuleActivationSafetyTests	Sillar.Shared.Tests.ModuleActivationSafetyTests.Desactivar_en_orden_inverso_a_las_dependencias_si_esta_permitido	2026-10-08T23:02:06.9338764-05:00	00:00:00.0005409
Passed	Sillar.Shared.Tests.ModuleActivationSafetyTests	Sillar.Shared.Tests.ModuleActivationSafetyTests.Desactivar_un_modulo_del_que_otro_activo_depende_duro_no_esta_permitido	2026-10-08T23:02:06.9259374-05:00	00:00:00.0026186
Passed	Sillar.Shared.Tests.ModuleActivationSafetyTests	Sillar.Shared.Tests.ModuleActivationSafetyTests.Ninguna_secuencia_de_operaciones_permitidas_deja_el_sistema_sin_arrancar	2026-10-08T23:02:06.9122108-05:00	00:00:00.0113265
Passed	Sillar.Shared.Tests.ModuleActivationSafetyTests	Sillar.Shared.Tests.ModuleActivationSafetyTests.Una_dependencia_blanda_inactiva_no_impide_activar	2026-10-08T23:02:06.9353538-05:00	00:00:00.0005218
Passed	Sillar.Shared.Tests.ModuleActivationSafetyTests	Sillar.Shared.Tests.ModuleActivationSafetyTests.Una_dependencia_blanda_no_impide_desactivar_al_otro	2026-10-08T23:02:06.9325017-05:00	00:00:00.0005643
Passed	Sillar.Shared.Tests.ModuleActivationTests	Sillar.Shared.Tests.ModuleActivationTests.Con_todas_las_dependencias_duras_activas_no_hay_problema	2026-10-08T23:02:06.9122329-05:00	00:00:00.0076392
Passed	Sillar.Shared.Tests.ModuleActivationTests	Sillar.Shared.Tests.ModuleActivationTests.Lo_que_esta_apagado_no_se_juzga	2026-10-08T23:02:06.9498084-05:00	00:00:00.0003175
Passed	Sillar.Shared.Tests.ModuleActivationTests	Sillar.Shared.Tests.ModuleActivationTests.Se_reportan_todas_las_dependencias_que_faltan_no_solo_la_primera	2026-10-08T23:02:06.8190959-05:00	00:00:00.0494027
Passed	Sillar.Shared.Tests.ModuleActivationTests	Sillar.Shared.Tests.ModuleActivationTests.Un_modulo_activo_con_su_dependencia_dura_apagada_es_un_problema	2026-10-08T23:02:06.9207888-05:00	00:00:00.0283042
Passed	Sillar.Shared.Tests.ModuleActivationTests	Sillar.Shared.Tests.ModuleActivationTests.Una_dependencia_blanda_apagada_no_es_un_problema	2026-10-08T23:02:06.9508912-05:00	00:00:00.0018711
Passed	Sillar.Shared.Tests.ModuleActiveButUndeclaredTests	Sillar.Shared.Tests.ModuleActiveButUndeclaredTests.Lo_inactivo_y_ausente_no_es_un_problema	2026-10-08T23:02:06.9252980-05:00	00:00:00.0033916
Passed	Sillar.Shared.Tests.ModuleActiveButUndeclaredTests	Sillar.Shared.Tests.ModuleActiveButUndeclaredTests.Se_nombran_todos_los_que_faltan_no_solo_el_primero	2026-10-08T23:02:06.8191376-05:00	00:00:00.0844251
Passed	Sillar.Shared.Tests.ModuleActiveButUndeclaredTests	Sillar.Shared.Tests.ModuleActiveButUndeclaredTests.Si_todo_lo_activo_en_la_base_esta_declarado_no_hay_problema	2026-10-08T23:02:06.9294774-05:00	00:00:00.0004628
Passed	Sillar.Shared.Tests.ModuleActiveButUndeclaredTests	Sillar.Shared.Tests.ModuleActiveButUndeclaredTests.Sin_ningun_codigo_activo_no_hay_nada_que_reportar	2026-10-08T23:02:06.9347281-05:00	00:00:00.0003506
Passed	Sillar.Shared.Tests.ModuleActiveButUndeclaredTests	Sillar.Shared.Tests.ModuleActiveButUndeclaredTests.Un_codigo_activo_que_el_binario_no_trae_se_nombra	2026-10-08T23:02:06.9309800-05:00	00:00:00.0030614
Passed	Sillar.Shared.Tests.ModuleGraphTests	Sillar.Shared.Tests.ModuleGraphTests.Declarar_la_misma_dependencia_dura_y_blanda_avisa_y_manda_la_dura	2026-10-08T23:02:06.9377817-05:00	00:00:00.0011045
Passed	Sillar.Shared.Tests.ModuleGraphTests	Sillar.Shared.Tests.ModuleGraphTests.Dos_modulos_con_el_mismo_codigo_abortan	2026-10-08T23:02:06.9597610-05:00	00:00:00.0006256
Passed	Sillar.Shared.Tests.ModuleGraphTests	Sillar.Shared.Tests.ModuleGraphTests.El_orden_deja_cada_modulo_detras_de_sus_dependencias	2026-10-08T23:02:06.9219971-05:00	00:00:00.0130191
Passed	Sillar.Shared.Tests.ModuleGraphTests	Sillar.Shared.Tests.ModuleGraphTests.El_orden_no_depende_de_como_lleguen_los_modulos	2026-10-08T23:02:06.9496141-05:00	00:00:00.0028756
Passed	Sillar.Shared.Tests.ModuleGraphTests	Sillar.Shared.Tests.ModuleGraphTests.Sin_CORE_no_se_puede_arrancar	2026-10-08T23:02:06.9129080-05:00	00:00:00.0081998
Passed	Sillar.Shared.Tests.ModuleGraphTests	Sillar.Shared.Tests.ModuleGraphTests.Sin_ningun_modulo_no_se_puede_arrancar	2026-10-08T23:02:06.9398729-05:00	00:00:00.0005894
Passed	Sillar.Shared.Tests.ModuleGraphTests	Sillar.Shared.Tests.ModuleGraphTests.Un_ciclo_a_traves_de_una_dependencia_blanda_tambien_aborta	2026-10-08T23:02:06.9414495-05:00	00:00:00.0027713
Passed	Sillar.Shared.Tests.ModuleGraphTests	Sillar.Shared.Tests.ModuleGraphTests.Un_ciclo_aborta_e_indica_el_camino	2026-10-08T23:02:06.9620045-05:00	00:00:00.0015046
Passed	Sillar.Shared.Tests.ModuleGraphTests	Sillar.Shared.Tests.ModuleGraphTests.Un_codigo_que_no_sirve_como_schema_aborta(codigo: "")	2026-10-08T23:02:06.9086063-05:00	00:00:00.0008153
Passed	Sillar.Shared.Tests.ModuleGraphTests	Sillar.Shared.Tests.ModuleGraphTests.Un_codigo_que_no_sirve_como_schema_aborta(codigo: "1catalog")	2026-10-08T23:02:06.9107980-05:00	00:00:00.0000636
Passed	Sillar.Shared.Tests.ModuleGraphTests	Sillar.Shared.Tests.ModuleGraphTests.Un_codigo_que_no_sirve_como_schema_aborta(codigo: "Catalog")	2026-10-08T23:02:06.9113702-05:00	00:00:00.0000629
Passed	Sillar.Shared.Tests.ModuleGraphTests	Sillar.Shared.Tests.ModuleGraphTests.Un_codigo_que_no_sirve_como_schema_aborta(codigo: "c")	2026-10-08T23:02:06.9119770-05:00	00:00:00.0000698
Passed	Sillar.Shared.Tests.ModuleGraphTests	Sillar.Shared.Tests.ModuleGraphTests.Un_codigo_que_no_sirve_como_schema_aborta(codigo: "cata-logo")	2026-10-08T23:02:06.8191294-05:00	00:00:00.0550094
Passed	Sillar.Shared.Tests.ModuleGraphTests	Sillar.Shared.Tests.ModuleGraphTests.Un_codigo_que_no_sirve_como_schema_aborta(codigo: "catalogo_con_un_nombre_larguisimo_que_pasa_de_cuar"···)	2026-10-08T23:02:06.9101492-05:00	00:00:00.0000833
Passed	Sillar.Shared.Tests.ModuleGraphTests	Sillar.Shared.Tests.ModuleGraphTests.Un_grafo_correcto_es_valido	2026-10-08T23:02:06.9609935-05:00	00:00:00.0004830
Passed	Sillar.Shared.Tests.ModuleGraphTests	Sillar.Shared.Tests.ModuleGraphTests.Un_modulo_que_depende_de_si_mismo_aborta	2026-10-08T23:02:06.9552065-05:00	00:00:00.0006540
Passed	Sillar.Shared.Tests.ModuleGraphTests	Sillar.Shared.Tests.ModuleGraphTests.Un_modulo_que_no_declara_CORE_aborta	2026-10-08T23:02:06.9661897-05:00	00:00:00.0007059
Passed	Sillar.Shared.Tests.ModuleGraphTests	Sillar.Shared.Tests.ModuleGraphTests.Un_modulo_sin_descripcion_aborta(descripcion: "   ")	2026-10-08T23:02:06.9587290-05:00	00:00:00.0004203
Passed	Sillar.Shared.Tests.ModuleGraphTests	Sillar.Shared.Tests.ModuleGraphTests.Un_modulo_sin_descripcion_aborta(descripcion: "")	2026-10-08T23:02:06.9578074-05:00	00:00:00.0005334
Passed	Sillar.Shared.Tests.ModuleGraphTests	Sillar.Shared.Tests.ModuleGraphTests.Un_nombre_visible_vacio_aborta	2026-10-08T23:02:06.9644164-05:00	00:00:00.0010070
Passed	Sillar.Shared.Tests.ModuleGraphTests	Sillar.Shared.Tests.ModuleGraphTests.Una_dependencia_blanda_inexistente_solo_avisa	2026-10-08T23:02:06.9535046-05:00	00:00:00.0007358
Passed	Sillar.Shared.Tests.ModuleGraphTests	Sillar.Shared.Tests.ModuleGraphTests.Una_dependencia_dura_hacia_un_modulo_inexistente_aborta	2026-10-08T23:02:06.9564515-05:00	00:00:00.0007187
Passed	Sillar.Shared.Tests.ModuleGraphTests	Sillar.Shared.Tests.ModuleGraphTests.Una_descripcion_que_no_cabe_en_la_columna_aborta	2026-10-08T23:02:06.9358696-05:00	00:00:00.0012120
Passed	Sillar.Shared.Tests.ModuleGraphTests	Sillar.Shared.Tests.ModuleGraphTests.Una_posicion_negativa_en_el_panel_aborta	2026-10-08T23:02:06.9481343-05:00	00:00:00.0006793
Passed	Sillar.Shared.Tests.ModuleGraphTests	Sillar.Shared.Tests.ModuleGraphTests.Una_version_mal_formada_aborta(version: "")	2026-10-08T23:02:06.9474240-05:00	00:00:00.0000624
Passed	Sillar.Shared.Tests.ModuleGraphTests	Sillar.Shared.Tests.ModuleGraphTests.Una_version_mal_formada_aborta(version: "1.0")	2026-10-08T23:02:06.9464671-05:00	00:00:00.0004289
Passed	Sillar.Shared.Tests.ModuleGraphTests	Sillar.Shared.Tests.ModuleGraphTests.Una_version_mal_formada_aborta(version: "v1.0.0")	2026-10-08T23:02:06.9451924-05:00	00:00:00.0007311
Passed	Sillar.Shared.Tests.PagingTests	Sillar.Shared.Tests.PagingTests.El_salto_corresponde_a_la_pagina_pedida	2026-10-08T23:02:06.9183564-05:00	00:00:00.0011465
Passed	Sillar.Shared.Tests.PagingTests	Sillar.Shared.Tests.PagingTests.El_total_de_paginas_redondea_hacia_arriba	2026-10-08T23:02:06.9213669-05:00	00:00:00.0011536
Passed	Sillar.Shared.Tests.PagingTests	Sillar.Shared.Tests.PagingTests.La_ultima_pagina_no_tiene_siguiente	2026-10-08T23:02:06.8190917-05:00	00:00:00.0445909
Passed	Sillar.Shared.Tests.PagingTests	Sillar.Shared.Tests.PagingTests.No_se_puede_pedir_mas_del_maximo	2026-10-08T23:02:06.9249846-05:00	00:00:00.0003675
Passed	Sillar.Shared.Tests.PagingTests	Sillar.Shared.Tests.PagingTests.Sin_pedir_nada_se_devuelve_la_primera_pagina_de_cincuenta	2026-10-08T23:02:06.9235528-05:00	00:00:00.0005638
Passed	Sillar.Shared.Tests.PagingTests	Sillar.Shared.Tests.PagingTests.Sin_resultados_no_hay_paginas_ni_siguiente	2026-10-08T23:02:06.9274181-05:00	00:00:00.0004559
Passed	Sillar.Shared.Tests.PagingTests	Sillar.Shared.Tests.PagingTests.Un_tamano_de_cero_o_negativo_se_lleva_al_minimo	2026-10-08T23:02:06.9261599-05:00	00:00:00.0003910
Passed	Sillar.Shared.Tests.PagingTests	Sillar.Shared.Tests.PagingTests.Una_pagina_por_debajo_de_uno_se_trata_como_la_primera(pedida: -3)	2026-10-08T23:02:06.9162100-05:00	00:00:00.0008036
Passed	Sillar.Shared.Tests.PagingTests	Sillar.Shared.Tests.PagingTests.Una_pagina_por_debajo_de_uno_se_trata_como_la_primera(pedida: 0)	2026-10-08T23:02:06.9122181-05:00	00:00:00.0033307
