outcome	clase	prueba	inicio	duracion
Passed	Sillar.Api.Tests.ArranqueConModuloActivoAusenteTests	Sillar.Api.Tests.ArranqueConModuloActivoAusenteTests.Un_modulo_activo_que_el_binario_no_trae_impide_arrancar_al_host	2026-10-03T21:30:27.6857257-05:00	00:00:41.4676229
Passed	Sillar.Api.Tests.CierreM04SeguridadYCorreoTests	Sillar.Api.Tests.CierreM04SeguridadYCorreoTests.Criterio13_password_de_registro_no_aparece_en_respuesta_logs_ni_auditoria	2026-10-03T21:30:27.6890521-05:00	00:00:47.9566958
Passed	Sillar.Api.Tests.CierreM04SeguridadYCorreoTests	Sillar.Api.Tests.CierreM04SeguridadYCorreoTests.Criterio17_fallo_de_correo_de_un_registro_concreto_es_visible_para_admin	2026-10-03T21:31:15.7552244-05:00	00:00:30.5802101
Passed	Sillar.Core.Tests.ActivacionConSchemaTests	Sillar.Core.Tests.ActivacionConSchemaTests.Al_negarse_el_estado_previo_queda_intacto	2026-10-03T21:31:01.2544853-05:00	00:00:02.2890942
Passed	Sillar.Core.Tests.ActivacionConSchemaTests	Sillar.Core.Tests.ActivacionConSchemaTests.Con_su_schema_presente_el_modulo_se_activa	2026-10-03T21:31:09.3047529-05:00	00:00:05.6251455
Passed	Sillar.Core.Tests.ActivacionConSchemaTests	Sillar.Core.Tests.ActivacionConSchemaTests.El_error_nombra_el_modulo_el_schema_la_base_y_que_hacer	2026-10-03T21:30:48.7433216-05:00	00:00:04.8430030
Passed	Sillar.Core.Tests.ActivacionConSchemaTests	Sillar.Core.Tests.ActivacionConSchemaTests.Los_modulos_de_demostracion_sin_schema_se_siguen_activando	2026-10-03T21:31:03.5458965-05:00	00:00:03.3241134
Passed	Sillar.Core.Tests.ActivacionConSchemaTests	Sillar.Core.Tests.ActivacionConSchemaTests.Sin_su_schema_el_modulo_no_se_activa	2026-10-03T21:31:06.8968259-05:00	00:00:02.3826653
Passed	Sillar.Core.Tests.ActivacionConSchemaTests	Sillar.Core.Tests.ActivacionConSchemaTests.Tras_una_instalacion_correcta_los_modulos_reales_tienen_su_schema_y_se_activan	2026-10-03T21:30:53.5875096-05:00	00:00:07.6634477
Passed	Sillar.Core.Tests.ActivacionConSchemaTests	Sillar.Core.Tests.ActivacionConSchemaTests.Un_modulo_real_sin_su_schema_no_se_activa_aunque_otros_si_lo_tengan	2026-10-03T21:30:28.2060830-05:00	00:00:20.4538424
Passed	Sillar.Core.Tests.ActivacionConSchemaTests	Sillar.Core.Tests.ActivacionConSchemaTests.Una_averia_distinta_no_se_convierte_en_falta_el_schema	2026-10-03T21:31:06.8739869-05:00	00:00:00.0211225
Passed	Sillar.Core.Tests.AdminClaimIsolationTests	Sillar.Core.Tests.AdminClaimIsolationTests.Claim_csrf_administrativo_si_se_resuelve	2026-10-03T21:30:28.9228281-05:00	00:00:00.0217099
Passed	Sillar.Core.Tests.AdminClaimIsolationTests	Sillar.Core.Tests.AdminClaimIsolationTests.Claim_csrf_generico_anterior_no_es_claim_administrativo	2026-10-03T21:30:28.9650211-05:00	00:00:00.0010451
Passed	Sillar.Core.Tests.AdminClaimIsolationTests	Sillar.Core.Tests.AdminClaimIsolationTests.Claims_administrativos_tienen_namespace_propio	2026-10-03T21:30:29.0929197-05:00	00:00:00.0003850
Passed	Sillar.Core.Tests.AdminClaimIsolationTests	Sillar.Core.Tests.AdminClaimIsolationTests.CurrentAdmin_ignora_claims_de_cliente	2026-10-03T21:30:28.9756087-05:00	00:00:00.1078034
Passed	Sillar.Core.Tests.AdminClaimIsolationTests	Sillar.Core.Tests.AdminClaimIsolationTests.CurrentAdmin_ignora_session_id_generico_anterior	2026-10-03T21:30:29.1432695-05:00	00:00:00.0063636
Passed	Sillar.Core.Tests.AdminClaimIsolationTests	Sillar.Core.Tests.AdminClaimIsolationTests.CurrentAdmin_lee_session_id_administrativo	2026-10-03T21:30:29.0966883-05:00	00:00:00.0367279
Passed	Sillar.Core.Tests.ArranqueContraBaseVaciaTests	Sillar.Core.Tests.ArranqueContraBaseVaciaTests.El_modo_instalacion_monta_las_dos_rutas_de_setup_y_ninguna_mas	2026-10-03T21:30:53.3591985-05:00	00:00:00.1781235
Passed	Sillar.Core.Tests.ArranqueContraBaseVaciaTests	Sillar.Core.Tests.ArranqueContraBaseVaciaTests.GET_setup_status_contra_base_vacia_responde_200_y_no_un_500	2026-10-03T21:30:53.5384476-05:00	00:00:04.4196275
Passed	Sillar.Core.Tests.ArranqueContraBaseVaciaTests	Sillar.Core.Tests.ArranqueContraBaseVaciaTests.La_misma_base_cambia_de_estado_al_aplicarle_las_migraciones	2026-10-03T21:30:48.8306688-05:00	00:00:04.5256127
Passed	Sillar.Core.Tests.ArranqueContraBaseVaciaTests	Sillar.Core.Tests.ArranqueContraBaseVaciaTests.Sin_migraciones_el_estado_es_faltan_migraciones_y_no_una_excepcion	2026-10-03T21:30:28.2060067-05:00	00:00:20.4386211
Passed	Sillar.Core.Tests.ArranqueContraBaseVaciaTests	Sillar.Core.Tests.ArranqueContraBaseVaciaTests.Un_error_de_PostgreSQL_que_NO_es_42P01_no_se_traga	2026-10-03T21:30:57.9622851-05:00	00:00:03.2854321
Passed	Sillar.Core.Tests.AutenticacionSinAlmacenDeSesionesTests	Sillar.Core.Tests.AutenticacionSinAlmacenDeSesionesTests.Base_pristina_y_cookie_vieja_el_instalador_termina_y_la_cookie_nunca_autentica	2026-10-03T21:30:53.5776828-05:00	00:00:10.0248186
Passed	Sillar.Core.Tests.AutenticacionSinAlmacenDeSesionesTests	Sillar.Core.Tests.AutenticacionSinAlmacenDeSesionesTests.Con_cookie_vieja_y_sin_core_setup_status_responde_y_una_ruta_protegida_da_401	2026-10-03T21:30:48.9285039-05:00	00:00:04.6466864
Passed	Sillar.Core.Tests.AutenticacionSinAlmacenDeSesionesTests	Sillar.Core.Tests.AutenticacionSinAlmacenDeSesionesTests.Con_cookie_y_sin_tabla_de_sesiones_no_hay_resultado_y_no_hay_identidad	2026-10-03T21:30:37.9200426-05:00	00:00:10.7970795
Passed	Sillar.Core.Tests.AutenticacionSinAlmacenDeSesionesTests	Sillar.Core.Tests.AutenticacionSinAlmacenDeSesionesTests.Con_la_tabla_presente_y_una_sesion_valida_autentica_con_normalidad	2026-10-03T21:31:04.9740554-05:00	00:00:04.3265244
Passed	Sillar.Core.Tests.AutenticacionSinAlmacenDeSesionesTests	Sillar.Core.Tests.AutenticacionSinAlmacenDeSesionesTests.Cuando_aparecen_las_tablas_el_handler_vuelve_a_consultar_con_normalidad	2026-10-03T21:31:11.6419514-05:00	00:00:05.3465435
Passed	Sillar.Core.Tests.AutenticacionSinAlmacenDeSesionesTests	Sillar.Core.Tests.AutenticacionSinAlmacenDeSesionesTests.Sin_cookie_no_hay_resultado_como_siempre	2026-10-03T21:31:03.6036761-05:00	00:00:01.3665397
Passed	Sillar.Core.Tests.AutenticacionSinAlmacenDeSesionesTests	Sillar.Core.Tests.AutenticacionSinAlmacenDeSesionesTests.Un_42P01_de_otra_relacion_no_se_traga	2026-10-03T21:31:09.3090860-05:00	00:00:02.3301289
Passed	Sillar.Core.Tests.AutenticacionSinAlmacenDeSesionesTests	Sillar.Core.Tests.AutenticacionSinAlmacenDeSesionesTests.Un_UndefinedColumn_no_se_traga	2026-10-03T21:31:16.9902791-05:00	00:00:01.9216800
Passed	Sillar.Core.Tests.AutenticacionSinAlmacenDeSesionesTests	Sillar.Core.Tests.AutenticacionSinAlmacenDeSesionesTests.Una_base_inexistente_no_se_convierte_en_ausencia	2026-10-03T21:30:28.2061506-05:00	00:00:09.5950480
Passed	Sillar.Core.Tests.AutenticacionSinAlmacenDeSesionesTests	Sillar.Core.Tests.AutenticacionSinAlmacenDeSesionesTests.Una_conexion_caida_no_se_convierte_en_ausencia	2026-10-03T21:30:48.7406698-05:00	00:00:00.1836511
Passed	Sillar.Core.Tests.ContentSnifferTests	Sillar.Core.Tests.ContentSnifferTests.Otros_formatos_conocidos_se_rechazan(firma: "%PDF-1.7")	2026-10-03T21:30:28.6125440-05:00	00:00:00.0001146
Passed	Sillar.Core.Tests.ContentSnifferTests	Sillar.Core.Tests.ContentSnifferTests.Otros_formatos_conocidos_se_rechazan(firma: "GIF89a")	2026-10-03T21:30:28.2060593-05:00	00:00:00.1972632
Passed	Sillar.Core.Tests.ContentSnifferTests	Sillar.Core.Tests.ContentSnifferTests.Otros_formatos_conocidos_se_rechazan(firma: "PK\x03\x04")	2026-10-03T21:30:28.6113006-05:00	00:00:00.0001046
Passed	Sillar.Core.Tests.ContentSnifferTests	Sillar.Core.Tests.ContentSnifferTests.Otros_formatos_conocidos_se_rechazan(firma: "\x1f")	2026-10-03T21:30:28.5858137-05:00	00:00:00.0011857
Passed	Sillar.Core.Tests.ContentSnifferTests	Sillar.Core.Tests.ContentSnifferTests.Un_archivo_con_extension_png_pero_otro_contenido_se_rechaza	2026-10-03T21:30:28.6562641-05:00	00:00:00.0003193
Passed	Sillar.Core.Tests.ContentSnifferTests	Sillar.Core.Tests.ContentSnifferTests.Un_archivo_vacio_o_truncado_se_rechaza	2026-10-03T21:30:28.6575332-05:00	00:00:00.0003367
Passed	Sillar.Core.Tests.ContentSnifferTests	Sillar.Core.Tests.ContentSnifferTests.Un_jpeg_se_reconoce_por_su_firma	2026-10-03T21:30:28.7567187-05:00	00:00:00.0250534
Passed	Sillar.Core.Tests.ContentSnifferTests	Sillar.Core.Tests.ContentSnifferTests.Un_png_se_reconoce_por_su_firma	2026-10-03T21:30:28.8294070-05:00	00:00:00.0009571
Passed	Sillar.Core.Tests.ContentSnifferTests	Sillar.Core.Tests.ContentSnifferTests.Un_riff_que_no_es_webp_se_rechaza	2026-10-03T21:30:28.7936206-05:00	00:00:00.0025371
Passed	Sillar.Core.Tests.ContentSnifferTests	Sillar.Core.Tests.ContentSnifferTests.Un_svg_sin_declaracion_xml_tambien_se_rechaza	2026-10-03T21:30:28.6256458-05:00	00:00:00.0116970
Passed	Sillar.Core.Tests.ContentSnifferTests	Sillar.Core.Tests.ContentSnifferTests.Un_svg_valido_se_rechaza	2026-10-03T21:30:28.8030954-05:00	00:00:00.0148681
Passed	Sillar.Core.Tests.ContentSnifferTests	Sillar.Core.Tests.ContentSnifferTests.Un_webp_se_reconoce_en_sus_tres_variantes(variante: "VP8 ")	2026-10-03T21:30:28.6618010-05:00	00:00:00.0675565
Passed	Sillar.Core.Tests.ContentSnifferTests	Sillar.Core.Tests.ContentSnifferTests.Un_webp_se_reconoce_en_sus_tres_variantes(variante: "VP8L")	2026-10-03T21:30:28.7475270-05:00	00:00:00.0001432
Passed	Sillar.Core.Tests.ContentSnifferTests	Sillar.Core.Tests.ContentSnifferTests.Un_webp_se_reconoce_en_sus_tres_variantes(variante: "VP8X")	2026-10-03T21:30:28.7342046-05:00	00:00:00.0120492
Passed	Sillar.Core.Tests.CsrfTokenFactoryTests	Sillar.Core.Tests.CsrfTokenFactoryTests.Dos_instalaciones_distintas_dan_tokens_distintos_para_la_misma_sesion	2026-10-03T21:30:29.1202245-05:00	00:00:00.0057443
Passed	Sillar.Core.Tests.CsrfTokenFactoryTests	Sillar.Core.Tests.CsrfTokenFactoryTests.Dos_sesiones_distintas_dan_tokens_distintos	2026-10-03T21:30:29.0886580-05:00	00:00:00.0110698
Passed	Sillar.Core.Tests.CsrfTokenFactoryTests	Sillar.Core.Tests.CsrfTokenFactoryTests.El_hash_que_se_guarda_no_contiene_el_token	2026-10-03T21:30:28.9855663-05:00	00:00:00.0086819
Passed	Sillar.Core.Tests.CsrfTokenFactoryTests	Sillar.Core.Tests.CsrfTokenFactoryTests.El_token_no_revela_la_sesion_ni_la_clave_de_instalacion	2026-10-03T21:30:28.9304731-05:00	00:00:00.0303168
Passed	Sillar.Core.Tests.CsrfTokenFactoryTests	Sillar.Core.Tests.CsrfTokenFactoryTests.El_token_viaja_en_una_cabecera_sin_escapar_nada	2026-10-03T21:30:29.0280802-05:00	00:00:00.0594216
Passed	Sillar.Core.Tests.CsrfTokenFactoryTests	Sillar.Core.Tests.CsrfTokenFactoryTests.La_etiqueta_de_derivacion_esta_versionada	2026-10-03T21:30:28.9804564-05:00	00:00:00.0002444
Passed	Sillar.Core.Tests.CsrfTokenFactoryTests	Sillar.Core.Tests.CsrfTokenFactoryTests.La_misma_sesion_da_siempre_el_mismo_token	2026-10-03T21:30:29.1095491-05:00	00:00:00.0006969
Passed	Sillar.Core.Tests.CsrfTokenFactoryTests	Sillar.Core.Tests.CsrfTokenFactoryTests.Reiniciar_el_proceso_no_cambia_el_token_de_una_sesion_viva	2026-10-03T21:30:28.9693183-05:00	00:00:00.0049859
Passed	Sillar.Core.Tests.CsrfTokenFactoryTests	Sillar.Core.Tests.CsrfTokenFactoryTests.Una_clave_de_instalacion_que_solo_difiere_en_un_bit_da_otro_token	2026-10-03T21:30:29.1365836-05:00	00:00:00.0007703
Passed	Sillar.Core.Tests.CsrfTokenFactoryTests	Sillar.Core.Tests.CsrfTokenFactoryTests.Una_clave_de_instalacion_vacia_se_rechaza	2026-10-03T21:30:28.9957080-05:00	00:00:00.0219895
Passed	Sillar.Core.Tests.EmailTestStatusContractTests	Sillar.Core.Tests.EmailTestStatusContractTests.Estado_smtp_no_expone_secretos	2026-10-03T21:30:28.8618464-05:00	00:00:00.0201914
Passed	Sillar.Core.Tests.EmailTestStatusContractTests	Sillar.Core.Tests.EmailTestStatusContractTests.Estado_smtp_representa_nunca_probado_sin_inventar_fecha	2026-10-03T21:30:28.8835180-05:00	00:00:00.0337333
Passed	Sillar.Core.Tests.HostRestarterTests	Sillar.Core.Tests.HostRestarterTests.Con_la_bandera_en_false_el_host_no_se_detiene	2026-10-03T21:30:29.2222895-05:00	00:00:00.1304049
Passed	Sillar.Core.Tests.HostRestarterTests	Sillar.Core.Tests.HostRestarterTests.Con_la_bandera_en_true_la_parada_se_programa_para_despues_de_la_respuesta	2026-10-03T21:30:29.3627459-05:00	00:00:00.0178106
Passed	Sillar.Core.Tests.HostRestarterTests	Sillar.Core.Tests.HostRestarterTests.La_parada_incondicional_tampoco_ocurre_antes_de_la_respuesta	2026-10-03T21:30:29.1584771-05:00	00:00:00.0521656
Passed	Sillar.Core.Tests.HostRestarterTests	Sillar.Core.Tests.HostRestarterTests.Sin_configuracion_el_host_no_se_detiene	2026-10-03T21:30:29.3542907-05:00	00:00:00.0004349
Passed	Sillar.Core.Tests.ImageDimensionsTests	Sillar.Core.Tests.ImageDimensionsTests.En_jpeg_el_alto_va_antes_que_el_ancho	2026-10-03T21:30:29.3679065-05:00	00:00:00.0110160
Passed	Sillar.Core.Tests.ImageDimensionsTests	Sillar.Core.Tests.ImageDimensionsTests.En_jpeg_se_saltan_los_marcadores_previos	2026-10-03T21:30:29.2344373-05:00	00:00:00.0322329
Passed	Sillar.Core.Tests.ImageDimensionsTests	Sillar.Core.Tests.ImageDimensionsTests.Las_dimensiones_de_un_jpeg_se_leen_del_inicio_de_fotograma(ancho: 1920, alto: 1080)	2026-10-03T21:30:29.2754114-05:00	00:00:00.0569369
Passed	Sillar.Core.Tests.ImageDimensionsTests	Sillar.Core.Tests.ImageDimensionsTests.Las_dimensiones_de_un_jpeg_se_leen_del_inicio_de_fotograma(ancho: 800, alto: 600)	2026-10-03T21:30:29.3336682-05:00	00:00:00.0139155
Passed	Sillar.Core.Tests.ImageDimensionsTests	Sillar.Core.Tests.ImageDimensionsTests.Las_dimensiones_de_un_png_se_leen_del_IHDR(ancho: 1, alto: 1)	2026-10-03T21:30:29.2140031-05:00	00:00:00.0008375
Passed	Sillar.Core.Tests.ImageDimensionsTests	Sillar.Core.Tests.ImageDimensionsTests.Las_dimensiones_de_un_png_se_leen_del_IHDR(ancho: 4096, alto: 2160)	2026-10-03T21:30:29.2218644-05:00	00:00:00.0001366
Passed	Sillar.Core.Tests.ImageDimensionsTests	Sillar.Core.Tests.ImageDimensionsTests.Las_dimensiones_de_un_png_se_leen_del_IHDR(ancho: 800, alto: 600)	2026-10-03T21:30:29.2047705-05:00	00:00:00.0035179
Passed	Sillar.Core.Tests.ImageDimensionsTests	Sillar.Core.Tests.ImageDimensionsTests.Las_dimensiones_de_un_webp_se_leen_en_sus_tres_variantes(variante: "VP8 ", ancho: 640, alto: 480)	2026-10-03T21:30:29.1923833-05:00	00:00:00.0001241
Passed	Sillar.Core.Tests.ImageDimensionsTests	Sillar.Core.Tests.ImageDimensionsTests.Las_dimensiones_de_un_webp_se_leen_en_sus_tres_variantes(variante: "VP8L", ancho: 1, alto: 1)	2026-10-03T21:30:29.0273401-05:00	00:00:00.1296989
Passed	Sillar.Core.Tests.ImageDimensionsTests	Sillar.Core.Tests.ImageDimensionsTests.Las_dimensiones_de_un_webp_se_leen_en_sus_tres_variantes(variante: "VP8L", ancho: 640, alto: 480)	2026-10-03T21:30:29.1848361-05:00	00:00:00.0002193
Passed	Sillar.Core.Tests.ImageDimensionsTests	Sillar.Core.Tests.ImageDimensionsTests.Las_dimensiones_de_un_webp_se_leen_en_sus_tres_variantes(variante: "VP8X", ancho: 16383, alto: 16383)	2026-10-03T21:30:29.1584772-05:00	00:00:00.0111938
Passed	Sillar.Core.Tests.ImageDimensionsTests	Sillar.Core.Tests.ImageDimensionsTests.Las_dimensiones_de_un_webp_se_leen_en_sus_tres_variantes(variante: "VP8X", ancho: 640, alto: 480)	2026-10-03T21:30:29.1912804-05:00	00:00:00.0001247
Passed	Sillar.Core.Tests.ImageDimensionsTests	Sillar.Core.Tests.ImageDimensionsTests.Un_jpeg_sin_inicio_de_fotograma_devuelve_nulo_y_no_se_queda_dando_vueltas	2026-10-03T21:30:29.3946472-05:00	00:00:00.0073862
Passed	Sillar.Core.Tests.ImageDimensionsTests	Sillar.Core.Tests.ImageDimensionsTests.Un_webp_de_variante_desconocida_devuelve_nulo	2026-10-03T21:30:29.3876602-05:00	00:00:00.0047645
Passed	Sillar.Core.Tests.ImageDimensionsTests	Sillar.Core.Tests.ImageDimensionsTests.Una_cabecera_truncada_devuelve_nulo_sin_reventar	2026-10-03T21:30:29.3580314-05:00	00:00:00.0082021
Passed	Sillar.Core.Tests.InstalacionDeModulosTests	Sillar.Core.Tests.InstalacionDeModulosTests.Base_pristina_la_instalacion_deja_todos_los_schemas_desplegados_y_termina_operativa	2026-10-03T21:31:19.1425465-05:00	00:00:02.7038211
Passed	Sillar.Core.Tests.InstalacionDeModulosTests	Sillar.Core.Tests.InstalacionDeModulosTests.CORE_se_instala_el_primero_y_no_por_casualidad	2026-10-03T21:31:05.3380266-05:00	00:00:00.0028349
Passed	Sillar.Core.Tests.InstalacionDeModulosTests	Sillar.Core.Tests.InstalacionDeModulosTests.Clasificar_con_algo_ajeno_no_es_seguro	2026-10-03T21:31:19.1391867-05:00	00:00:00.0011456
Passed	Sillar.Core.Tests.InstalacionDeModulosTests	Sillar.Core.Tests.InstalacionDeModulosTests.Clasificar_con_solo_lo_nuestro_es_reanudable	2026-10-03T21:30:48.7398978-05:00	00:00:00.0226598
Passed	Sillar.Core.Tests.InstalacionDeModulosTests	Sillar.Core.Tests.InstalacionDeModulosTests.Clasificar_sin_nada_es_pristina	2026-10-03T21:31:05.3345788-05:00	00:00:00.0010326
Passed	Sillar.Core.Tests.InstalacionDeModulosTests	Sillar.Core.Tests.InstalacionDeModulosTests.El_503_nombra_base_servidor_puerto_y_la_evidencia_y_manda_comprobar_la_conexion	2026-10-03T21:31:12.7491486-05:00	00:00:02.9945510
Passed	Sillar.Core.Tests.InstalacionDeModulosTests	Sillar.Core.Tests.InstalacionDeModulosTests.El_orden_es_el_mismo_llegue_como_llegue_el_catalogo_de_modulos	2026-10-03T21:31:03.5778713-05:00	00:00:00.0057888
Passed	Sillar.Core.Tests.InstalacionDeModulosTests	Sillar.Core.Tests.InstalacionDeModulosTests.Las_extensiones_en_public_no_convierten_la_base_en_ajena	2026-10-03T21:31:15.7471345-05:00	00:00:02.5631670
Passed	Sillar.Core.Tests.InstalacionDeModulosTests	Sillar.Core.Tests.InstalacionDeModulosTests.POST_setup_sobre_base_pristina_responde_201	2026-10-03T21:30:48.8572986-05:00	00:00:11.0393431
Passed	Sillar.Core.Tests.InstalacionDeModulosTests	Sillar.Core.Tests.InstalacionDeModulosTests.Repetir_la_instalacion_no_reaplica_nada_y_sigue_operativa	2026-10-03T21:31:05.3427217-05:00	00:00:03.9503974
Passed	Sillar.Core.Tests.InstalacionDeModulosTests	Sillar.Core.Tests.InstalacionDeModulosTests.Un_historial_con_migraciones_que_este_binario_no_conoce_no_se_toca	2026-10-03T21:30:59.8987246-05:00	00:00:02.9294703
Passed	Sillar.Core.Tests.InstalacionDeModulosTests	Sillar.Core.Tests.InstalacionDeModulosTests.Un_schema_ajeno_hace_que_se_niegue_antes_de_migrar_nada	2026-10-03T21:31:03.5863870-05:00	00:00:01.7454494
Passed	Sillar.Core.Tests.InstalacionDeModulosTests	Sillar.Core.Tests.InstalacionDeModulosTests.Un_schema_con_nuestro_nombre_pero_sin_nuestro_historial_no_se_toca	2026-10-03T21:31:18.3116829-05:00	00:00:00.8255755
Passed	Sillar.Core.Tests.InstalacionDeModulosTests	Sillar.Core.Tests.InstalacionDeModulosTests.Un_schema_de_SILLAR_cuya_primera_migracion_fallo_sigue_siendo_reanudable	2026-10-03T21:31:09.3056301-05:00	00:00:03.4382939
Passed	Sillar.Core.Tests.InstalacionDeModulosTests	Sillar.Core.Tests.InstalacionDeModulosTests.Una_instalacion_a_medias_se_reanuda_y_se_completa	2026-10-03T21:30:28.2061298-05:00	00:00:20.4536101
Passed	Sillar.Core.Tests.InstalacionDeModulosTests	Sillar.Core.Tests.InstalacionDeModulosTests.Una_tabla_ajena_en_public_hace_que_se_niegue	2026-10-03T21:31:02.8337222-05:00	00:00:00.7429287
Passed	Sillar.Core.Tests.LockoutPolicyTests	Sillar.Core.Tests.LockoutPolicyTests.El_bloqueo_termina_solo_al_pasar_el_plazo	2026-10-03T21:30:28.8040563-05:00	00:00:00.0084361
Passed	Sillar.Core.Tests.LockoutPolicyTests	Sillar.Core.Tests.LockoutPolicyTests.El_quinto_fallo_bloquea_quince_minutos	2026-10-03T21:30:28.8148299-05:00	00:00:00.0091385
Passed	Sillar.Core.Tests.LockoutPolicyTests	Sillar.Core.Tests.LockoutPolicyTests.Los_fallos_siguientes_reinician_los_quince_minutos	2026-10-03T21:30:28.8537338-05:00	00:00:00.0035061
Passed	Sillar.Core.Tests.LockoutPolicyTests	Sillar.Core.Tests.LockoutPolicyTests.Menos_de_cinco_fallos_no_bloquean(fallos: 1)	2026-10-03T21:30:28.8383694-05:00	00:00:00.0058856
Passed	Sillar.Core.Tests.LockoutPolicyTests	Sillar.Core.Tests.LockoutPolicyTests.Menos_de_cinco_fallos_no_bloquean(fallos: 4)	2026-10-03T21:30:28.8332439-05:00	00:00:00.0002957
Passed	Sillar.Core.Tests.LockoutPolicyTests	Sillar.Core.Tests.LockoutPolicyTests.Una_cuenta_sin_bloqueo_no_esta_bloqueada	2026-10-03T21:30:28.7867945-05:00	00:00:00.0112272
Passed	Sillar.Core.Tests.LoginEvaluatorTests	Sillar.Core.Tests.LoginEvaluatorTests.Con_la_contrasena_correcta_y_la_cuenta_bloqueada_devuelve_423	2026-10-03T21:30:28.2057691-05:00	00:00:00.2527509
Passed	Sillar.Core.Tests.LoginEvaluatorTests	Sillar.Core.Tests.LoginEvaluatorTests.Con_la_contrasena_incorrecta_y_la_cuenta_bloqueada_devuelve_401_y_no_423	2026-10-03T21:30:28.7498946-05:00	00:00:00.0006197
Passed	Sillar.Core.Tests.LoginEvaluatorTests	Sillar.Core.Tests.LoginEvaluatorTests.Con_todo_en_orden_concede_el_acceso	2026-10-03T21:30:28.6887473-05:00	00:00:00.0007404
Passed	Sillar.Core.Tests.LoginEvaluatorTests	Sillar.Core.Tests.LoginEvaluatorTests.El_senuelo_no_se_calcula_cuando_la_cuenta_existe	2026-10-03T21:30:28.7075114-05:00	00:00:00.0005247
Passed	Sillar.Core.Tests.LoginEvaluatorTests	Sillar.Core.Tests.LoginEvaluatorTests.Un_bloqueo_ya_vencido_no_impide_entrar	2026-10-03T21:30:28.6746286-05:00	00:00:00.0124510
Passed	Sillar.Core.Tests.LoginEvaluatorTests	Sillar.Core.Tests.LoginEvaluatorTests.Un_correo_que_no_existe_devuelve_401_y_gasta_el_tiempo_del_senuelo	2026-10-03T21:30:28.6066832-05:00	00:00:00.0589158
Passed	Sillar.Core.Tests.LoginEvaluatorTests	Sillar.Core.Tests.LoginEvaluatorTests.Una_contrasena_incorrecta_devuelve_401	2026-10-03T21:30:28.7358965-05:00	00:00:00.0030225
Passed	Sillar.Core.Tests.LoginEvaluatorTests	Sillar.Core.Tests.LoginEvaluatorTests.Una_cuenta_desactivada_devuelve_401_generico	2026-10-03T21:30:28.7625517-05:00	00:00:00.0089073
Passed	Sillar.Core.Tests.LoginEvaluatorTests	Sillar.Core.Tests.LoginEvaluatorTests.Una_cuenta_desactivada_y_bloqueada_devuelve_423_porque_el_bloqueo_se_mira_antes	2026-10-03T21:30:28.7188190-05:00	00:00:00.0006638
Passed	Sillar.Core.Tests.PasswordPolicyTests	Sillar.Core.Tests.PasswordPolicyTests.Doce_caracteres_se_aceptan	2026-10-03T21:30:29.4068627-05:00	00:00:00.0263758
Passed	Sillar.Core.Tests.PasswordPolicyTests	Sillar.Core.Tests.PasswordPolicyTests.El_apellido_si_se_comprueba_aunque_el_nombre_sea_corto	2026-10-03T21:30:29.1458952-05:00	00:00:00.1207541
Passed	Sillar.Core.Tests.PasswordPolicyTests	Sillar.Core.Tests.PasswordPolicyTests.El_motivo_del_rechazo_esta_en_espanol	2026-10-03T21:30:29.5000818-05:00	00:00:00.0034615
Passed	Sillar.Core.Tests.PasswordPolicyTests	Sillar.Core.Tests.PasswordPolicyTests.La_comparacion_con_la_identidad_ignora_mayusculas	2026-10-03T21:30:29.3819987-05:00	00:00:00.0003639
Passed	Sillar.Core.Tests.PasswordPolicyTests	Sillar.Core.Tests.PasswordPolicyTests.Las_contrasenas_comunes_se_rechazan(contrasena: "123456789012")	2026-10-03T21:30:29.3703505-05:00	00:00:00.0001173
Passed	Sillar.Core.Tests.PasswordPolicyTests	Sillar.Core.Tests.PasswordPolicyTests.Las_contrasenas_comunes_se_rechazan(contrasena: "CONTRASEÑA12")	2026-10-03T21:30:29.3467863-05:00	00:00:00.0082872
Passed	Sillar.Core.Tests.PasswordPolicyTests	Sillar.Core.Tests.PasswordPolicyTests.Las_contrasenas_comunes_se_rechazan(contrasena: "administrador")	2026-10-03T21:30:29.3563737-05:00	00:00:00.0001331
Passed	Sillar.Core.Tests.PasswordPolicyTests	Sillar.Core.Tests.PasswordPolicyTests.Las_contrasenas_comunes_se_rechazan(contrasena: "contrasena12")	2026-10-03T21:30:29.3314898-05:00	00:00:00.0139207
Passed	Sillar.Core.Tests.PasswordPolicyTests	Sillar.Core.Tests.PasswordPolicyTests.Las_palabras_cortas_del_nombre_no_invalidan_media_lengua	2026-10-03T21:30:29.4966948-05:00	00:00:00.0019552
Passed	Sillar.Core.Tests.PasswordPolicyTests	Sillar.Core.Tests.PasswordPolicyTests.Mas_de_setenta_y_dos_caracteres_se_rechaza	2026-10-03T21:30:29.4614145-05:00	00:00:00.0067659
Passed	Sillar.Core.Tests.PasswordPolicyTests	Sillar.Core.Tests.PasswordPolicyTests.No_se_exigen_mayusculas_ni_digitos_ni_simbolos	2026-10-03T21:30:29.4786988-05:00	00:00:00.0006870
Passed	Sillar.Core.Tests.PasswordPolicyTests	Sillar.Core.Tests.PasswordPolicyTests.Once_caracteres_se_rechazan	2026-10-03T21:30:29.2786120-05:00	00:00:00.0092339
Passed	Sillar.Core.Tests.PasswordPolicyTests	Sillar.Core.Tests.PasswordPolicyTests.Una_contrasena_que_contiene_el_correo_se_rechaza	2026-10-03T21:30:29.4488547-05:00	00:00:00.0004467
Passed	Sillar.Core.Tests.PasswordPolicyTests	Sillar.Core.Tests.PasswordPolicyTests.Una_contrasena_que_contiene_el_nombre_se_rechaza	2026-10-03T21:30:29.3916668-05:00	00:00:00.0132401
Passed	Sillar.Core.Tests.PasswordPolicyTests	Sillar.Core.Tests.PasswordPolicyTests.Una_contrasena_que_contiene_la_parte_previa_a_la_arroba_se_rechaza	2026-10-03T21:30:29.2683805-05:00	00:00:00.0061653
Passed	Sillar.Core.Tests.PasswordPolicyTests	Sillar.Core.Tests.PasswordPolicyTests.Una_contrasena_vacia_se_rechaza	2026-10-03T21:30:29.4847945-05:00	00:00:00.0004409
Passed	Sillar.Core.Tests.RoleHierarchyTests	Sillar.Core.Tests.RoleHierarchyTests.Un_rol_desconocido_no_satisface_nada(rol: "")	2026-10-03T21:30:28.5873103-05:00	00:00:00.0109044
Passed	Sillar.Core.Tests.RoleHierarchyTests	Sillar.Core.Tests.RoleHierarchyTests.Un_rol_desconocido_no_satisface_nada(rol: "Admin")	2026-10-03T21:30:28.6278006-05:00	00:00:00.0001115
Passed	Sillar.Core.Tests.RoleHierarchyTests	Sillar.Core.Tests.RoleHierarchyTests.Un_rol_desconocido_no_satisface_nada(rol: "jefe")	2026-10-03T21:30:28.6266041-05:00	00:00:00.0000950
Passed	Sillar.Core.Tests.RoleHierarchyTests	Sillar.Core.Tests.RoleHierarchyTests.Un_rol_desconocido_no_satisface_nada(rol: null)	2026-10-03T21:30:28.2061066-05:00	00:00:00.1999997
Passed	Sillar.Core.Tests.RoleHierarchyTests	Sillar.Core.Tests.RoleHierarchyTests.Un_rol_no_alcanza_lo_que_esta_por_encima(rol: "admin", exigido: "super_admin")	2026-10-03T21:30:28.6367647-05:00	00:00:00.0006809
Passed	Sillar.Core.Tests.RoleHierarchyTests	Sillar.Core.Tests.RoleHierarchyTests.Un_rol_no_alcanza_lo_que_esta_por_encima(rol: "editor", exigido: "admin")	2026-10-03T21:30:28.6441379-05:00	00:00:00.0001201
Passed	Sillar.Core.Tests.RoleHierarchyTests	Sillar.Core.Tests.RoleHierarchyTests.Un_rol_no_alcanza_lo_que_esta_por_encima(rol: "editor", exigido: "super_admin")	2026-10-03T21:30:28.6353538-05:00	00:00:00.0003146
Passed	Sillar.Core.Tests.RoleHierarchyTests	Sillar.Core.Tests.RoleHierarchyTests.Un_rol_satisface_lo_que_se_le_exige_por_debajo(rol: "admin", exigido: "admin")	2026-10-03T21:30:28.6475120-05:00	00:00:00.0002344
Passed	Sillar.Core.Tests.RoleHierarchyTests	Sillar.Core.Tests.RoleHierarchyTests.Un_rol_satisface_lo_que_se_le_exige_por_debajo(rol: "admin", exigido: "editor")	2026-10-03T21:30:28.6578183-05:00	00:00:00.0000555
Passed	Sillar.Core.Tests.RoleHierarchyTests	Sillar.Core.Tests.RoleHierarchyTests.Un_rol_satisface_lo_que_se_le_exige_por_debajo(rol: "editor", exigido: "editor")	2026-10-03T21:30:28.6528339-05:00	00:00:00.0032150
Passed	Sillar.Core.Tests.RoleHierarchyTests	Sillar.Core.Tests.RoleHierarchyTests.Un_rol_satisface_lo_que_se_le_exige_por_debajo(rol: "super_admin", exigido: "admin")	2026-10-03T21:30:28.6571525-05:00	00:00:00.0000735
Passed	Sillar.Core.Tests.RoleHierarchyTests	Sillar.Core.Tests.RoleHierarchyTests.Un_rol_satisface_lo_que_se_le_exige_por_debajo(rol: "super_admin", exigido: "editor")	2026-10-03T21:30:28.6599823-05:00	00:00:00.0000945
Passed	Sillar.Core.Tests.RoleHierarchyTests	Sillar.Core.Tests.RoleHierarchyTests.Un_rol_satisface_lo_que_se_le_exige_por_debajo(rol: "super_admin", exigido: "super_admin")	2026-10-03T21:30:28.6487995-05:00	00:00:00.0006994
Passed	Sillar.Core.Tests.SessionPolicyTests	Sillar.Core.Tests.SessionPolicyTests.Cerca_del_septimo_dia_manda_el_tope_absoluto	2026-10-03T21:30:28.9508789-05:00	00:00:00.0118196
Passed	Sillar.Core.Tests.SessionPolicyTests	Sillar.Core.Tests.SessionPolicyTests.Dentro_del_minuto_siguiente_no_se_reescribe_last_seen_at	2026-10-03T21:30:28.9905972-05:00	00:00:00.0116943
Passed	Sillar.Core.Tests.SessionPolicyTests	Sillar.Core.Tests.SessionPolicyTests.La_caducidad_es_la_inactividad_mientras_no_choque_con_el_tope	2026-10-03T21:30:28.9670230-05:00	00:00:00.0004413
Passed	Sillar.Core.Tests.SessionPolicyTests	Sillar.Core.Tests.SessionPolicyTests.Ocho_horas_sin_actividad_caducan_la_sesion	2026-10-03T21:30:28.9756086-05:00	00:00:00.0034232
Passed	Sillar.Core.Tests.SessionPolicyTests	Sillar.Core.Tests.SessionPolicyTests.Pasado_el_minuto_se_reescribe_last_seen_at	2026-10-03T21:30:29.0095845-05:00	00:00:00.0029841
Passed	Sillar.Core.Tests.SessionPolicyTests	Sillar.Core.Tests.SessionPolicyTests.Siete_dias_desde_la_emision_caducan_la_sesion_aunque_se_acabe_de_usar	2026-10-03T21:30:28.9327852-05:00	00:00:00.0093370
Passed	Sillar.Core.Tests.SessionPolicyTests	Sillar.Core.Tests.SessionPolicyTests.Una_sesion_recien_usada_sirve	2026-10-03T21:30:28.9804564-05:00	00:00:00.0058364
Passed	Sillar.Core.Tests.SessionPolicyTests	Sillar.Core.Tests.SessionPolicyTests.Una_sesion_revocada_no_sirve_aunque_este_en_plazo	2026-10-03T21:30:28.8500209-05:00	00:00:00.0810020
Passed	Sillar.Core.Tests.SessionTokenTests	Sillar.Core.Tests.SessionTokenTests.Dos_tokens_seguidos_no_se_parecen	2026-10-03T21:30:28.7323778-05:00	00:00:00.0319962
Passed	Sillar.Core.Tests.SessionTokenTests	Sillar.Core.Tests.SessionTokenTests.El_hash_cabe_en_la_columna	2026-10-03T21:30:28.7035654-05:00	00:00:00.0169269
Passed	Sillar.Core.Tests.SessionTokenTests	Sillar.Core.Tests.SessionTokenTests.El_hash_no_contiene_el_token	2026-10-03T21:30:28.6019804-05:00	00:00:00.0124068
Passed	Sillar.Core.Tests.SessionTokenTests	Sillar.Core.Tests.SessionTokenTests.El_token_de_otra_sesion_no_coincide	2026-10-03T21:30:28.7222496-05:00	00:00:00.0004715
Passed	Sillar.Core.Tests.SessionTokenTests	Sillar.Core.Tests.SessionTokenTests.El_token_de_sesion_lleva_256_bits	2026-10-03T21:30:28.6303529-05:00	00:00:00.0318504
Passed	Sillar.Core.Tests.SessionTokenTests	Sillar.Core.Tests.SessionTokenTests.El_token_viaja_en_una_cookie_y_una_cabecera_sin_escapar_nada	2026-10-03T21:30:28.7800798-05:00	00:00:00.0835237
Passed	Sillar.Core.Tests.SessionTokenTests	Sillar.Core.Tests.SessionTokenTests.Sin_token_o_sin_hash_no_hay_coincidencia(token: "", hash: "algo")	2026-10-03T21:30:28.6906694-05:00	00:00:00.0000881
Passed	Sillar.Core.Tests.SessionTokenTests	Sillar.Core.Tests.SessionTokenTests.Sin_token_o_sin_hash_no_hay_coincidencia(token: "algo", hash: "")	2026-10-03T21:30:28.6894103-05:00	00:00:00.0000985
Passed	Sillar.Core.Tests.SessionTokenTests	Sillar.Core.Tests.SessionTokenTests.Sin_token_o_sin_hash_no_hay_coincidencia(token: "algo", hash: null)	2026-10-03T21:30:28.6765904-05:00	00:00:00.0034698
Passed	Sillar.Core.Tests.SessionTokenTests	Sillar.Core.Tests.SessionTokenTests.Sin_token_o_sin_hash_no_hay_coincidencia(token: null, hash: "algo")	2026-10-03T21:30:28.6687847-05:00	00:00:00.0003093
Passed	Sillar.Core.Tests.SessionTokenTests	Sillar.Core.Tests.SessionTokenTests.Un_token_coincide_con_su_propio_hash	2026-10-03T21:30:28.2060351-05:00	00:00:00.2038789
Passed	Sillar.Core.Tests.SettingValueValidatorTests	Sillar.Core.Tests.SettingValueValidatorTests.El_motivo_del_rechazo_dice_que_se_esperaba	2026-10-03T21:30:29.1293731-05:00	00:00:00.1179956
Passed	Sillar.Core.Tests.SettingValueValidatorTests	Sillar.Core.Tests.SettingValueValidatorTests.El_numero_se_interpreta_con_punto_decimal_no_con_coma	2026-10-03T21:30:28.9748028-05:00	00:00:00.0026577
Passed	Sillar.Core.Tests.SettingValueValidatorTests	Sillar.Core.Tests.SettingValueValidatorTests.Los_booleanos_reconocibles_se_interpretan(valor: "0", esperado: False)	2026-10-03T21:30:29.0957911-05:00	00:00:00.0023285
Passed	Sillar.Core.Tests.SettingValueValidatorTests	Sillar.Core.Tests.SettingValueValidatorTests.Los_booleanos_reconocibles_se_interpretan(valor: "1", esperado: True)	2026-10-03T21:30:29.0886528-05:00	00:00:00.0001123
Passed	Sillar.Core.Tests.SettingValueValidatorTests	Sillar.Core.Tests.SettingValueValidatorTests.Los_booleanos_reconocibles_se_interpretan(valor: "SÍ", esperado: True)	2026-10-03T21:30:29.0897854-05:00	00:00:00.0046049
Passed	Sillar.Core.Tests.SettingValueValidatorTests	Sillar.Core.Tests.SettingValueValidatorTests.Los_booleanos_reconocibles_se_interpretan(valor: "false", esperado: False)	2026-10-03T21:30:28.9848693-05:00	00:00:00.0319384
Passed	Sillar.Core.Tests.SettingValueValidatorTests	Sillar.Core.Tests.SettingValueValidatorTests.Los_booleanos_reconocibles_se_interpretan(valor: "no", esperado: False)	2026-10-03T21:30:29.0876522-05:00	00:00:00.0001086
Passed	Sillar.Core.Tests.SettingValueValidatorTests	Sillar.Core.Tests.SettingValueValidatorTests.Los_booleanos_reconocibles_se_interpretan(valor: "true", esperado: True)	2026-10-03T21:30:29.0178710-05:00	00:00:00.0083935
Passed	Sillar.Core.Tests.SettingValueValidatorTests	Sillar.Core.Tests.SettingValueValidatorTests.Un_valor_que_encaja_con_su_tipo_se_acepta(tipo: "boolean", valor: "0")	2026-10-03T21:30:28.9697147-05:00	00:00:00.0032436
Passed	Sillar.Core.Tests.SettingValueValidatorTests	Sillar.Core.Tests.SettingValueValidatorTests.Un_valor_que_encaja_con_su_tipo_se_acepta(tipo: "boolean", valor: "SI")	2026-10-03T21:30:28.9560802-05:00	00:00:00.0001513
Passed	Sillar.Core.Tests.SettingValueValidatorTests	Sillar.Core.Tests.SettingValueValidatorTests.Un_valor_que_encaja_con_su_tipo_se_acepta(tipo: "boolean", valor: "true")	2026-10-03T21:30:28.9517744-05:00	00:00:00.0001392
Passed	Sillar.Core.Tests.SettingValueValidatorTests	Sillar.Core.Tests.SettingValueValidatorTests.Un_valor_que_encaja_con_su_tipo_se_acepta(tipo: "email", valor: "contacto@ejemplo.pe")	2026-10-03T21:30:28.9621080-05:00	00:00:00.0005978
Passed	Sillar.Core.Tests.SettingValueValidatorTests	Sillar.Core.Tests.SettingValueValidatorTests.Un_valor_que_encaja_con_su_tipo_se_acepta(tipo: "json", valor: "{\"horario\":\"9-18\"}")	2026-10-03T21:30:28.9344111-05:00	00:00:00.0163685
Passed	Sillar.Core.Tests.SettingValueValidatorTests	Sillar.Core.Tests.SettingValueValidatorTests.Un_valor_que_encaja_con_su_tipo_se_acepta(tipo: "number", valor: "-3.5")	2026-10-03T21:30:28.9293226-05:00	00:00:00.0009000
Passed	Sillar.Core.Tests.SettingValueValidatorTests	Sillar.Core.Tests.SettingValueValidatorTests.Un_valor_que_encaja_con_su_tipo_se_acepta(tipo: "number", valor: "42")	2026-10-03T21:30:28.9686684-05:00	00:00:00.0001013
Passed	Sillar.Core.Tests.SettingValueValidatorTests	Sillar.Core.Tests.SettingValueValidatorTests.Un_valor_que_encaja_con_su_tipo_se_acepta(tipo: "text", valor: "Cualquier cosa")	2026-10-03T21:30:28.9602145-05:00	00:00:00.0001201
Passed	Sillar.Core.Tests.SettingValueValidatorTests	Sillar.Core.Tests.SettingValueValidatorTests.Un_valor_que_encaja_con_su_tipo_se_acepta(tipo: "url", valor: "https://ejemplo.pe/local")	2026-10-03T21:30:28.9185499-05:00	00:00:00.0055876
Passed	Sillar.Core.Tests.SettingValueValidatorTests	Sillar.Core.Tests.SettingValueValidatorTests.Un_valor_que_no_encaja_se_rechaza(tipo: "boolean", valor: "quizás")	2026-10-03T21:30:28.7825976-05:00	00:00:00.0071085
Passed	Sillar.Core.Tests.SettingValueValidatorTests	Sillar.Core.Tests.SettingValueValidatorTests.Un_valor_que_no_encaja_se_rechaza(tipo: "email", valor: "arroba-no-hay")	2026-10-03T21:30:28.8555257-05:00	00:00:00.0541361
Passed	Sillar.Core.Tests.SettingValueValidatorTests	Sillar.Core.Tests.SettingValueValidatorTests.Un_valor_que_no_encaja_se_rechaza(tipo: "json", valor: "{esto no es json}")	2026-10-03T21:30:28.7404897-05:00	00:00:00.0387069
Passed	Sillar.Core.Tests.SettingValueValidatorTests	Sillar.Core.Tests.SettingValueValidatorTests.Un_valor_que_no_encaja_se_rechaza(tipo: "number", valor: "muchos")	2026-10-03T21:30:28.7908757-05:00	00:00:00.0176866
Passed	Sillar.Core.Tests.SettingValueValidatorTests	Sillar.Core.Tests.SettingValueValidatorTests.Un_valor_que_no_encaja_se_rechaza(tipo: "url", valor: "ejemplo.pe")	2026-10-03T21:30:28.8538579-05:00	00:00:00.0001870
Passed	Sillar.Core.Tests.SettingValueValidatorTests	Sillar.Core.Tests.SettingValueValidatorTests.Un_valor_que_no_encaja_se_rechaza(tipo: "url", valor: "ftp://ejemplo.pe")	2026-10-03T21:30:28.8101809-05:00	00:00:00.0401506
Passed	Sillar.Core.Tests.SettingValueValidatorTests	Sillar.Core.Tests.SettingValueValidatorTests.Un_valor_vacio_se_rechaza_sea_cual_sea_el_tipo(valor: "   ")	2026-10-03T21:30:29.0998718-05:00	00:00:00.0026817
Passed	Sillar.Core.Tests.SettingValueValidatorTests	Sillar.Core.Tests.SettingValueValidatorTests.Un_valor_vacio_se_rechaza_sea_cual_sea_el_tipo(valor: "")	2026-10-03T21:30:29.1183639-05:00	00:00:00.0000933
Passed	Sillar.Core.Tests.SettingValueValidatorTests	Sillar.Core.Tests.SettingValueValidatorTests.Un_valor_vacio_se_rechaza_sea_cual_sea_el_tipo(valor: null)	2026-10-03T21:30:29.1088539-05:00	00:00:00.0057110
Passed	Sillar.Modules.Catalog.Tests.BreadcrumbTests	Sillar.Modules.Catalog.Tests.BreadcrumbTests.Entre_varias_activas_se_elige_por_nombre_no_por_orden_de_llegada	2026-10-03T21:30:27.5936565-05:00	00:00:00.0382272
Passed	Sillar.Modules.Catalog.Tests.BreadcrumbTests	Sillar.Modules.Catalog.Tests.BreadcrumbTests.La_ruta_se_corta_en_el_primer_antecesor_inactivo_sin_incluirlo	2026-10-03T21:30:27.0515764-05:00	00:00:00.4770321
Passed	Sillar.Modules.Catalog.Tests.BreadcrumbTests	Sillar.Modules.Catalog.Tests.BreadcrumbTests.La_ruta_sube_de_la_categoria_hasta_la_raiz	2026-10-03T21:30:27.7192869-05:00	00:00:00.0238638
Passed	Sillar.Modules.Catalog.Tests.BreadcrumbTests	Sillar.Modules.Catalog.Tests.BreadcrumbTests.Si_la_principal_esta_activa_se_usa_ella	2026-10-03T21:30:27.6474810-05:00	00:00:00.0090676
Passed	Sillar.Modules.Catalog.Tests.BreadcrumbTests	Sillar.Modules.Catalog.Tests.BreadcrumbTests.Si_la_principal_esta_inactiva_se_usa_otra_activa_del_producto	2026-10-03T21:30:27.7622227-05:00	00:00:00.0077739
Passed	Sillar.Modules.Catalog.Tests.BreadcrumbTests	Sillar.Modules.Catalog.Tests.BreadcrumbTests.Si_ninguna_categoria_esta_activa_no_hay_miga	2026-10-03T21:30:27.6694891-05:00	00:00:00.0228192
Passed	Sillar.Modules.Catalog.Tests.BreadcrumbTests	Sillar.Modules.Catalog.Tests.BreadcrumbTests.Sin_categoria_principal_se_usa_otra_activa_igual	2026-10-03T21:30:27.7095921-05:00	00:00:00.0037107
Passed	Sillar.Modules.Catalog.Tests.CatalogContractPostgresTests	Sillar.Modules.Catalog.Tests.CatalogContractPostgresTests.BuscarPorCodigo_traduce_con_inner_join_y_respeta_actividad_y_proyeccion	2026-10-03T21:30:40.1653120-05:00	00:00:00.1870715
Passed	Sillar.Modules.Catalog.Tests.CatalogContractPostgresTests	Sillar.Modules.Catalog.Tests.CatalogContractPostgresTests.Buscar_traduce_con_inner_join_full_text_filtros_orden_y_limite_cero	2026-10-03T21:30:39.9744666-05:00	00:00:00.1872850
Passed	Sillar.Modules.Catalog.Tests.CatalogContractPostgresTests	Sillar.Modules.Catalog.Tests.CatalogContractPostgresTests.ItemExisteYEstaActivo_traduce_en_postgresql_y_distingue_activa_inactiva_e_inexistente	2026-10-03T21:30:27.0510799-05:00	00:00:12.1750075
Passed	Sillar.Modules.Catalog.Tests.CatalogContractPostgresTests	Sillar.Modules.Catalog.Tests.CatalogContractPostgresTests.ObtenerItem_traduce_con_inner_join_y_relee_variante_inactiva	2026-10-03T21:30:39.8426769-05:00	00:00:00.1247709
Passed	Sillar.Modules.Catalog.Tests.CatalogContractPostgresTests	Sillar.Modules.Catalog.Tests.CatalogContractPostgresTests.VariantesDe_traduce_con_inner_join_y_conserva_solo_item_activo_y_orden	2026-10-03T21:30:39.3001750-05:00	00:00:00.5402926
Passed	Sillar.Modules.Catalog.Tests.CatalogSelectionTests	Sillar.Modules.Catalog.Tests.CatalogSelectionTests.Pedir_cero_o_menos_devuelve_uno	2026-10-03T21:30:27.0490066-05:00	00:00:00.2194632
Passed	Sillar.Modules.Catalog.Tests.CatalogSelectionTests	Sillar.Modules.Catalog.Tests.CatalogSelectionTests.Pedir_mas_del_tope_devuelve_el_tope	2026-10-03T21:30:27.4766680-05:00	00:00:00.0134804
Passed	Sillar.Modules.Catalog.Tests.CatalogSelectionTests	Sillar.Modules.Catalog.Tests.CatalogSelectionTests.Un_limite_razonable_se_respeta	2026-10-03T21:30:27.5135253-05:00	00:00:00.0003486
Passed	Sillar.Modules.Catalog.Tests.CatalogTranslationTests	Sillar.Modules.Catalog.Tests.CatalogTranslationTests.Buscar_para_seleccion_se_traduce_y_se_ejecuta	2026-10-03T21:30:39.3877604-05:00	00:00:00.2752168
Passed	Sillar.Modules.Catalog.Tests.CatalogTranslationTests	Sillar.Modules.Catalog.Tests.CatalogTranslationTests.La_busqueda_no_distingue_tildes_ni_mayusculas	2026-10-03T21:30:27.0480144-05:00	00:00:12.2847085
Passed	Sillar.Modules.Catalog.Tests.CatalogTranslationTests	Sillar.Modules.Catalog.Tests.CatalogTranslationTests.Obtener_para_seleccion_se_traduce_y_devuelve_lo_mismo_que_buscar	2026-10-03T21:30:39.9847337-05:00	00:00:00.0894381
Passed	Sillar.Modules.Catalog.Tests.CatalogTranslationTests	Sillar.Modules.Catalog.Tests.CatalogTranslationTests.Un_producto_de_baja_no_se_puede_elegir_pero_si_releer	2026-10-03T21:30:39.9026349-05:00	00:00:00.0804201
Passed	Sillar.Modules.Catalog.Tests.CatalogTranslationTests	Sillar.Modules.Catalog.Tests.CatalogTranslationTests.Un_producto_que_no_existe_se_relee_como_nulo	2026-10-03T21:30:39.6688094-05:00	00:00:00.2265664
Passed	Sillar.Modules.Catalog.Tests.CategoryTreeTests	Sillar.Modules.Catalog.Tests.CategoryTreeTests.Asignar_un_padre_sin_relacion_no_es_ciclo	2026-10-03T21:30:27.5188853-05:00	00:00:00.0106851
Passed	Sillar.Modules.Catalog.Tests.CategoryTreeTests	Sillar.Modules.Catalog.Tests.CategoryTreeTests.Asignar_una_raiz_nueva_no_es_ciclo	2026-10-03T21:30:27.0515398-05:00	00:00:00.2129067
Passed	Sillar.Modules.Catalog.Tests.CategoryTreeTests	Sillar.Modules.Catalog.Tests.CategoryTreeTests.Mover_una_hoja_a_otra_rama_no_es_ciclo	2026-10-03T21:30:27.5490174-05:00	00:00:00.0007378
Passed	Sillar.Modules.Catalog.Tests.CategoryTreeTests	Sillar.Modules.Catalog.Tests.CategoryTreeTests.Ser_padre_de_si_misma_es_ciclo	2026-10-03T21:30:27.4807541-05:00	00:00:00.0202824
Passed	Sillar.Modules.Catalog.Tests.CategoryTreeTests	Sillar.Modules.Catalog.Tests.CategoryTreeTests.Un_ciclo_largo_tambien_se_detecta	2026-10-03T21:30:27.5648819-05:00	00:00:00.0095580
Passed	Sillar.Modules.Catalog.Tests.ItemPricingTests	Sillar.Modules.Catalog.Tests.ItemPricingTests.Cero_no_es_lo_mismo_que_nulo	2026-10-03T21:30:27.7212841-05:00	00:00:00.0226579
Passed	Sillar.Modules.Catalog.Tests.ItemPricingTests	Sillar.Modules.Catalog.Tests.ItemPricingTests.Con_precio_propio_lo_usa_a_el	2026-10-03T21:30:27.6125485-05:00	00:00:00.0572298
Passed	Sillar.Modules.Catalog.Tests.ItemPricingTests	Sillar.Modules.Catalog.Tests.ItemPricingTests.El_minimo_cuenta_lo_que_se_hereda_no_solo_lo_propio	2026-10-03T21:30:27.0514498-05:00	00:00:00.2787446
Passed	Sillar.Modules.Catalog.Tests.ItemPricingTests	Sillar.Modules.Catalog.Tests.ItemPricingTests.Gratis_es_un_precio_y_puede_ser_el_minimo	2026-10-03T21:30:27.5193752-05:00	00:00:00.0058629
Passed	Sillar.Modules.Catalog.Tests.ItemPricingTests	Sillar.Modules.Catalog.Tests.ItemPricingTests.Nulo_en_los_dos_es_consultar_precio_no_cero	2026-10-03T21:30:27.5554837-05:00	00:00:00.0255955
Passed	Sillar.Modules.Catalog.Tests.ItemPricingTests	Sillar.Modules.Catalog.Tests.ItemPricingTests.Si_cuestan_distinto_la_tarjeta_ensena_el_minimo_con_desde	2026-10-03T21:30:27.5826706-05:00	00:00:00.0149282
Passed	Sillar.Modules.Catalog.Tests.ItemPricingTests	Sillar.Modules.Catalog.Tests.ItemPricingTests.Si_todas_las_presentaciones_cuestan_igual_la_tarjeta_no_dice_desde	2026-10-03T21:30:27.4877288-05:00	00:00:00.0176532
Passed	Sillar.Modules.Catalog.Tests.ItemPricingTests	Sillar.Modules.Catalog.Tests.ItemPricingTests.Sin_precio_propio_usa_el_de_lista	2026-10-03T21:30:27.6715881-05:00	00:00:00.0291097
Passed	Sillar.Modules.Catalog.Tests.ItemPricingTests	Sillar.Modules.Catalog.Tests.ItemPricingTests.Un_producto_sin_presentaciones_ensena_su_precio_de_lista	2026-10-03T21:30:27.5268068-05:00	00:00:00.0012112
Passed	Sillar.Modules.Catalog.Tests.ItemPricingTests	Sillar.Modules.Catalog.Tests.ItemPricingTests.Una_sola_a_consultar_deja_toda_la_tarjeta_a_consultar	2026-10-03T21:30:27.7114539-05:00	00:00:00.0006584
Passed	Sillar.Modules.Catalog.Tests.ProductEventTests	Sillar.Modules.Catalog.Tests.ProductEventTests.Cambiar_las_categorias_avisa	2026-10-03T21:30:39.3001750-05:00	00:00:01.1587190
Passed	Sillar.Modules.Catalog.Tests.ProductEventTests	Sillar.Modules.Catalog.Tests.ProductEventTests.Dar_de_baja_y_reactivar_avisan_los_dos	2026-10-03T21:30:40.4625757-05:00	00:00:00.4136149
Passed	Sillar.Modules.Catalog.Tests.ProductEventTests	Sillar.Modules.Catalog.Tests.ProductEventTests.Editar_una_presentacion_avisa_de_que_cambio_el_producto	2026-10-03T21:30:27.0512342-05:00	00:00:12.1738290
Passed	Sillar.Modules.Catalog.Tests.ProductEventTests	Sillar.Modules.Catalog.Tests.ProductEventTests.La_forma_interna_del_producto_no_cambia_lo_que_se_emite	2026-10-03T21:30:40.8786633-05:00	00:00:00.2267891
Passed	Sillar.Modules.Catalog.Tests.ProductItemRulesTests	Sillar.Modules.Catalog.Tests.ProductItemRulesTests.El_mensaje_no_es_un_error_generico	2026-10-03T21:30:27.6926317-05:00	00:00:00.0010931
Passed	Sillar.Modules.Catalog.Tests.ProductItemRulesTests	Sillar.Modules.Catalog.Tests.ProductItemRulesTests.Si_es_la_ultima_el_mensaje_propone_desactivar_el_producto	2026-10-03T21:30:27.7056113-05:00	00:00:00.0113512
Passed	Sillar.Modules.Catalog.Tests.ProductItemRulesTests	Sillar.Modules.Catalog.Tests.ProductItemRulesTests.Si_no_es_la_ultima_no_hay_bloqueo	2026-10-03T21:30:27.6667454-05:00	00:00:00.0160739
Passed	Sillar.Modules.Catalog.Tests.SlugGeneratorTests	Sillar.Modules.Catalog.Tests.SlugGeneratorTests.Formatos_invalidos_no_pasan(slug: "")	2026-10-03T21:30:27.5311443-05:00	00:00:00.0005974
Passed	Sillar.Modules.Catalog.Tests.SlugGeneratorTests	Sillar.Modules.Catalog.Tests.SlugGeneratorTests.Formatos_invalidos_no_pasan(slug: "-artesco")	2026-10-03T21:30:27.5688545-05:00	00:00:00.0001666
Passed	Sillar.Modules.Catalog.Tests.SlugGeneratorTests	Sillar.Modules.Catalog.Tests.SlugGeneratorTests.Formatos_invalidos_no_pasan(slug: "Artesco")	2026-10-03T21:30:27.5563053-05:00	00:00:00.0002583
Passed	Sillar.Modules.Catalog.Tests.SlugGeneratorTests	Sillar.Modules.Catalog.Tests.SlugGeneratorTests.Formatos_invalidos_no_pasan(slug: "artesco verde")	2026-10-03T21:30:27.5400563-05:00	00:00:00.0001176
Passed	Sillar.Modules.Catalog.Tests.SlugGeneratorTests	Sillar.Modules.Catalog.Tests.SlugGeneratorTests.Formatos_invalidos_no_pasan(slug: "artesco-")	2026-10-03T21:30:27.5128041-05:00	00:00:00.0084648
Passed	Sillar.Modules.Catalog.Tests.SlugGeneratorTests	Sillar.Modules.Catalog.Tests.SlugGeneratorTests.Formatos_invalidos_no_pasan(slug: "artesco--verde")	2026-10-03T21:30:27.5576142-05:00	00:00:00.0001038
Passed	Sillar.Modules.Catalog.Tests.SlugGeneratorTests	Sillar.Modules.Catalog.Tests.SlugGeneratorTests.Formatos_invalidos_no_pasan(slug: null)	2026-10-03T21:30:27.5791294-05:00	00:00:00.0000924
Passed	Sillar.Modules.Catalog.Tests.SlugGeneratorTests	Sillar.Modules.Catalog.Tests.SlugGeneratorTests.Formatos_validos_pasan(slug: "a4-100-hojas")	2026-10-03T21:30:27.4501984-05:00	00:00:00.0015994
Passed	Sillar.Modules.Catalog.Tests.SlugGeneratorTests	Sillar.Modules.Catalog.Tests.SlugGeneratorTests.Formatos_validos_pasan(slug: "artesco")	2026-10-03T21:30:27.4778516-05:00	00:00:00.0001539
Passed	Sillar.Modules.Catalog.Tests.SlugGeneratorTests	Sillar.Modules.Catalog.Tests.SlugGeneratorTests.Formatos_validos_pasan(slug: "plumon-de-pizarra-verde")	2026-10-03T21:30:27.0513460-05:00	00:00:00.2209302
Passed	Sillar.Modules.Catalog.Tests.SlugGeneratorTests	Sillar.Modules.Catalog.Tests.SlugGeneratorTests.La_ene_con_virgulilla_pliega_a_ene	2026-10-03T21:30:27.6984194-05:00	00:00:00.0099037
Passed	Sillar.Modules.Catalog.Tests.SlugGeneratorTests	Sillar.Modules.Catalog.Tests.SlugGeneratorTests.Las_tildes_desaparecen_sin_dejar_hueco	2026-10-03T21:30:27.7233449-05:00	00:00:00.0004026
Passed	Sillar.Modules.Catalog.Tests.SlugGeneratorTests	Sillar.Modules.Catalog.Tests.SlugGeneratorTests.Lo_que_genera_esta_clase_siempre_es_valido_para_ella_misma	2026-10-03T21:30:27.6375606-05:00	00:00:00.0007102
Passed	Sillar.Modules.Catalog.Tests.SlugGeneratorTests	Sillar.Modules.Catalog.Tests.SlugGeneratorTests.Los_espacios_multiples_no_dejan_guiones_dobles	2026-10-03T21:30:27.6916200-05:00	00:00:00.0050990
Passed	Sillar.Modules.Catalog.Tests.SlugGeneratorTests	Sillar.Modules.Catalog.Tests.SlugGeneratorTests.No_hay_guion_al_principio_ni_al_final	2026-10-03T21:30:27.6619003-05:00	00:00:00.0175352
Passed	Sillar.Modules.Catalog.Tests.SlugGeneratorTests	Sillar.Modules.Catalog.Tests.SlugGeneratorTests.Un_nombre_simple_se_pasa_a_minusculas_y_guiones	2026-10-03T21:30:27.5808586-05:00	00:00:00.0440736
Passed	Sillar.Modules.Cms.Tests.ContratosHttpTests	Sillar.Modules.Cms.Tests.ContratosHttpTests.Administracion_de_trabajos_distingue_los_incompletos	2026-10-03T21:30:26.8462942-05:00	00:00:00.0248187
Passed	Sillar.Modules.Cms.Tests.ContratosHttpTests	Sillar.Modules.Cms.Tests.ContratosHttpTests.Administracion_distingue_el_estado_del_producto_del_estado_del_destacado	2026-10-03T21:30:28.0464066-05:00	00:00:00.0004818
Passed	Sillar.Modules.Cms.Tests.ContratosHttpTests	Sillar.Modules.Cms.Tests.ContratosHttpTests.Destacados_exponen_el_snapshot_sin_precio_formateado	2026-10-03T21:30:28.0319099-05:00	00:00:00.0082084
Passed	Sillar.Modules.Cms.Tests.ContratosHttpTests	Sillar.Modules.Cms.Tests.ContratosHttpTests.Editar_no_permite_desactivar_ni_reordenar_por_un_campo_suelto	2026-10-03T21:30:26.6000603-05:00	00:00:00.1363587
Passed	Sillar.Modules.Cms.Tests.ContratosHttpTests	Sillar.Modules.Cms.Tests.ContratosHttpTests.Las_tres_respuestas_programables_exponen_un_estado_controlado	2026-10-03T21:30:26.8883267-05:00	00:00:01.1255546
Passed	Sillar.Modules.Cms.Tests.ContratosHttpTests	Sillar.Modules.Cms.Tests.ContratosHttpTests.Ninguna_respuesta_publica_expone_identificadores_de_medios	2026-10-03T21:30:28.0148423-05:00	00:00:00.0118362
Passed	Sillar.Modules.Cms.Tests.ContratosHttpTests	Sillar.Modules.Cms.Tests.ContratosHttpTests.Trabajos_y_redes_no_exponen_estado_de_ventana	2026-10-03T21:30:28.0410373-05:00	00:00:00.0003560
Passed	Sillar.Modules.Cms.Tests.EventosCatalogoTests	Sillar.Modules.Cms.Tests.EventosCatalogoTests.Los_tres_manejadores_se_registran_como_singleton_para_el_bus_raiz	2026-10-03T21:30:26.6001160-05:00	00:00:00.1982684
Passed	Sillar.Modules.Cms.Tests.ProductoDestacadoTests	Sillar.Modules.Cms.Tests.ProductoDestacadoTests.Precio_a_consultar_gratis_y_positivo_son_validos	2026-10-03T21:30:27.8570125-05:00	00:00:00.0030665
Passed	Sillar.Modules.Cms.Tests.ProductoDestacadoTests	Sillar.Modules.Cms.Tests.ProductoDestacadoTests.Precio_negativo_se_rechaza	2026-10-03T21:30:27.9438791-05:00	00:00:00.0005039
Passed	Sillar.Modules.Cms.Tests.ProductoDestacadoTests	Sillar.Modules.Cms.Tests.ProductoDestacadoTests.Producto_dado_de_baja_no_puede_publicarse_aunque_siga_publico	2026-10-03T21:30:27.8835104-05:00	00:00:00.0129244
Passed	Sillar.Modules.Cms.Tests.ProductoDestacadoTests	Sillar.Modules.Cms.Tests.ProductoDestacadoTests.Producto_no_publico_no_puede_publicarse	2026-10-03T21:30:27.9177486-05:00	00:00:00.0161030
Passed	Sillar.Modules.Cms.Tests.ProductoDestacadoTests	Sillar.Modules.Cms.Tests.ProductoDestacadoTests.Producto_publico_y_enlazado_puede_publicarse	2026-10-03T21:30:27.8982408-05:00	00:00:00.0124078
Passed	Sillar.Modules.Cms.Tests.ProductoDestacadoTests	Sillar.Modules.Cms.Tests.ProductoDestacadoTests.Releer_el_snapshot_sobrescribe_el_estado_del_producto_y_es_idempotente	2026-10-03T21:30:27.7923901-05:00	00:00:00.0548657
Passed	Sillar.Modules.Cms.Tests.ProductoDestacadoTests	Sillar.Modules.Cms.Tests.ProductoDestacadoTests.Respuesta_conserva_precio_nulo_cero_y_positivo_como_estados_distintos	2026-10-03T21:30:26.5971264-05:00	00:00:01.1502425
Passed	Sillar.Modules.Cms.Tests.ProductoDestacadoTests	Sillar.Modules.Cms.Tests.ProductoDestacadoTests.Snapshot_con_producto_no_esta_pendiente_de_volver_a_enlazar	2026-10-03T21:30:27.8682225-05:00	00:00:00.0062531
Passed	Sillar.Modules.Cms.Tests.ProductoDestacadoTests	Sillar.Modules.Cms.Tests.ProductoDestacadoTests.Snapshot_sin_producto_esta_pendiente_de_volver_a_enlazar	2026-10-03T21:30:27.9572121-05:00	00:00:00.0005438
Passed	Sillar.Modules.Cms.Tests.ReactivacionRedSocialTests	Sillar.Modules.Cms.Tests.ReactivacionRedSocialTests.Crear_desactivar_y_reactivar_instagram_recupera_la_misma_fila	2026-10-03T21:30:26.5980129-05:00	00:00:10.9329957
Passed	Sillar.Modules.Cms.Tests.ReactivacionRedSocialTests	Sillar.Modules.Cms.Tests.ReactivacionRedSocialTests.Reactivar_exige_editor_y_admin_para_aplicar_la_jerarquia_existente	2026-10-03T21:30:37.8395224-05:00	00:00:00.7265074
Passed	Sillar.Modules.Cms.Tests.ReactivacionRedSocialTests	Sillar.Modules.Cms.Tests.ReactivacionRedSocialTests.Reactivar_una_activa_es_idempotente_y_un_id_inexistente_no_se_inventa	2026-10-03T21:30:37.5935835-05:00	00:00:00.2380729
Passed	Sillar.Modules.Cms.Tests.ReglasContenidoTests	Sillar.Modules.Cms.Tests.ReglasContenidoTests.Enlace_sin_texto_visible_se_rechaza	2026-10-03T21:30:27.0887641-05:00	00:00:00.0113234
Passed	Sillar.Modules.Cms.Tests.ReglasContenidoTests	Sillar.Modules.Cms.Tests.ReglasContenidoTests.Fecha_de_fin_anterior_nombra_la_fecha_que_hay_que_corregir	2026-10-03T21:30:27.1586584-05:00	00:00:00.0010131
Passed	Sillar.Modules.Cms.Tests.ReglasContenidoTests	Sillar.Modules.Cms.Tests.ReglasContenidoTests.Fecha_de_fin_igual_al_inicio_tambien_se_rechaza	2026-10-03T21:30:27.0648083-05:00	00:00:00.0012610
Passed	Sillar.Modules.Cms.Tests.ReglasContenidoTests	Sillar.Modules.Cms.Tests.ReglasContenidoTests.Imagen_sin_texto_alternativo_se_rechaza	2026-10-03T21:30:26.6000880-05:00	00:00:00.1238322
Passed	Sillar.Modules.Cms.Tests.ReglasContenidoTests	Sillar.Modules.Cms.Tests.ReglasContenidoTests.Plataforma_social_fuera_de_la_lista_se_rechaza	2026-10-03T21:30:27.1277547-05:00	00:00:00.0149154
Passed	Sillar.Modules.Cms.Tests.ReglasContenidoTests	Sillar.Modules.Cms.Tests.ReglasContenidoTests.Plataforma_social_se_normaliza(original: " WHATSAPP ", expected: "whatsapp")	2026-10-03T21:30:27.0473848-05:00	00:00:00.0046510
Passed	Sillar.Modules.Cms.Tests.ReglasContenidoTests	Sillar.Modules.Cms.Tests.ReglasContenidoTests.Plataforma_social_se_normaliza(original: "Instagram", expected: "instagram")	2026-10-03T21:30:26.9953411-05:00	00:00:00.0312869
Passed	Sillar.Modules.Cms.Tests.ReglasContenidoTests	Sillar.Modules.Cms.Tests.ReglasContenidoTests.Ruta_interna_y_https_con_etiqueta_se_aceptan(url: "/catalogo")	2026-10-03T21:30:26.8865617-05:00	00:00:00.0144072
Passed	Sillar.Modules.Cms.Tests.ReglasContenidoTests	Sillar.Modules.Cms.Tests.ReglasContenidoTests.Ruta_interna_y_https_con_etiqueta_se_aceptan(url: "https://sillar.example/catalogo")	2026-10-03T21:30:26.9022294-05:00	00:00:00.0771979
Passed	Sillar.Modules.Cms.Tests.ReglasContenidoTests	Sillar.Modules.Cms.Tests.ReglasContenidoTests.Sin_imagen_el_texto_alternativo_puede_ser_nulo	2026-10-03T21:30:27.1174733-05:00	00:00:00.0005018
Passed	Sillar.Modules.Cms.Tests.ReglasContenidoTests	Sillar.Modules.Cms.Tests.ReglasContenidoTests.Texto_alternativo_de_espacios_se_rechaza_aunque_no_haya_imagen	2026-10-03T21:30:27.0537658-05:00	00:00:00.0088867
Passed	Sillar.Modules.Cms.Tests.ReordenamientoTests	Sillar.Modules.Cms.Tests.ReordenamientoTests.Cinco_elementos_reciben_exactamente_el_orden_solicitado	2026-10-03T21:30:26.9278639-05:00	00:00:00.3364466
Passed	Sillar.Modules.Cms.Tests.ReordenamientoTests	Sillar.Modules.Cms.Tests.ReordenamientoTests.Omitir_un_elemento_invalida_la_lista_completa	2026-10-03T21:30:26.9163190-05:00	00:00:00.0098838
Passed	Sillar.Modules.Cms.Tests.ReordenamientoTests	Sillar.Modules.Cms.Tests.ReordenamientoTests.Un_identificador_inexistente_invalida_el_plan_entero	2026-10-03T21:30:27.2752160-05:00	00:00:00.0138275
Passed	Sillar.Modules.Cms.Tests.ReordenamientoTests	Sillar.Modules.Cms.Tests.ReordenamientoTests.Un_identificador_repetido_no_produce_asignaciones_parciales	2026-10-03T21:30:26.6000013-05:00	00:00:00.1514095
Passed	Sillar.Modules.Cms.Tests.ReordenamientoTests	Sillar.Modules.Cms.Tests.ReordenamientoTests.Una_seccion_vacia_acepta_una_lista_vacia	2026-10-03T21:30:26.8501851-05:00	00:00:00.0542664
Passed	Sillar.Modules.Cms.Tests.TrabajoDestacadoTests	Sillar.Modules.Cms.Tests.TrabajoDestacadoTests.Con_imagen_activa_y_texto_alternativo_el_trabajo_esta_completo	2026-10-03T21:30:26.8846823-05:00	00:00:00.0009771
Passed	Sillar.Modules.Cms.Tests.TrabajoDestacadoTests	Sillar.Modules.Cms.Tests.TrabajoDestacadoTests.Con_medio_inactivo_el_trabajo_esta_incompleto	2026-10-03T21:30:26.8535677-05:00	00:00:00.0254146
Passed	Sillar.Modules.Cms.Tests.TrabajoDestacadoTests	Sillar.Modules.Cms.Tests.TrabajoDestacadoTests.Sin_imagen_el_trabajo_esta_incompleto	2026-10-03T21:30:26.6004521-05:00	00:00:00.1229419
Passed	Sillar.Modules.Cms.Tests.VigenciaPublicacionTests	Sillar.Modules.Cms.Tests.VigenciaPublicacionTests.Activo_sin_fechas_esta_vigente	2026-10-03T21:30:27.7586053-05:00	00:00:00.0137708
Passed	Sillar.Modules.Cms.Tests.VigenciaPublicacionTests	Sillar.Modules.Cms.Tests.VigenciaPublicacionTests.Banners_promociones_y_destacados_usan_la_misma_clasificacion	2026-10-03T21:30:27.6278730-05:00	00:00:00.0693406
Passed	Sillar.Modules.Cms.Tests.VigenciaPublicacionTests	Sillar.Modules.Cms.Tests.VigenciaPublicacionTests.Banners_promociones_y_destacados_usan_la_misma_expresion	2026-10-03T21:30:27.5548385-05:00	00:00:00.0716805
Passed	Sillar.Modules.Cms.Tests.VigenciaPublicacionTests	Sillar.Modules.Cms.Tests.VigenciaPublicacionTests.Dentro_del_intervalo_esta_vigente	2026-10-03T21:30:26.9761786-05:00	00:00:00.0317475
Passed	Sillar.Modules.Cms.Tests.VigenciaPublicacionTests	Sillar.Modules.Cms.Tests.VigenciaPublicacionTests.Empieza_exactamente_ahora_y_esta_vigente	2026-10-03T21:30:27.7308678-05:00	00:00:00.0171897
Passed	Sillar.Modules.Cms.Tests.VigenciaPublicacionTests	Sillar.Modules.Cms.Tests.VigenciaPublicacionTests.Estado_administrativo_respeta_la_misma_ventana(isActive: False, startMinutes: null, endMinutes: null, expected: Inactive)	2026-10-03T21:30:27.2012169-05:00	00:00:00.0202164
Passed	Sillar.Modules.Cms.Tests.VigenciaPublicacionTests	Sillar.Modules.Cms.Tests.VigenciaPublicacionTests.Estado_administrativo_respeta_la_misma_ventana(isActive: True, startMinutes: -1, endMinutes: 0, expected: Expired)	2026-10-03T21:30:27.2965867-05:00	00:00:00.0711808
Passed	Sillar.Modules.Cms.Tests.VigenciaPublicacionTests	Sillar.Modules.Cms.Tests.VigenciaPublicacionTests.Estado_administrativo_respeta_la_misma_ventana(isActive: True, startMinutes: -1, endMinutes: 1, expected: Current)	2026-10-03T21:30:27.4221632-05:00	00:00:00.0482155
Passed	Sillar.Modules.Cms.Tests.VigenciaPublicacionTests	Sillar.Modules.Cms.Tests.VigenciaPublicacionTests.Estado_administrativo_respeta_la_misma_ventana(isActive: True, startMinutes: -1, endMinutes: null, expected: Current)	2026-10-03T21:30:27.2350521-05:00	00:00:00.0513037
Passed	Sillar.Modules.Cms.Tests.VigenciaPublicacionTests	Sillar.Modules.Cms.Tests.VigenciaPublicacionTests.Estado_administrativo_respeta_la_misma_ventana(isActive: True, startMinutes: -2, endMinutes: -1, expected: Expired)	2026-10-03T21:30:27.4830716-05:00	00:00:00.0323335
Passed	Sillar.Modules.Cms.Tests.VigenciaPublicacionTests	Sillar.Modules.Cms.Tests.VigenciaPublicacionTests.Estado_administrativo_respeta_la_misma_ventana(isActive: True, startMinutes: 0, endMinutes: 1, expected: Current)	2026-10-03T21:30:27.0213300-05:00	00:00:00.1702073
Passed	Sillar.Modules.Cms.Tests.VigenciaPublicacionTests	Sillar.Modules.Cms.Tests.VigenciaPublicacionTests.Estado_administrativo_respeta_la_misma_ventana(isActive: True, startMinutes: 1, endMinutes: null, expected: Scheduled)	2026-10-03T21:30:27.3818262-05:00	00:00:00.0326890
Passed	Sillar.Modules.Cms.Tests.VigenciaPublicacionTests	Sillar.Modules.Cms.Tests.VigenciaPublicacionTests.Inactivo_no_esta_vigente_aunque_no_tenga_fechas	2026-10-03T21:30:26.6001383-05:00	00:00:00.3316246
Passed	Sillar.Modules.Cms.Tests.VigenciaPublicacionTests	Sillar.Modules.Cms.Tests.VigenciaPublicacionTests.Programado_para_despues_no_esta_vigente	2026-10-03T21:30:27.5277163-05:00	00:00:00.0182158
Passed	Sillar.Modules.Cms.Tests.VigenciaPublicacionTests	Sillar.Modules.Cms.Tests.VigenciaPublicacionTests.Termina_exactamente_ahora_y_ya_no_esta_vigente	2026-10-03T21:30:27.7056732-05:00	00:00:00.0139625
Passed	Sillar.Modules.Crm.Tests.ContactMessageContractTests	Sillar.Modules.Crm.Tests.ContactMessageContractTests.Respuestas_de_contacto_no_exponen_secretos(type: typeof(Sillar.Modules.Crm.Dtos.AdminContactMessageDetailResponse))	2026-10-03T21:30:28.1724219-05:00	00:00:00.0001499
Passed	Sillar.Modules.Crm.Tests.ContactMessageContractTests	Sillar.Modules.Crm.Tests.ContactMessageContractTests.Respuestas_de_contacto_no_exponen_secretos(type: typeof(Sillar.Modules.Crm.Dtos.AdminContactMessageListItemResponse))	2026-10-03T21:30:27.9013176-05:00	00:00:00.1543679
Passed	Sillar.Modules.Crm.Tests.ContactMessageContractTests	Sillar.Modules.Crm.Tests.ContactMessageContractTests.Respuestas_de_contacto_no_exponen_secretos(type: typeof(Sillar.Modules.Crm.Dtos.PublicContactAcceptedResponse))	2026-10-03T21:30:28.1709052-05:00	00:00:00.0007658
Passed	Sillar.Modules.Crm.Tests.ContactMessageServiceTests	Sillar.Modules.Crm.Tests.ContactMessageServiceTests.Admin_lee_y_da_de_baja_sin_borrar	2026-10-03T21:30:27.9022008-05:00	00:00:10.7719801
Passed	Sillar.Modules.Crm.Tests.ContactMessageServiceTests	Sillar.Modules.Crm.Tests.ContactMessageServiceTests.Sesion_valida_puede_vincular_customer_y_conserva_snapshot	2026-10-03T21:30:40.3010857-05:00	00:00:01.2965495
Passed	Sillar.Modules.Crm.Tests.ContactMessageServiceTests	Sillar.Modules.Crm.Tests.ContactMessageServiceTests.Sin_correo_ni_telefono_se_rechaza	2026-10-03T21:30:38.7578394-05:00	00:00:01.5372908
Passed	Sillar.Modules.Crm.Tests.ContactMessageServiceTests	Sillar.Modules.Crm.Tests.ContactMessageServiceTests.Visitante_guarda_mensaje_sin_customer_id	2026-10-03T21:30:41.6078626-05:00	00:00:00.7946445
Passed	Sillar.Modules.Crm.Tests.ContactSubmissionThrottleTests	Sillar.Modules.Crm.Tests.ContactSubmissionThrottleTests.Al_terminar_la_ventana_la_ip_puede_enviar_de_nuevo	2026-10-03T21:30:28.2499052-05:00	00:00:00.0006951
Passed	Sillar.Modules.Crm.Tests.ContactSubmissionThrottleTests	Sillar.Modules.Crm.Tests.ContactSubmissionThrottleTests.Cinco_intentos_entran_y_el_sexto_se_limita	2026-10-03T21:30:27.9022661-05:00	00:00:00.1643264
Passed	Sillar.Modules.Crm.Tests.ContactSubmissionThrottleTests	Sillar.Modules.Crm.Tests.ContactSubmissionThrottleTests.Otra_ip_tiene_su_propio_contador	2026-10-03T21:30:28.2333313-05:00	00:00:00.0160211
Passed	Sillar.Modules.Crm.Tests.CrmPersistenceTests	Sillar.Modules.Crm.Tests.CrmPersistenceTests.Test01_CrmInitial_aplica_desde_cero	2026-10-03T21:31:37.7438107-05:00	00:00:00.0522423
Passed	Sillar.Modules.Crm.Tests.CrmPersistenceTests	Sillar.Modules.Crm.Tests.CrmPersistenceTests.Test02_customer_y_address_generan_uuid_v7	2026-10-03T21:31:38.6435143-05:00	00:00:00.1989117
Passed	Sillar.Modules.Crm.Tests.CrmPersistenceTests	Sillar.Modules.Crm.Tests.CrmPersistenceTests.Test03_segunda_account_para_mismo_customer_falla	2026-10-03T21:31:40.2045162-05:00	00:00:00.2284123
Passed	Sillar.Modules.Crm.Tests.CrmPersistenceTests	Sillar.Modules.Crm.Tests.CrmPersistenceTests.Test04_email_duplicado_falla_con_ficha_no_activa(label: "baja")	2026-10-03T21:31:31.0744407-05:00	00:00:00.3420318
Passed	Sillar.Modules.Crm.Tests.CrmPersistenceTests	Sillar.Modules.Crm.Tests.CrmPersistenceTests.Test04_email_duplicado_falla_con_ficha_no_activa(label: "bloqueada")	2026-10-03T21:31:30.7173892-05:00	00:00:00.3560730
Passed	Sillar.Modules.Crm.Tests.CrmPersistenceTests	Sillar.Modules.Crm.Tests.CrmPersistenceTests.Test05_documento_duplicado_falla	2026-10-03T21:31:35.4090628-05:00	00:00:00.3094932
Passed	Sillar.Modules.Crm.Tests.CrmPersistenceTests	Sillar.Modules.Crm.Tests.CrmPersistenceTests.Test06_combinaciones_invalidas_lifecycle_fallan(isActive: False, hasDeact: False, hasBlocked: False, label: "inactiva sin deactivated_at ni blocked_at")	2026-10-03T21:31:33.3722599-05:00	00:00:00.3351926
Passed	Sillar.Modules.Crm.Tests.CrmPersistenceTests	Sillar.Modules.Crm.Tests.CrmPersistenceTests.Test06_combinaciones_invalidas_lifecycle_fallan(isActive: False, hasDeact: True, hasBlocked: True, label: "de baja y bloqueada a la vez")	2026-10-03T21:31:33.7098038-05:00	00:00:00.3061369
Passed	Sillar.Modules.Crm.Tests.CrmPersistenceTests	Sillar.Modules.Crm.Tests.CrmPersistenceTests.Test06_combinaciones_invalidas_lifecycle_fallan(isActive: True, hasDeact: False, hasBlocked: True, label: "activa pero con blocked_at")	2026-10-03T21:31:34.0167144-05:00	00:00:00.3216173
Passed	Sillar.Modules.Crm.Tests.CrmPersistenceTests	Sillar.Modules.Crm.Tests.CrmPersistenceTests.Test06_combinaciones_invalidas_lifecycle_fallan(isActive: True, hasDeact: True, hasBlocked: False, label: "activa pero con deactivated_at")	2026-10-03T21:31:33.0265190-05:00	00:00:00.3445874
Passed	Sillar.Modules.Crm.Tests.CrmPersistenceTests	Sillar.Modules.Crm.Tests.CrmPersistenceTests.Test07_reactivation_resolved_sin_requested_falla	2026-10-03T21:31:37.5416336-05:00	00:00:00.2010816
Passed	Sillar.Modules.Crm.Tests.CrmPersistenceTests	Sillar.Modules.Crm.Tests.CrmPersistenceTests.Test08_reactivation_resolved_anterior_a_requested_falla	2026-10-03T21:31:39.6657511-05:00	00:00:00.2108533
Passed	Sillar.Modules.Crm.Tests.CrmPersistenceTests	Sillar.Modules.Crm.Tests.CrmPersistenceTests.Test09_dos_preferidas_activas_del_mismo_cliente_falla	2026-10-03T21:31:31.7864653-05:00	00:00:00.3359923
Passed	Sillar.Modules.Crm.Tests.CrmPersistenceTests	Sillar.Modules.Crm.Tests.CrmPersistenceTests.Test10_purpose_invalido_falla(purpose: "")	2026-10-03T21:31:36.3308889-05:00	00:00:00.3053219
Passed	Sillar.Modules.Crm.Tests.CrmPersistenceTests	Sillar.Modules.Crm.Tests.CrmPersistenceTests.Test10_purpose_invalido_falla(purpose: "login")	2026-10-03T21:31:36.0459952-05:00	00:00:00.2842515
Passed	Sillar.Modules.Crm.Tests.CrmPersistenceTests	Sillar.Modules.Crm.Tests.CrmPersistenceTests.Test10_purpose_invalido_falla(purpose: "reset")	2026-10-03T21:31:35.7410459-05:00	00:00:00.3034441
Passed	Sillar.Modules.Crm.Tests.CrmPersistenceTests	Sillar.Modules.Crm.Tests.CrmPersistenceTests.Test11_consumo_concurrente_del_mismo_token_produce_un_ganador	2026-10-03T21:31:39.4224846-05:00	00:00:00.2424442
Passed	Sillar.Modules.Crm.Tests.CrmPersistenceTests	Sillar.Modules.Crm.Tests.CrmPersistenceTests.Test12_eliminar_schema_crm_no_toca_core_ni_catalog	2026-10-03T21:31:37.1666055-05:00	00:00:00.3738846
Passed	Sillar.Modules.Crm.Tests.CrmPersistenceTests	Sillar.Modules.Crm.Tests.CrmPersistenceTests.Test13_reinstalar_crminitial_sobre_schema_limpio_funciona	2026-10-03T21:31:36.6633069-05:00	00:00:00.5017113
Passed	Sillar.Modules.Crm.Tests.CrmPersistenceTests	Sillar.Modules.Crm.Tests.CrmPersistenceTests.Test14_nfc_y_nfd_chocan_en_uq_customers_email	2026-10-03T21:31:35.0992970-05:00	00:00:00.3078408
Passed	Sillar.Modules.Crm.Tests.CrmPersistenceTests	Sillar.Modules.Crm.Tests.CrmPersistenceTests.Test14b_base_rechaza_todos_los_blancos_que_dotnet_trim_recorta	2026-10-03T21:31:34.3420575-05:00	00:00:00.4224238
Passed	Sillar.Modules.Crm.Tests.CrmPersistenceTests	Sillar.Modules.Crm.Tests.CrmPersistenceTests.Test14c_migracion_falla_y_no_corrige_correos_preexistentes	2026-10-03T21:31:32.1239174-05:00	00:00:00.8995968
Passed	Sillar.Modules.Crm.Tests.CrmPersistenceTests	Sillar.Modules.Crm.Tests.CrmPersistenceTests.Test15_cambiar_email_limpia_email_verified_at	2026-10-03T21:31:39.0712494-05:00	00:00:00.3502495
Passed	Sillar.Modules.Crm.Tests.CrmPersistenceTests	Sillar.Modules.Crm.Tests.CrmPersistenceTests.Test16_cambiar_solo_mayusculas_no_invalida_email_verified_at	2026-10-03T21:31:31.4187430-05:00	00:00:00.3667276
Passed	Sillar.Modules.Crm.Tests.CrmPersistenceTests	Sillar.Modules.Crm.Tests.CrmPersistenceTests.Test17_sql_directo_nfc_nfd_is_distinct_from	2026-10-03T21:31:38.4098178-05:00	00:00:00.2325707
Passed	Sillar.Modules.Crm.Tests.CrmPersistenceTests	Sillar.Modules.Crm.Tests.CrmPersistenceTests.Test18_tablas_no_replicadas_no_tienen_origin_node_ni_row_version	2026-10-03T21:31:36.6378947-05:00	00:00:00.0243196
Passed	Sillar.Modules.Crm.Tests.CrmPersistenceTests	Sillar.Modules.Crm.Tests.CrmPersistenceTests.Test19_tablas_replicadas_tienen_origin_node_y_row_version_se_incrementa	2026-10-03T21:31:38.8434568-05:00	00:00:00.2264226
Passed	Sillar.Modules.Crm.Tests.CrmPersistenceTests	Sillar.Modules.Crm.Tests.CrmPersistenceTests.Test20_set_updated_at_modifica_updated_at	2026-10-03T21:31:40.4357860-05:00	00:00:00.3150039
Passed	Sillar.Modules.Crm.Tests.CrmPersistenceTests	Sillar.Modules.Crm.Tests.CrmPersistenceTests.Test21_busqueda_parcial_email_trgm	2026-10-03T21:31:30.3538337-05:00	00:00:00.3608527
Passed	Sillar.Modules.Crm.Tests.CrmPersistenceTests	Sillar.Modules.Crm.Tests.CrmPersistenceTests.Test22_busqueda_full_name_tsvector_pena	2026-10-03T21:31:37.7975220-05:00	00:00:00.2079475
Passed	Sillar.Modules.Crm.Tests.CrmPersistenceTests	Sillar.Modules.Crm.Tests.CrmPersistenceTests.Test23_contact_message_sin_customer_id	2026-10-03T21:31:34.7655767-05:00	00:00:00.3324185
Passed	Sillar.Modules.Crm.Tests.CrmPersistenceTests	Sillar.Modules.Crm.Tests.CrmPersistenceTests.Test24_contact_message_vinculado_y_fk_inexistente	2026-10-03T21:31:38.1930847-05:00	00:00:00.2155307
Passed	Sillar.Modules.Crm.Tests.CrmPersistenceTests	Sillar.Modules.Crm.Tests.CrmPersistenceTests.Test25_contact_message_sin_email_ni_phone_falla	2026-10-03T21:31:38.0066341-05:00	00:00:00.1853959
Passed	Sillar.Modules.Crm.Tests.CrmPersistenceTests	Sillar.Modules.Crm.Tests.CrmPersistenceTests.Test26_contact_messages_no_tiene_origin_node_ni_row_version	2026-10-03T21:31:35.7199941-05:00	00:00:00.0193885
Passed	Sillar.Modules.Crm.Tests.CrmPersistenceTests	Sillar.Modules.Crm.Tests.CrmPersistenceTests.Test27_contact_messages_set_updated_at_modifica_updated_at	2026-10-03T21:31:39.8776571-05:00	00:00:00.3257862
Passed	Sillar.Modules.Crm.Tests.CustomerAccountTokenServiceTests	Sillar.Modules.Crm.Tests.CustomerAccountTokenServiceTests.Invitacion_crea_cuenta_y_verifica_correo	2026-10-03T21:30:52.4110889-05:00	00:00:03.1957342
Passed	Sillar.Modules.Crm.Tests.CustomerAccountTokenServiceTests	Sillar.Modules.Crm.Tests.CustomerAccountTokenServiceTests.Recuperar_password_revoca_todas_las_sesiones	2026-10-03T21:30:42.4178160-05:00	00:00:07.4446790
Passed	Sillar.Modules.Crm.Tests.CustomerAccountTokenServiceTests	Sillar.Modules.Crm.Tests.CustomerAccountTokenServiceTests.Verificacion_guarda_hash_y_solo_el_ultimo_token_es_valido	2026-10-03T21:30:49.8706532-05:00	00:00:02.5338483
Passed	Sillar.Modules.Crm.Tests.CustomerAdminContractTests	Sillar.Modules.Crm.Tests.CustomerAdminContractTests.Respuestas_admin_no_exponen_secretos(type: typeof(Sillar.Modules.Crm.Dtos.AdminCustomerAccessResponse))	2026-10-03T21:30:28.3171798-05:00	00:00:00.0011197
Passed	Sillar.Modules.Crm.Tests.CustomerAdminContractTests	Sillar.Modules.Crm.Tests.CustomerAdminContractTests.Respuestas_admin_no_exponen_secretos(type: typeof(Sillar.Modules.Crm.Dtos.AdminCustomerAddressResponse))	2026-10-03T21:30:28.3194705-05:00	00:00:00.0002256
Passed	Sillar.Modules.Crm.Tests.CustomerAdminContractTests	Sillar.Modules.Crm.Tests.CustomerAdminContractTests.Respuestas_admin_no_exponen_secretos(type: typeof(Sillar.Modules.Crm.Dtos.AdminCustomerDetailResponse))	2026-10-03T21:30:28.3205494-05:00	00:00:00.0002104
Passed	Sillar.Modules.Crm.Tests.CustomerAdminContractTests	Sillar.Modules.Crm.Tests.CustomerAdminContractTests.Respuestas_admin_no_exponen_secretos(type: typeof(Sillar.Modules.Crm.Dtos.AdminCustomerInvitationResponse))	2026-10-03T21:30:28.3064404-05:00	00:00:00.0056753
Passed	Sillar.Modules.Crm.Tests.CustomerAdminContractTests	Sillar.Modules.Crm.Tests.CustomerAdminContractTests.Respuestas_admin_no_exponen_secretos(type: typeof(Sillar.Modules.Crm.Dtos.AdminCustomerListItemResponse))	2026-10-03T21:30:28.3227862-05:00	00:00:00.0002492
Passed	Sillar.Modules.Crm.Tests.CustomerAdminContractTests	Sillar.Modules.Crm.Tests.CustomerAdminContractTests.Solo_la_ficha_admin_puede_exponer_notas_internas	2026-10-03T21:30:28.3241795-05:00	00:00:00.0028650
Passed	Sillar.Modules.Crm.Tests.CustomerAdminServiceTests	Sillar.Modules.Crm.Tests.CustomerAdminServiceTests.Baja_revoca_sesiones_y_reactivar_no_las_resucita	2026-10-03T21:30:55.6115888-05:00	00:00:02.4385414
Passed	Sillar.Modules.Crm.Tests.CustomerAdminServiceTests	Sillar.Modules.Crm.Tests.CustomerAdminServiceTests.Crea_ficha_sin_cuenta_y_la_encuentra_por_busqueda	2026-10-03T21:30:59.7615119-05:00	00:00:02.7499633
Passed	Sillar.Modules.Crm.Tests.CustomerAdminServiceTests	Sillar.Modules.Crm.Tests.CustomerAdminServiceTests.Editar_correo_de_cuenta_verificada_la_deja_sin_verificar	2026-10-03T21:31:02.5153496-05:00	00:00:01.5327961
Passed	Sillar.Modules.Crm.Tests.CustomerAdminServiceTests	Sillar.Modules.Crm.Tests.CustomerAdminServiceTests.Invitacion_marca_estado_y_no_expone_el_token	2026-10-03T21:30:58.0595533-05:00	00:00:01.6986657
Passed	Sillar.Modules.Crm.Tests.CustomerAuthenticationServiceTests	Sillar.Modules.Crm.Tests.CustomerAuthenticationServiceTests.Cliente_inactivo_no_puede_abrir_sesion	2026-10-03T21:31:45.9188367-05:00	00:00:01.9601964
Passed	Sillar.Modules.Crm.Tests.CustomerAuthenticationServiceTests	Sillar.Modules.Crm.Tests.CustomerAuthenticationServiceTests.Correo_inexistente_y_password_incorrecto_tienen_mismo_resultado	2026-10-03T21:31:43.4355682-05:00	00:00:02.4825518
Passed	Sillar.Modules.Crm.Tests.CustomerAuthenticationServiceTests	Sillar.Modules.Crm.Tests.CustomerAuthenticationServiceTests.Login_correcto_crea_customer_session	2026-10-03T21:31:41.4236220-05:00	00:00:02.0111187
Passed	Sillar.Modules.Crm.Tests.CustomerIdentityReaderTests	Sillar.Modules.Crm.Tests.CustomerIdentityReaderTests.El_contrato_es_solo_lectura	2026-10-03T21:31:09.2914274-05:00	00:00:00.0024167
Passed	Sillar.Modules.Crm.Tests.CustomerIdentityReaderTests	Sillar.Modules.Crm.Tests.CustomerIdentityReaderTests.El_contrato_no_pide_direccion	2026-10-03T21:31:04.0519819-05:00	00:00:00.0043605
Passed	Sillar.Modules.Crm.Tests.CustomerIdentityReaderTests	Sillar.Modules.Crm.Tests.CustomerIdentityReaderTests.La_identidad_solo_lleva_id_nombre_correo_y_telefono	2026-10-03T21:31:09.2830712-05:00	00:00:00.0056064
Passed	Sillar.Modules.Crm.Tests.CustomerIdentityReaderTests	Sillar.Modules.Crm.Tests.CustomerIdentityReaderTests.Los_contratos_no_arrastran_la_implementacion_de_CRM_ni_EF	2026-10-03T21:31:07.3831902-05:00	00:00:00.0066632
Passed	Sillar.Modules.Crm.Tests.CustomerIdentityReaderTests	Sillar.Modules.Crm.Tests.CustomerIdentityReaderTests.No_expone_notas_internas	2026-10-03T21:31:08.6738225-05:00	00:00:00.5929344
Passed	Sillar.Modules.Crm.Tests.CustomerIdentityReaderTests	Sillar.Modules.Crm.Tests.CustomerIdentityReaderTests.Por_lotes_devuelve_solo_los_activos_existentes_una_vez_cada_uno	2026-10-03T21:31:07.3912137-05:00	00:00:01.2776113
Passed	Sillar.Modules.Crm.Tests.CustomerIdentityReaderTests	Sillar.Modules.Crm.Tests.CustomerIdentityReaderTests.Por_lotes_una_coleccion_vacia_devuelve_un_diccionario_vacio	2026-10-03T21:31:09.2692816-05:00	00:00:00.0119533
Passed	Sillar.Modules.Crm.Tests.CustomerIdentityReaderTests	Sillar.Modules.Crm.Tests.CustomerIdentityReaderTests.Un_cliente_activo_devuelve_nombre_correo_y_telefono	2026-10-03T21:31:05.9409146-05:00	00:00:00.6883692
Passed	Sillar.Modules.Crm.Tests.CustomerIdentityReaderTests	Sillar.Modules.Crm.Tests.CustomerIdentityReaderTests.Un_cliente_de_baja_o_bloqueado_devuelve_null(estado: "baja")	2026-10-03T21:31:04.8980357-05:00	00:00:01.0396641
Passed	Sillar.Modules.Crm.Tests.CustomerIdentityReaderTests	Sillar.Modules.Crm.Tests.CustomerIdentityReaderTests.Un_cliente_de_baja_o_bloqueado_devuelve_null(estado: "bloqueo")	2026-10-03T21:31:04.0591061-05:00	00:00:00.8362995
Passed	Sillar.Modules.Crm.Tests.CustomerIdentityReaderTests	Sillar.Modules.Crm.Tests.CustomerIdentityReaderTests.Un_cliente_inexistente_devuelve_null	2026-10-03T21:31:09.2964953-05:00	00:00:01.5683813
Passed	Sillar.Modules.Crm.Tests.CustomerIdentityReaderTests	Sillar.Modules.Crm.Tests.CustomerIdentityReaderTests.Una_ficha_sin_cuenta_tambien_tiene_identidad	2026-10-03T21:31:06.6327842-05:00	00:00:00.7491598
Passed	Sillar.Modules.Crm.Tests.CustomerIdentityTests	Sillar.Modules.Crm.Tests.CustomerIdentityTests.Cookie_csrf_de_cliente_es_legible_y_conserva_barreras	2026-10-03T21:30:27.9022346-05:00	00:00:00.1517382
Passed	Sillar.Modules.Crm.Tests.CustomerIdentityTests	Sillar.Modules.Crm.Tests.CustomerIdentityTests.Cookie_csrf_no_reemplaza_la_cookie_de_sesion	2026-10-03T21:30:28.3465664-05:00	00:00:00.0213275
Passed	Sillar.Modules.Crm.Tests.CustomerIdentityTests	Sillar.Modules.Crm.Tests.CustomerIdentityTests.Cookie_de_cliente_conserva_las_barreras_del_spec	2026-10-03T21:30:28.2481399-05:00	00:00:00.0007326
Passed	Sillar.Modules.Crm.Tests.CustomerIdentityTests	Sillar.Modules.Crm.Tests.CustomerIdentityTests.CurrentCustomer_ignora_claims_administrativos	2026-10-03T21:30:28.2496901-05:00	00:00:00.0623507
Passed	Sillar.Modules.Crm.Tests.CustomerIdentityTests	Sillar.Modules.Crm.Tests.CustomerIdentityTests.CurrentCustomer_lee_solo_claims_de_cliente	2026-10-03T21:30:28.3203003-05:00	00:00:00.0244730
Passed	Sillar.Modules.Crm.Tests.CustomerIdentityTests	Sillar.Modules.Crm.Tests.CustomerIdentityTests.Identidad_de_cliente_tiene_namespace_cookie_y_esquema_propios	2026-10-03T21:30:28.2415830-05:00	00:00:00.0005404
Passed	Sillar.Modules.Crm.Tests.CustomerLoginPolicyTests	Sillar.Modules.Crm.Tests.CustomerLoginPolicyTests.BCrypt_cliente_nunca_baja_de_factor_12	2026-10-03T21:30:28.2346058-05:00	00:00:00.0004416
Passed	Sillar.Modules.Crm.Tests.CustomerLoginPolicyTests	Sillar.Modules.Crm.Tests.CustomerLoginPolicyTests.Cuenta_no_se_bloquea_y_la_espera_crece	2026-10-03T21:30:28.2487707-05:00	00:00:00.0009363
Passed	Sillar.Modules.Crm.Tests.CustomerLoginPolicyTests	Sillar.Modules.Crm.Tests.CustomerLoginPolicyTests.Ip_tiene_un_margen_mucho_mas_generoso	2026-10-03T21:30:28.2471507-05:00	00:00:00.0008023
Passed	Sillar.Modules.Crm.Tests.CustomerLoginPolicyTests	Sillar.Modules.Crm.Tests.CustomerLoginPolicyTests.Sesion_cliente_tiene_politica_propia	2026-10-03T21:30:27.9022972-05:00	00:00:00.1619703
Passed	Sillar.Modules.Crm.Tests.CustomerPasswordExposureTests	Sillar.Modules.Crm.Tests.CustomerPasswordExposureTests.Criterio13_los_contratos_de_respuesta_no_exponen_password_ni_hash	2026-10-03T21:30:28.3227863-05:00	00:00:00.0570626
Passed	Sillar.Modules.Crm.Tests.CustomerProfileContractTests	Sillar.Modules.Crm.Tests.CustomerProfileContractTests.Contratos_publicos_no_exponen_campos_internos(type: typeof(Sillar.Modules.Crm.Contracts.CustomerIdentity))	2026-10-03T21:30:28.1895443-05:00	00:00:00.0001123
Passed	Sillar.Modules.Crm.Tests.CustomerProfileContractTests	Sillar.Modules.Crm.Tests.CustomerProfileContractTests.Contratos_publicos_no_exponen_campos_internos(type: typeof(Sillar.Modules.Crm.Contracts.CustomerOrderAddressSnapshot))	2026-10-03T21:30:28.1696351-05:00	00:00:00.0034028
Passed	Sillar.Modules.Crm.Tests.CustomerProfileContractTests	Sillar.Modules.Crm.Tests.CustomerProfileContractTests.Contratos_publicos_no_exponen_campos_internos(type: typeof(Sillar.Modules.Crm.Contracts.CustomerOrderContactSnapshot))	2026-10-03T21:30:27.9023205-05:00	00:00:00.1529004
Passed	Sillar.Modules.Crm.Tests.CustomerProfileContractTests	Sillar.Modules.Crm.Tests.CustomerProfileContractTests.Contratos_publicos_no_exponen_campos_internos(type: typeof(Sillar.Modules.Crm.Contracts.CustomerOrderSnapshot))	2026-10-03T21:30:28.1816807-05:00	00:00:00.0001287
Passed	Sillar.Modules.Crm.Tests.CustomerProfileContractTests	Sillar.Modules.Crm.Tests.CustomerProfileContractTests.Contratos_publicos_no_exponen_campos_internos(type: typeof(Sillar.Modules.Crm.Dtos.CustomerAddressResponse))	2026-10-03T21:30:28.1738451-05:00	00:00:00.0001752
Passed	Sillar.Modules.Crm.Tests.CustomerProfileContractTests	Sillar.Modules.Crm.Tests.CustomerProfileContractTests.Contratos_publicos_no_exponen_campos_internos(type: typeof(Sillar.Modules.Crm.Dtos.CustomerProfileResponse))	2026-10-03T21:30:28.1809064-05:00	00:00:00.0001364
Passed	Sillar.Modules.Crm.Tests.CustomerProfileServiceTests	Sillar.Modules.Crm.Tests.CustomerProfileServiceTests.Agrega_dos_direcciones_y_cambia_la_preferida	2026-10-03T21:31:29.1637634-05:00	00:00:00.3975083
Passed	Sillar.Modules.Crm.Tests.CustomerProfileServiceTests	Sillar.Modules.Crm.Tests.CustomerProfileServiceTests.Cambiar_correo_invalida_verificacion	2026-10-03T21:31:28.4047191-05:00	00:00:00.3832076
Passed	Sillar.Modules.Crm.Tests.CustomerProfileServiceTests	Sillar.Modules.Crm.Tests.CustomerProfileServiceTests.No_modifica_una_direccion_de_otro_cliente	2026-10-03T21:31:29.9057168-05:00	00:00:00.4458685
Passed	Sillar.Modules.Crm.Tests.CustomerProfileServiceTests	Sillar.Modules.Crm.Tests.CustomerProfileServiceTests.Perfil_no_expone_notas_internas	2026-10-03T21:31:29.5624473-05:00	00:00:00.3414259
Passed	Sillar.Modules.Crm.Tests.CustomerProfileServiceTests	Sillar.Modules.Crm.Tests.CustomerProfileServiceTests.Snapshot_para_M03_usa_solo_datos_publicables_del_cliente	2026-10-03T21:31:28.7902933-05:00	00:00:00.3717863
Passed	Sillar.Modules.Crm.Tests.CustomerRegistrationPolicyTests	Sillar.Modules.Crm.Tests.CustomerRegistrationPolicyTests.Password_comun_se_rechaza	2026-10-03T21:30:28.2363913-05:00	00:00:00.0169063
Passed	Sillar.Modules.Crm.Tests.CustomerRegistrationPolicyTests	Sillar.Modules.Crm.Tests.CustomerRegistrationPolicyTests.Password_con_identidad_se_rechaza	2026-10-03T21:30:28.2024282-05:00	00:00:00.0007348
Passed	Sillar.Modules.Crm.Tests.CustomerRegistrationPolicyTests	Sillar.Modules.Crm.Tests.CustomerRegistrationPolicyTests.Password_larga_sin_identidad_se_acepta	2026-10-03T21:30:27.9021685-05:00	00:00:00.1454393
Passed	Sillar.Modules.Crm.Tests.CustomerRegistrationPolicyTests	Sillar.Modules.Crm.Tests.CustomerRegistrationPolicyTests.Password_menor_de_12_se_rechaza	2026-10-03T21:30:28.2540821-05:00	00:00:00.0002287
Passed	Sillar.Modules.Crm.Tests.CustomerRegistrationServiceTests	Sillar.Modules.Crm.Tests.CustomerRegistrationServiceTests.Ficha_con_cuenta_no_reemplaza_la_password_existente	2026-10-03T21:31:24.0612256-05:00	00:00:02.6850079
Passed	Sillar.Modules.Crm.Tests.CustomerRegistrationServiceTests	Sillar.Modules.Crm.Tests.CustomerRegistrationServiceTests.Ficha_existente_sin_cuenta_se_enlaza_sin_duplicarla_ni_pisar_notas	2026-10-03T21:31:22.1646389-05:00	00:00:01.8952274
Passed	Sillar.Modules.Crm.Tests.CustomerRegistrationServiceTests	Sillar.Modules.Crm.Tests.CustomerRegistrationServiceTests.Registro_nuevo_crea_ficha_y_cuenta_no_verificada	2026-10-03T21:31:26.7474798-05:00	00:00:01.6550826
Passed	Sillar.Modules.Crm.Tests.CustomerSessionServiceTests	Sillar.Modules.Crm.Tests.CustomerSessionServiceTests.Abrir_sesion_guarda_solo_hashes_de_los_secretos	2026-10-03T21:31:41.2387711-05:00	00:00:00.1817245
Passed	Sillar.Modules.Crm.Tests.CustomerSessionServiceTests	Sillar.Modules.Crm.Tests.CustomerSessionServiceTests.Logout_revoca_la_fila_y_no_se_puede_rotar_csrf	2026-10-03T21:31:40.7533348-05:00	00:00:00.2730407
Passed	Sillar.Modules.Crm.Tests.CustomerSessionServiceTests	Sillar.Modules.Crm.Tests.CustomerSessionServiceTests.Rotar_csrf_invalida_el_token_anterior	2026-10-03T21:31:41.0272522-05:00	00:00:00.2107124
Passed	Sillar.Modules.Crm.Tests.CustomerSnapshotReaderTests	Sillar.Modules.Crm.Tests.CustomerSnapshotReaderTests.Cliente_de_baja_o_bloqueado_devuelve_null_en_las_dos_variantes(estado: "baja")	2026-10-03T21:31:14.3143986-05:00	00:00:00.7853243
Passed	Sillar.Modules.Crm.Tests.CustomerSnapshotReaderTests	Sillar.Modules.Crm.Tests.CustomerSnapshotReaderTests.Cliente_de_baja_o_bloqueado_devuelve_null_en_las_dos_variantes(estado: "bloqueo")	2026-10-03T21:31:13.1214136-05:00	00:00:01.1913319
Passed	Sillar.Modules.Crm.Tests.CustomerSnapshotReaderTests	Sillar.Modules.Crm.Tests.CustomerSnapshotReaderTests.Cliente_inexistente_devuelve_null_en_las_dos_variantes	2026-10-03T21:31:20.0864939-05:00	00:00:00.4876265
Passed	Sillar.Modules.Crm.Tests.CustomerSnapshotReaderTests	Sillar.Modules.Crm.Tests.CustomerSnapshotReaderTests.Con_direccion_ajena_devuelve_null	2026-10-03T21:31:11.5083935-05:00	00:00:01.6113421
Passed	Sillar.Modules.Crm.Tests.CustomerSnapshotReaderTests	Sillar.Modules.Crm.Tests.CustomerSnapshotReaderTests.Con_direccion_de_baja_devuelve_null	2026-10-03T21:31:15.1016099-05:00	00:00:00.7346423
Passed	Sillar.Modules.Crm.Tests.CustomerSnapshotReaderTests	Sillar.Modules.Crm.Tests.CustomerSnapshotReaderTests.Con_direccion_inexistente_devuelve_null_y_no_cae_en_la_variante_sin_direccion	2026-10-03T21:31:21.0794282-05:00	00:00:00.4779613
Passed	Sillar.Modules.Crm.Tests.CustomerSnapshotReaderTests	Sillar.Modules.Crm.Tests.CustomerSnapshotReaderTests.Con_direccion_valida_devuelve_cliente_y_direccion_como_en_1_0_0	2026-10-03T21:31:15.8379063-05:00	00:00:02.3623721
Passed	Sillar.Modules.Crm.Tests.CustomerSnapshotReaderTests	Sillar.Modules.Crm.Tests.CustomerSnapshotReaderTests.Ficha_sin_cuenta_devuelve_null_en_las_dos_variantes	2026-10-03T21:31:20.5751752-05:00	00:00:00.5010511
Passed	Sillar.Modules.Crm.Tests.CustomerSnapshotReaderTests	Sillar.Modules.Crm.Tests.CustomerSnapshotReaderTests.Las_instantaneas_no_se_pueden_modificar_despues_de_creadas(tipo: typeof(Sillar.Modules.Crm.Contracts.CustomerOrderAddressSnapshot))	2026-10-03T21:31:20.0822409-05:00	00:00:00.0012342
Passed	Sillar.Modules.Crm.Tests.CustomerSnapshotReaderTests	Sillar.Modules.Crm.Tests.CustomerSnapshotReaderTests.Las_instantaneas_no_se_pueden_modificar_despues_de_creadas(tipo: typeof(Sillar.Modules.Crm.Contracts.CustomerOrderContactSnapshot))	2026-10-03T21:31:20.0847046-05:00	00:00:00.0002558
Passed	Sillar.Modules.Crm.Tests.CustomerSnapshotReaderTests	Sillar.Modules.Crm.Tests.CustomerSnapshotReaderTests.Las_instantaneas_no_se_pueden_modificar_despues_de_creadas(tipo: typeof(Sillar.Modules.Crm.Contracts.CustomerOrderSnapshot))	2026-10-03T21:31:20.0794203-05:00	00:00:00.0016629
Passed	Sillar.Modules.Crm.Tests.CustomerSnapshotReaderTests	Sillar.Modules.Crm.Tests.CustomerSnapshotReaderTests.Sin_direccion_devuelve_los_datos_del_cliente_aunque_no_tenga_ninguna_direccion	2026-10-03T21:31:18.2026854-05:00	00:00:01.1719135
Passed	Sillar.Modules.Crm.Tests.CustomerSnapshotReaderTests	Sillar.Modules.Crm.Tests.CustomerSnapshotReaderTests.Sin_direccion_no_expone_ninguna_propiedad_de_direccion	2026-10-03T21:31:20.0733597-05:00	00:00:00.0041632
Passed	Sillar.Modules.Crm.Tests.CustomerSnapshotReaderTests	Sillar.Modules.Crm.Tests.CustomerSnapshotReaderTests.Sin_direccion_no_filtra_notas_internas	2026-10-03T21:31:10.8675202-05:00	00:00:00.6386968
Passed	Sillar.Modules.Crm.Tests.CustomerSnapshotReaderTests	Sillar.Modules.Crm.Tests.CustomerSnapshotReaderTests.Sin_direccion_refleja_correo_sin_verificar	2026-10-03T21:31:19.3767213-05:00	00:00:00.6947642
Passed	Sillar.Modules.Crm.Tests.CustomerSnapshotReaderTests	Sillar.Modules.Crm.Tests.CustomerSnapshotReaderTests.Un_cambio_posterior_del_perfil_no_altera_la_instantanea_ya_tomada	2026-10-03T21:31:21.5586391-05:00	00:00:00.5978139
Passed	Sillar.Modules.Crm.Tests.CustomerTokenPolicyTests	Sillar.Modules.Crm.Tests.CustomerTokenPolicyTests.Invitacion_caduca	2026-10-03T21:30:28.2525995-05:00	00:00:00.0002624
Passed	Sillar.Modules.Crm.Tests.CustomerTokenPolicyTests	Sillar.Modules.Crm.Tests.CustomerTokenPolicyTests.Propósitos_coinciden_con_el_schema	2026-10-03T21:30:27.9020959-05:00	00:00:00.1264029
Passed	Sillar.Modules.Crm.Tests.CustomerTokenPolicyTests	Sillar.Modules.Crm.Tests.CustomerTokenPolicyTests.Recuperacion_es_corta	2026-10-03T21:30:28.2537327-05:00	00:00:00.0023270
Passed	Sillar.Modules.Crm.Tests.CustomerTokenPolicyTests	Sillar.Modules.Crm.Tests.CustomerTokenPolicyTests.Verificacion_caduca	2026-10-03T21:30:28.2397870-05:00	00:00:00.0009240
Passed	Sillar.Modules.Sales.Tests.AtribucionDelPersonalTests	Sillar.Modules.Sales.Tests.AtribucionDelPersonalTests.El_nodo_de_la_cuenta_no_se_deriva_del_nodo_de_la_actuacion	2026-10-03T21:30:30.6050660-05:00	00:00:00.0145534
Passed	Sillar.Modules.Sales.Tests.AtribucionDelPersonalTests	Sillar.Modules.Sales.Tests.AtribucionDelPersonalTests.El_nodo_de_la_cuenta_puede_ser_distinto_del_nodo_de_la_actuacion	2026-10-03T21:30:30.7502878-05:00	00:00:00.0014819
Passed	Sillar.Modules.Sales.Tests.AtribucionDelPersonalTests	Sillar.Modules.Sales.Tests.AtribucionDelPersonalTests.El_pedido_no_interviene_en_la_interpretacion_de_la_atribucion	2026-10-03T21:30:30.7161483-05:00	00:00:00.0203167
Passed	Sillar.Modules.Sales.Tests.AtribucionDelPersonalTests	Sillar.Modules.Sales.Tests.AtribucionDelPersonalTests.La_atribucion_de_un_cambio_se_resuelve_sin_leer_el_pedido	2026-10-03T21:30:30.5510397-05:00	00:00:00.0335124
Passed	Sillar.Modules.Sales.Tests.AtribucionDelPersonalTests	Sillar.Modules.Sales.Tests.AtribucionDelPersonalTests.La_cabecera_del_pedido_no_atribuye_a_ningun_trabajador	2026-10-03T21:30:31.0271674-05:00	00:00:00.0100052
Passed	Sillar.Modules.Sales.Tests.AtribucionDelPersonalTests	Sillar.Modules.Sales.Tests.AtribucionDelPersonalTests.La_migracion_no_declara_ninguna_clave_foranea_hacia_core_admin_users	2026-10-03T21:30:30.6366783-05:00	00:00:00.0715449
Passed	Sillar.Modules.Sales.Tests.AtribucionDelPersonalTests	Sillar.Modules.Sales.Tests.AtribucionDelPersonalTests.La_migracion_solo_referencia_dos_schemas_ajenos_y_ninguno_es_core	2026-10-03T21:30:31.0467417-05:00	00:00:00.0143576
Passed	Sillar.Modules.Sales.Tests.AtribucionDelPersonalTests	Sillar.Modules.Sales.Tests.AtribucionDelPersonalTests.La_tabla_orders_de_la_migracion_no_tiene_columna_de_atribucion	2026-10-03T21:30:30.9987557-05:00	00:00:00.0062982
Passed	Sillar.Modules.Sales.Tests.AtribucionDelPersonalTests	Sillar.Modules.Sales.Tests.AtribucionDelPersonalTests.Ningun_CHECK_exige_que_los_dos_nodos_coincidan	2026-10-03T21:30:30.7978562-05:00	00:00:00.1991839
Passed	Sillar.Modules.Sales.Tests.AtribucionDelPersonalTests	Sillar.Modules.Sales.Tests.AtribucionDelPersonalTests.Ninguna_de_las_seis_atribuciones_parciales_se_acepta	2026-10-03T21:30:30.4958282-05:00	00:00:00.0292055
Passed	Sillar.Modules.Sales.Tests.AtribucionDelPersonalTests	Sillar.Modules.Sales.Tests.AtribucionDelPersonalTests.Un_cambio_automatico_leido_desde_la_entidad_no_atribuye_a_nadie	2026-10-03T21:30:29.8373202-05:00	00:00:00.1785880
Passed	Sillar.Modules.Sales.Tests.AtribucionDelPersonalTests	Sillar.Modules.Sales.Tests.AtribucionDelPersonalTests.Un_cambio_automatico_lleva_los_tres_datos_nulos_y_no_atribuye_a_nadie	2026-10-03T21:30:31.0653844-05:00	00:00:00.0002932
Passed	Sillar.Modules.Sales.Tests.AtribucionDelPersonalTests	Sillar.Modules.Sales.Tests.AtribucionDelPersonalTests.Un_cambio_humano_lleva_los_tres_datos_presentes	2026-10-03T21:30:31.0421418-05:00	00:00:00.0004853
Passed	Sillar.Modules.Sales.Tests.AtribucionDelPersonalTests	Sillar.Modules.Sales.Tests.AtribucionDelPersonalTests.Un_identificador_local_cero_o_negativo_no_se_acepta	2026-10-03T21:30:30.7628346-05:00	00:00:00.0172058
Passed	Sillar.Modules.Sales.Tests.AtribucionDelPersonalTests	Sillar.Modules.Sales.Tests.AtribucionDelPersonalTests.Un_pago_humano_exige_los_tres_datos	2026-10-03T21:30:30.6281698-05:00	00:00:00.0069093
Passed	Sillar.Modules.Sales.Tests.AtribucionDelPersonalTests	Sillar.Modules.Sales.Tests.AtribucionDelPersonalTests.Un_pago_sin_identificador_local_no_se_registra	2026-10-03T21:30:31.0107942-05:00	00:00:00.0053788
Passed	Sillar.Modules.Sales.Tests.AtribucionDelPersonalTests	Sillar.Modules.Sales.Tests.AtribucionDelPersonalTests.Un_pago_sin_nodo_de_la_cuenta_no_se_registra	2026-10-03T21:30:30.3252908-05:00	00:00:00.1516370
Passed	Sillar.Modules.Sales.Tests.AtribucionDelPersonalTests	Sillar.Modules.Sales.Tests.AtribucionDelPersonalTests.Un_pago_sin_nombre_no_se_registra	2026-10-03T21:30:31.0197879-05:00	00:00:00.0011218
Passed	Sillar.Modules.Sales.Tests.CodigoVisibleTests	Sillar.Modules.Sales.Tests.CodigoVisibleTests.Dos_anios_distintos_dan_codigos_distintos_con_el_mismo_correlativo	2026-10-03T21:30:30.6470537-05:00	00:00:00.0004672
Passed	Sillar.Modules.Sales.Tests.CodigoVisibleTests	Sillar.Modules.Sales.Tests.CodigoVisibleTests.Dos_nodos_distintos_dan_codigos_distintos_con_la_misma_serie	2026-10-03T21:30:29.8367551-05:00	00:00:00.2136166
Passed	Sillar.Modules.Sales.Tests.CodigoVisibleTests	Sillar.Modules.Sales.Tests.CodigoVisibleTests.El_codigo_visible_de_un_pedido_tiene_la_forma_P_2026_0147	2026-10-03T21:30:30.5472135-05:00	00:00:00.0004272
Passed	Sillar.Modules.Sales.Tests.CodigoVisibleTests	Sillar.Modules.Sales.Tests.CodigoVisibleTests.El_correlativo_se_rellena_hasta_cuatro_digitos	2026-10-03T21:30:30.3836913-05:00	00:00:00.0289310
Passed	Sillar.Modules.Sales.Tests.CodigoVisibleTests	Sillar.Modules.Sales.Tests.CodigoVisibleTests.El_mensaje_de_la_etiqueta_ausente_dice_que_no_hay_valor_por_defecto	2026-10-03T21:30:30.4326861-05:00	00:00:00.0453681
Passed	Sillar.Modules.Sales.Tests.CodigoVisibleTests	Sillar.Modules.Sales.Tests.CodigoVisibleTests.La_etiqueta_del_nodo_va_delante_del_anio	2026-10-03T21:30:30.6340030-05:00	00:00:00.0006005
Passed	Sillar.Modules.Sales.Tests.CodigoVisibleTests	Sillar.Modules.Sales.Tests.CodigoVisibleTests.La_etiqueta_se_recorta_pero_no_se_transforma	2026-10-03T21:30:30.3316834-05:00	00:00:00.0310783
Passed	Sillar.Modules.Sales.Tests.CodigoVisibleTests	Sillar.Modules.Sales.Tests.CodigoVisibleTests.Sin_etiqueta_de_nodo_no_se_compone_ningun_codigo	2026-10-03T21:30:30.4990681-05:00	00:00:00.0219319
Passed	Sillar.Modules.Sales.Tests.CodigoVisibleTests	Sillar.Modules.Sales.Tests.CodigoVisibleTests.Un_correlativo_de_cinco_cifras_no_se_recorta	2026-10-03T21:30:30.4790753-05:00	00:00:00.0008650
Passed	Sillar.Modules.Sales.Tests.CodigoVisibleTests	Sillar.Modules.Sales.Tests.CodigoVisibleTests.Un_correlativo_menor_que_uno_no_se_acepta	2026-10-03T21:30:30.5604121-05:00	00:00:00.0351668
Passed	Sillar.Modules.Sales.Tests.CongelarClienteTests	Sillar.Modules.Sales.Tests.CongelarClienteTests.Congelar_copia_los_seis_campos_al_pedido	2026-10-03T21:30:30.5816291-05:00	00:00:00.0446808
Passed	Sillar.Modules.Sales.Tests.CongelarClienteTests	Sillar.Modules.Sales.Tests.CongelarClienteTests.El_pedido_no_recibe_ninguna_direccion	2026-10-03T21:30:30.6791976-05:00	00:00:00.0713283
Passed	Sillar.Modules.Sales.Tests.CongelarClienteTests	Sillar.Modules.Sales.Tests.CongelarClienteTests.Los_motivos_de_rechazo_no_nombran_ninguna_causa_que_M04_no_garantice	2026-10-03T21:30:30.6511053-05:00	00:00:00.0016519
Passed	Sillar.Modules.Sales.Tests.CongelarClienteTests	Sillar.Modules.Sales.Tests.CongelarClienteTests.Se_usa_la_sobrecarga_SIN_direccion	2026-10-03T21:30:30.3498170-05:00	00:00:00.2302143
Passed	Sillar.Modules.Sales.Tests.CongelarClienteTests	Sillar.Modules.Sales.Tests.CongelarClienteTests.Si_M04_devuelve_null_no_se_inventa_la_causa	2026-10-03T21:30:30.6340085-05:00	00:00:00.0054862
Passed	Sillar.Modules.Sales.Tests.CongelarClienteTests	Sillar.Modules.Sales.Tests.CongelarClienteTests.Un_cliente_verificado_se_congela_con_sus_seis_datos	2026-10-03T21:30:29.8373778-05:00	00:00:00.2568855
Passed	Sillar.Modules.Sales.Tests.CongelarClienteTests	Sillar.Modules.Sales.Tests.CongelarClienteTests.Un_correo_sin_verificar_no_compra	2026-10-03T21:30:30.6625962-05:00	00:00:00.0097341
Passed	Sillar.Modules.Sales.Tests.CrearPedidoPersistenciaTests	Sillar.Modules.Sales.Tests.CrearPedidoPersistenciaTests.El_precio_de_la_linea_lo_pone_M01_y_no_quien_llama	2026-10-03T21:30:43.2462094-05:00	00:00:00.2363939
Passed	Sillar.Modules.Sales.Tests.CrearPedidoPersistenciaTests	Sillar.Modules.Sales.Tests.CrearPedidoPersistenciaTests.El_rollback_de_la_transaccion_exterior_devuelve_el_numero	2026-10-03T21:30:43.7216198-05:00	00:00:00.1668571
Passed	Sillar.Modules.Sales.Tests.CrearPedidoPersistenciaTests	Sillar.Modules.Sales.Tests.CrearPedidoPersistenciaTests.El_snapshot_sigue_congelado_cuando_M01_cambia_despues	2026-10-03T21:30:43.6304540-05:00	00:00:00.0678656
Passed	Sillar.Modules.Sales.Tests.CrearPedidoPersistenciaTests	Sillar.Modules.Sales.Tests.CrearPedidoPersistenciaTests.Se_pregunta_por_la_vendibilidad_antes_de_tomar_el_precio	2026-10-03T21:30:43.4867581-05:00	00:00:00.0257975
Passed	Sillar.Modules.Sales.Tests.CrearPedidoPersistenciaTests	Sillar.Modules.Sales.Tests.CrearPedidoPersistenciaTests.Un_carrito_vacio_no_entra_en_confirmacion	2026-10-03T21:30:43.8964328-05:00	00:00:00.0091921
Passed	Sillar.Modules.Sales.Tests.CrearPedidoPersistenciaTests	Sillar.Modules.Sales.Tests.CrearPedidoPersistenciaTests.Un_correo_sin_verificar_no_llega_a_preguntar_por_el_catalogo	2026-10-03T21:30:44.1102219-05:00	00:00:00.0188780
Passed	Sillar.Modules.Sales.Tests.CrearPedidoPersistenciaTests	Sillar.Modules.Sales.Tests.CrearPedidoPersistenciaTests.Un_item_inexistente_o_inactivo_no_produce_pedido	2026-10-03T21:30:43.9094222-05:00	00:00:00.0467235
Passed	Sillar.Modules.Sales.Tests.CrearPedidoPersistenciaTests	Sillar.Modules.Sales.Tests.CrearPedidoPersistenciaTests.Un_pedido_que_no_llega_a_crearse_no_consume_numero	2026-10-03T21:30:44.0799819-05:00	00:00:00.0241579
Passed	Sillar.Modules.Sales.Tests.CrearPedidoPersistenciaTests	Sillar.Modules.Sales.Tests.CrearPedidoPersistenciaTests.Un_pedido_se_crea_con_el_precio_de_M01_y_su_snapshot_congelado	2026-10-03T21:30:43.9607672-05:00	00:00:00.1171601
Passed	Sillar.Modules.Sales.Tests.CrearPedidoPersistenciaTests	Sillar.Modules.Sales.Tests.CrearPedidoPersistenciaTests.Un_precio_null_no_entra_al_pedido_y_un_precio_cero_si	2026-10-03T21:30:43.5148784-05:00	00:00:00.1074826
Passed	Sillar.Modules.Sales.Tests.CrearPedidoPersistenciaTests	Sillar.Modules.Sales.Tests.CrearPedidoPersistenciaTests.Una_cantidad_no_positiva_no_produce_pedido	2026-10-03T21:30:43.6996985-05:00	00:00:00.0182544
Passed	Sillar.Modules.Sales.Tests.EstadosYPagoTests	Sillar.Modules.Sales.Tests.EstadosYPagoTests.La_secuencia_principal_tiene_cinco_estados_en_orden	2026-10-03T21:30:30.8593470-05:00	00:00:00.0104504
Passed	Sillar.Modules.Sales.Tests.EstadosYPagoTests	Sillar.Modules.Sales.Tests.EstadosYPagoTests.Los_estados_se_guardan_en_ingles_tecnico_y_no_en_espaniol	2026-10-03T21:30:30.9064610-05:00	00:00:00.0958372
Passed	Sillar.Modules.Sales.Tests.EstadosYPagoTests	Sillar.Modules.Sales.Tests.EstadosYPagoTests.Los_estados_visibles_son_exactamente_siete	2026-10-03T21:30:30.8195131-05:00	00:00:00.0006648
Passed	Sillar.Modules.Sales.Tests.EstadosYPagoTests	Sillar.Modules.Sales.Tests.EstadosYPagoTests.Los_siete_estados_son_los_ratificados_el_26_de_septiembre	2026-10-03T21:30:30.8274231-05:00	00:00:00.0164112
Passed	Sillar.Modules.Sales.Tests.EstadosYPagoTests	Sillar.Modules.Sales.Tests.EstadosYPagoTests.Ningun_estado_esta_repetido	2026-10-03T21:30:30.8796108-05:00	00:00:00.0077609
Passed	Sillar.Modules.Sales.Tests.EstadosYPagoTests	Sillar.Modules.Sales.Tests.EstadosYPagoTests.Vencido_no_es_lo_mismo_que_cancelado	2026-10-03T21:30:30.8453727-05:00	00:00:00.0003344
Passed	Sillar.Modules.Sales.Tests.EstadosYPagoTests	Sillar.Modules.Sales.Tests.EstadosYPagoTests.Vencido_y_cancelado_estan_fuera_de_la_secuencia_principal	2026-10-03T21:30:30.8985756-05:00	00:00:00.0005925
Passed	Sillar.Modules.Sales.Tests.MediosDePagoTests	Sillar.Modules.Sales.Tests.MediosDePagoTests.Cualquier_otro_medio_queda_fuera	2026-10-03T21:30:30.6385091-05:00	00:00:00.0070565
Passed	Sillar.Modules.Sales.Tests.MediosDePagoTests	Sillar.Modules.Sales.Tests.MediosDePagoTests.El_efectivo_es_un_medio_valido	2026-10-03T21:30:29.8373890-05:00	00:00:00.2144040
Passed	Sillar.Modules.Sales.Tests.MediosDePagoTests	Sillar.Modules.Sales.Tests.MediosDePagoTests.La_tarjeta_no_se_admite_en_M03_v1	2026-10-03T21:30:30.6305790-05:00	00:00:00.0066682
Passed	Sillar.Modules.Sales.Tests.MediosDePagoTests	Sillar.Modules.Sales.Tests.MediosDePagoTests.Los_valores_van_en_minusculas_y_sin_espacios	2026-10-03T21:30:30.4071170-05:00	00:00:00.1965520
Passed	Sillar.Modules.Sales.Tests.MediosDePagoTests	Sillar.Modules.Sales.Tests.MediosDePagoTests.V1_admite_yape_y_efectivo	2026-10-03T21:30:30.6135559-05:00	00:00:00.0118146
Passed	Sillar.Modules.Sales.Tests.MediosDePagoTests	Sillar.Modules.Sales.Tests.MediosDePagoTests.Yape_es_un_medio_valido	2026-10-03T21:30:30.3416241-05:00	00:00:00.0492934
Passed	Sillar.Modules.Sales.Tests.NumeracionTests	Sillar.Modules.Sales.Tests.NumeracionTests.El_anio_de_la_serie_es_el_de_Lima_y_no_el_de_UTC	2026-10-03T21:30:36.2598425-05:00	00:00:00.0005733
Passed	Sillar.Modules.Sales.Tests.NumeracionTests	Sillar.Modules.Sales.Tests.NumeracionTests.El_codigo_de_esa_tarde_se_compone_con_el_anio_de_Lima	2026-10-03T21:30:35.6196621-05:00	00:00:00.0107920
Passed	Sillar.Modules.Sales.Tests.NumeracionTests	Sillar.Modules.Sales.Tests.NumeracionTests.El_mediodia_de_Lima_y_el_de_UTC_dan_el_mismo_anio	2026-10-03T21:30:35.6568912-05:00	00:00:00.0033785
Passed	Sillar.Modules.Sales.Tests.NumeracionTests	Sillar.Modules.Sales.Tests.NumeracionTests.Fuera_de_una_transaccion_el_numerador_se_niega_a_numerar	2026-10-03T21:30:35.6698152-05:00	00:00:00.5848709
Passed	Sillar.Modules.Sales.Tests.NumeracionTests	Sillar.Modules.Sales.Tests.NumeracionTests.La_guarda_de_transaccion_actua_antes_de_mirar_la_configuracion	2026-10-03T21:30:29.8373430-05:00	00:00:05.7300271
Passed	Sillar.Modules.Sales.Tests.NumeracionTests	Sillar.Modules.Sales.Tests.NumeracionTests.La_zona_del_negocio_se_resuelve_en_esta_maquina	2026-10-03T21:30:35.6409822-05:00	00:00:00.0110946
Passed	Sillar.Modules.Sales.Tests.NumeracionTests	Sillar.Modules.Sales.Tests.NumeracionTests.Un_pedido_de_la_tarde_del_31_de_diciembre_conserva_su_anio	2026-10-03T21:30:35.6620647-05:00	00:00:00.0005695
Passed	Sillar.Modules.Sales.Tests.PedidosPropiosPersistenciaTests	Sillar.Modules.Sales.Tests.PedidosPropiosPersistenciaTests.El_contrato_publico_acota_el_limite_en_vez_de_obedecerlo	2026-10-03T21:30:41.2438459-05:00	00:00:00.0824102
Passed	Sillar.Modules.Sales.Tests.PedidosPropiosPersistenciaTests	Sillar.Modules.Sales.Tests.PedidosPropiosPersistenciaTests.El_historial_no_devuelve_pedidos_dados_de_baja	2026-10-03T21:30:41.3303747-05:00	00:00:00.0279241
Passed	Sillar.Modules.Sales.Tests.PedidosPropiosPersistenciaTests	Sillar.Modules.Sales.Tests.PedidosPropiosPersistenciaTests.El_historial_va_del_mas_reciente_al_mas_antiguo	2026-10-03T21:30:39.3538182-05:00	00:00:00.9609437
Passed	Sillar.Modules.Sales.Tests.PedidosPropiosPersistenciaTests	Sillar.Modules.Sales.Tests.PedidosPropiosPersistenciaTests.El_pedido_de_otro_cliente_no_existe_para_la_consulta_filtrada	2026-10-03T21:30:32.9853210-05:00	00:00:05.7420407
Passed	Sillar.Modules.Sales.Tests.PedidosPropiosPersistenciaTests	Sillar.Modules.Sales.Tests.PedidosPropiosPersistenciaTests.El_resumen_cuenta_las_lineas_sin_traerlas	2026-10-03T21:30:38.7612642-05:00	00:00:00.5893170
Passed	Sillar.Modules.Sales.Tests.PedidosPropiosPersistenciaTests	Sillar.Modules.Sales.Tests.PedidosPropiosPersistenciaTests.Un_cliente_sin_pedidos_recibe_una_lista_vacia_y_no_un_error	2026-10-03T21:30:40.3480020-05:00	00:00:00.8859161
Passed	Sillar.Modules.Sales.Tests.PedidosPropiosPersistenciaTests	Sillar.Modules.Sales.Tests.PedidosPropiosPersistenciaTests.Un_cliente_solo_ve_sus_propios_pedidos	2026-10-03T21:30:41.3608916-05:00	00:00:00.0511772
Passed	Sillar.Modules.Sales.Tests.PeticionDePedidoTests	Sillar.Modules.Sales.Tests.PeticionDePedidoTests.La_peticion_no_lleva_cliente_ni_direccion	2026-10-03T21:30:30.3271385-05:00	00:00:00.1110527
Passed	Sillar.Modules.Sales.Tests.PeticionDePedidoTests	Sillar.Modules.Sales.Tests.PeticionDePedidoTests.La_peticion_no_tiene_donde_poner_un_precio_ni_un_total	2026-10-03T21:30:30.5423101-05:00	00:00:00.0673723
Passed	Sillar.Modules.Sales.Tests.PeticionDePedidoTests	Sillar.Modules.Sales.Tests.PeticionDePedidoTests.Los_motivos_de_no_creacion_distinguen_a_consultar_de_no_vendible	2026-10-03T21:30:29.8373624-05:00	00:00:00.2136624
Passed	Sillar.Modules.Sales.Tests.PeticionDePedidoTests	Sillar.Modules.Sales.Tests.PeticionDePedidoTests.Una_linea_pedida_solo_lleva_variante_y_cantidad	2026-10-03T21:30:30.6307864-05:00	00:00:00.1718957
Passed	Sillar.Modules.Sales.Tests.TransicionesTests	Sillar.Modules.Sales.Tests.TransicionesTests.El_cliente_no_cancela_directamente	2026-10-03T21:30:30.3333708-05:00	00:00:00.0117664
Passed	Sillar.Modules.Sales.Tests.TransicionesTests	Sillar.Modules.Sales.Tests.TransicionesTests.El_vencimiento_automatico_nunca_conduce_a_cancelado	2026-10-03T21:30:30.6161482-05:00	00:00:00.0005120
Passed	Sillar.Modules.Sales.Tests.TransicionesTests	Sillar.Modules.Sales.Tests.TransicionesTests.Ninguna_transicion_permitida_sale_de_los_siete_estados	2026-10-03T21:30:29.8371979-05:00	00:00:00.2132533
Passed	Sillar.Modules.Sales.Tests.TransicionesTests	Sillar.Modules.Sales.Tests.TransicionesTests.Solo_vence_un_pedido_pendiente_de_pago	2026-10-03T21:30:30.4790749-05:00	00:00:00.0057519
Passed	Sillar.Modules.Sales.Tests.TransicionesTests	Sillar.Modules.Sales.Tests.TransicionesTests.Un_pago_no_lo_registra_el_sistema	2026-10-03T21:30:30.6465383-05:00	00:00:00.0003080
Passed	Sillar.Modules.Sales.Tests.TransicionesTests	Sillar.Modules.Sales.Tests.TransicionesTests.Un_pago_sin_mercancia_no_inventa_ningun_octavo_estado	2026-10-03T21:30:30.5898918-05:00	00:00:00.0005746
Passed	Sillar.Modules.Sales.Tests.TransicionesTests	Sillar.Modules.Sales.Tests.TransicionesTests.Un_pago_tardio_con_mercancia_lleva_el_pedido_de_Vencido_a_Preparando	2026-10-03T21:30:30.5564282-05:00	00:00:00.0195931
Passed	Sillar.Modules.Sales.Tests.TransicionesTests	Sillar.Modules.Sales.Tests.TransicionesTests.Un_pago_tardio_no_pasa_por_Pago_por_verificar	2026-10-03T21:30:30.4282998-05:00	00:00:00.0003647
Passed	Sillar.Modules.Sales.Tests.TransicionesTests	Sillar.Modules.Sales.Tests.TransicionesTests.Un_pago_tardio_sin_mercancia_se_registra_y_deja_pendiente_operativo	2026-10-03T21:30:30.4515813-05:00	00:00:00.0253561
Passed	Sillar.Modules.Sales.Tests.TransicionesTests	Sillar.Modules.Sales.Tests.TransicionesTests.Un_pedido_entregado_no_se_puede_cancelar	2026-10-03T21:30:30.6385091-05:00	00:00:00.0064973
Passed	Sillar.Modules.Sales.Tests.TransicionesTests	Sillar.Modules.Sales.Tests.TransicionesTests.Un_pedido_vencido_si_se_puede_cancelar_con_motivo	2026-10-03T21:30:30.6371569-05:00	00:00:00.0003651
Passed	Sillar.Modules.Sales.Tests.TransicionesTests	Sillar.Modules.Sales.Tests.TransicionesTests.Una_cancelacion_del_personal_con_motivo_si_se_permite	2026-10-03T21:30:30.3830979-05:00	00:00:00.0216135
Passed	Sillar.Modules.Sales.Tests.TransicionesTests	Sillar.Modules.Sales.Tests.TransicionesTests.Una_cancelacion_sin_motivo_no_se_permite	2026-10-03T21:30:30.5006500-05:00	00:00:00.0297919
Passed	Sillar.Modules.Sales.Tests.VencimientoPersistenciaTests	Sillar.Modules.Sales.Tests.VencimientoPersistenciaTests.Correr_el_vencimiento_dos_veces_no_duplica_asientos	2026-10-03T21:30:41.4247576-05:00	00:00:00.3288297
Passed	Sillar.Modules.Sales.Tests.VencimientoPersistenciaTests	Sillar.Modules.Sales.Tests.VencimientoPersistenciaTests.El_asiento_del_vencimiento_deja_los_TRES_datos_de_atribucion_en_NULL	2026-10-03T21:30:43.1720482-05:00	00:00:00.0670121
Passed	Sillar.Modules.Sales.Tests.VencimientoPersistenciaTests	Sillar.Modules.Sales.Tests.VencimientoPersistenciaTests.Solo_vence_lo_que_estaba_pendiente_de_pago	2026-10-03T21:30:43.1355799-05:00	00:00:00.0283340
Passed	Sillar.Modules.Sales.Tests.VencimientoPersistenciaTests	Sillar.Modules.Sales.Tests.VencimientoPersistenciaTests.Un_plazo_cumplido_pasa_el_pedido_a_Vencido	2026-10-03T21:30:42.4944377-05:00	00:00:00.6370101
Passed	Sillar.Modules.Sales.Tests.VencimientoPersistenciaTests	Sillar.Modules.Sales.Tests.VencimientoPersistenciaTests.Un_plazo_que_no_ha_llegado_no_vence	2026-10-03T21:30:41.7633703-05:00	00:00:00.6382907
Passed	Sillar.Modules.Sales.Tests.VencimientoPersistenciaTests	Sillar.Modules.Sales.Tests.VencimientoPersistenciaTests.Vencer_no_cancela_y_no_libera_nada	2026-10-03T21:30:42.4088664-05:00	00:00:00.0824860
Passed	Sillar.Shared.Data.Tests.ReplicationMappingTests	Sillar.Shared.Data.Tests.ReplicationMappingTests.El_nodo_de_origen_es_obligatorio	2026-10-03T21:30:35.5096649-05:00	00:00:00.0028113
Passed	Sillar.Shared.Data.Tests.ReplicationMappingTests	Sillar.Shared.Data.Tests.ReplicationMappingTests.La_fecha_de_alta_la_pone_la_base_y_solo_al_insertar	2026-10-03T21:30:35.4898904-05:00	00:00:00.0172626
Passed	Sillar.Shared.Data.Tests.ReplicationMappingTests	Sillar.Shared.Data.Tests.ReplicationMappingTests.La_fecha_de_cambio_la_pone_el_trigger_al_insertar_y_al_actualizar	2026-10-03T21:30:35.5155520-05:00	00:00:00.0029175
Passed	Sillar.Shared.Data.Tests.ReplicationMappingTests	Sillar.Shared.Data.Tests.ReplicationMappingTests.La_version_nace_en_uno_y_no_la_genera_la_base	2026-10-03T21:30:35.5256756-05:00	00:00:00.0454112
Passed	Sillar.Shared.Data.Tests.ReplicationMappingTests	Sillar.Shared.Data.Tests.ReplicationMappingTests.Las_cuatro_columnas_llevan_el_nombre_en_snake_case_del_esquema	2026-10-03T21:30:28.5440253-05:00	00:00:06.7667299
Passed	Sillar.Shared.Data.Tests.ReplicationMappingTests	Sillar.Shared.Data.Tests.ReplicationMappingTests.Sin_MapReplication_EF_las_nombraria_de_otra_forma	2026-10-03T21:30:35.4817811-05:00	00:00:00.0044998
Passed	Sillar.Shared.Data.Tests.ReplicationStampingTests	Sillar.Shared.Data.Tests.ReplicationStampingTests.Al_modificar_no_se_reescriben_ni_el_origen_ni_la_fecha_de_alta	2026-10-03T21:30:28.5430254-05:00	00:00:07.2460014
Passed	Sillar.Shared.Data.Tests.ReplicationStampingTests	Sillar.Shared.Data.Tests.ReplicationStampingTests.Al_modificar_sube_la_version_y_el_origen_no_se_toca	2026-10-03T21:30:35.9328342-05:00	00:00:00.0088577
Passed	Sillar.Shared.Data.Tests.ReplicationStampingTests	Sillar.Shared.Data.Tests.ReplicationStampingTests.El_borrado_tampoco_sube_la_version	2026-10-03T21:30:35.9016338-05:00	00:00:00.0257498
Passed	Sillar.Shared.Data.Tests.ReplicationStampingTests	Sillar.Shared.Data.Tests.ReplicationStampingTests.Una_fila_nueva_nace_con_el_nodo_la_version_uno_y_las_dos_fechas	2026-10-03T21:30:35.9444851-05:00	00:00:00.0141883
Passed	Sillar.Shared.Data.Tests.ReplicationStampingTests	Sillar.Shared.Data.Tests.ReplicationStampingTests.Una_fila_sin_cambios_no_se_sella	2026-10-03T21:30:35.8778867-05:00	00:00:00.0202651
Passed	Sillar.Shared.Tests.ModuleActivationSafetyTests	Sillar.Shared.Tests.ModuleActivationSafetyTests.Activar_con_las_dependencias_duras_activas_si_esta_permitido	2026-10-03T21:30:26.8601192-05:00	00:00:00.0004818
Passed	Sillar.Shared.Tests.ModuleActivationSafetyTests	Sillar.Shared.Tests.ModuleActivationSafetyTests.Activar_con_una_dependencia_dura_inactiva_no_esta_permitido	2026-10-03T21:30:26.8855765-05:00	00:00:00.0126009
Passed	Sillar.Shared.Tests.ModuleActivationSafetyTests	Sillar.Shared.Tests.ModuleActivationSafetyTests.Desactivar_CORE_dejaria_a_todos_los_activos_sin_su_dependencia_dura	2026-10-03T21:30:26.5420672-05:00	00:00:00.1145887
Passed	Sillar.Shared.Tests.ModuleActivationSafetyTests	Sillar.Shared.Tests.ModuleActivationSafetyTests.Desactivar_en_orden_inverso_a_las_dependencias_si_esta_permitido	2026-10-03T21:30:26.9160147-05:00	00:00:00.0016825
Passed	Sillar.Shared.Tests.ModuleActivationSafetyTests	Sillar.Shared.Tests.ModuleActivationSafetyTests.Desactivar_un_modulo_del_que_otro_activo_depende_duro_no_esta_permitido	2026-10-03T21:30:26.8644053-05:00	00:00:00.0120668
Passed	Sillar.Shared.Tests.ModuleActivationSafetyTests	Sillar.Shared.Tests.ModuleActivationSafetyTests.Ninguna_secuencia_de_operaciones_permitidas_deja_el_sistema_sin_arrancar	2026-10-03T21:30:26.7898793-05:00	00:00:00.0691941
Passed	Sillar.Shared.Tests.ModuleActivationSafetyTests	Sillar.Shared.Tests.ModuleActivationSafetyTests.Una_dependencia_blanda_inactiva_no_impide_activar	2026-10-03T21:30:26.9194151-05:00	00:00:00.0047276
Passed	Sillar.Shared.Tests.ModuleActivationSafetyTests	Sillar.Shared.Tests.ModuleActivationSafetyTests.Una_dependencia_blanda_no_impide_desactivar_al_otro	2026-10-03T21:30:26.8997507-05:00	00:00:00.0070468
Passed	Sillar.Shared.Tests.ModuleActivationTests	Sillar.Shared.Tests.ModuleActivationTests.Con_todas_las_dependencias_duras_activas_no_hay_problema	2026-10-03T21:30:26.7887149-05:00	00:00:00.0291609
Passed	Sillar.Shared.Tests.ModuleActivationTests	Sillar.Shared.Tests.ModuleActivationTests.Lo_que_esta_apagado_no_se_juzga	2026-10-03T21:30:26.9534247-05:00	00:00:00.0004362
Passed	Sillar.Shared.Tests.ModuleActivationTests	Sillar.Shared.Tests.ModuleActivationTests.Se_reportan_todas_las_dependencias_que_faltan_no_solo_la_primera	2026-10-03T21:30:26.5418474-05:00	00:00:00.1245468
Passed	Sillar.Shared.Tests.ModuleActivationTests	Sillar.Shared.Tests.ModuleActivationTests.Un_modulo_activo_con_su_dependencia_dura_apagada_es_un_problema	2026-10-03T21:30:26.8320087-05:00	00:00:00.1183812
Passed	Sillar.Shared.Tests.ModuleActivationTests	Sillar.Shared.Tests.ModuleActivationTests.Una_dependencia_blanda_apagada_no_es_un_problema	2026-10-03T21:30:26.9588624-05:00	00:00:00.0042762
Passed	Sillar.Shared.Tests.ModuleActiveButUndeclaredTests	Sillar.Shared.Tests.ModuleActiveButUndeclaredTests.Lo_inactivo_y_ausente_no_es_un_problema	2026-10-03T21:30:26.8342539-05:00	00:00:00.0248109
Passed	Sillar.Shared.Tests.ModuleActiveButUndeclaredTests	Sillar.Shared.Tests.ModuleActiveButUndeclaredTests.Se_nombran_todos_los_que_faltan_no_solo_el_primero	2026-10-03T21:30:26.5420328-05:00	00:00:00.2501931
Passed	Sillar.Shared.Tests.ModuleActiveButUndeclaredTests	Sillar.Shared.Tests.ModuleActiveButUndeclaredTests.Si_todo_lo_activo_en_la_base_esta_declarado_no_hay_problema	2026-10-03T21:30:26.8610451-05:00	00:00:00.0006115
Passed	Sillar.Shared.Tests.ModuleActiveButUndeclaredTests	Sillar.Shared.Tests.ModuleActiveButUndeclaredTests.Sin_ningun_codigo_activo_no_hay_nada_que_reportar	2026-10-03T21:30:26.8814428-05:00	00:00:00.0111030
Passed	Sillar.Shared.Tests.ModuleActiveButUndeclaredTests	Sillar.Shared.Tests.ModuleActiveButUndeclaredTests.Un_codigo_activo_que_el_binario_no_trae_se_nombra	2026-10-03T21:30:26.8671344-05:00	00:00:00.0128713
Passed	Sillar.Shared.Tests.ModuleGraphTests	Sillar.Shared.Tests.ModuleGraphTests.Declarar_la_misma_dependencia_dura_y_blanda_avisa_y_manda_la_dura	2026-10-03T21:30:26.9293435-05:00	00:00:00.0037495
Passed	Sillar.Shared.Tests.ModuleGraphTests	Sillar.Shared.Tests.ModuleGraphTests.Dos_modulos_con_el_mismo_codigo_abortan	2026-10-03T21:30:26.9981018-05:00	00:00:00.0011356
Passed	Sillar.Shared.Tests.ModuleGraphTests	Sillar.Shared.Tests.ModuleGraphTests.El_orden_deja_cada_modulo_detras_de_sus_dependencias	2026-10-03T21:30:26.8369019-05:00	00:00:00.0772698
Passed	Sillar.Shared.Tests.ModuleGraphTests	Sillar.Shared.Tests.ModuleGraphTests.El_orden_no_depende_de_como_lleguen_los_modulos	2026-10-03T21:30:26.9751166-05:00	00:00:00.0062986
Passed	Sillar.Shared.Tests.ModuleGraphTests	Sillar.Shared.Tests.ModuleGraphTests.Sin_CORE_no_se_puede_arrancar	2026-10-03T21:30:26.7999238-05:00	00:00:00.0122950
Passed	Sillar.Shared.Tests.ModuleGraphTests	Sillar.Shared.Tests.ModuleGraphTests.Sin_ningun_modulo_no_se_puede_arrancar	2026-10-03T21:30:26.9348540-05:00	00:00:00.0047911
Passed	Sillar.Shared.Tests.ModuleGraphTests	Sillar.Shared.Tests.ModuleGraphTests.Un_ciclo_a_traves_de_una_dependencia_blanda_tambien_aborta	2026-10-03T21:30:26.9477308-05:00	00:00:00.0084954
Passed	Sillar.Shared.Tests.ModuleGraphTests	Sillar.Shared.Tests.ModuleGraphTests.Un_ciclo_aborta_e_indica_el_camino	2026-10-03T21:30:27.0032558-05:00	00:00:00.0024011
Passed	Sillar.Shared.Tests.ModuleGraphTests	Sillar.Shared.Tests.ModuleGraphTests.Un_codigo_que_no_sirve_como_schema_aborta(codigo: "")	2026-10-03T21:30:26.7719789-05:00	00:00:00.0006793
Passed	Sillar.Shared.Tests.ModuleGraphTests	Sillar.Shared.Tests.ModuleGraphTests.Un_codigo_que_no_sirve_como_schema_aborta(codigo: "1catalog")	2026-10-03T21:30:26.7873265-05:00	00:00:00.0000751
Passed	Sillar.Shared.Tests.ModuleGraphTests	Sillar.Shared.Tests.ModuleGraphTests.Un_codigo_que_no_sirve_como_schema_aborta(codigo: "Catalog")	2026-10-03T21:30:26.7981096-05:00	00:00:00.0000920
Passed	Sillar.Shared.Tests.ModuleGraphTests	Sillar.Shared.Tests.ModuleGraphTests.Un_codigo_que_no_sirve_como_schema_aborta(codigo: "c")	2026-10-03T21:30:26.7988414-05:00	00:00:00.0000787
Passed	Sillar.Shared.Tests.ModuleGraphTests	Sillar.Shared.Tests.ModuleGraphTests.Un_codigo_que_no_sirve_como_schema_aborta(codigo: "cata-logo")	2026-10-03T21:30:26.5420142-05:00	00:00:00.1351221
Passed	Sillar.Shared.Tests.ModuleGraphTests	Sillar.Shared.Tests.ModuleGraphTests.Un_codigo_que_no_sirve_como_schema_aborta(codigo: "catalogo_con_un_nombre_larguisimo_que_pasa_de_cuar"···)	2026-10-03T21:30:26.7865905-05:00	00:00:00.0000961
Passed	Sillar.Shared.Tests.ModuleGraphTests	Sillar.Shared.Tests.ModuleGraphTests.Un_grafo_correcto_es_valido	2026-10-03T21:30:27.0008650-05:00	00:00:00.0010795
Passed	Sillar.Shared.Tests.ModuleGraphTests	Sillar.Shared.Tests.ModuleGraphTests.Un_modulo_que_depende_de_si_mismo_aborta	2026-10-03T21:30:26.9855967-05:00	00:00:00.0009629
Passed	Sillar.Shared.Tests.ModuleGraphTests	Sillar.Shared.Tests.ModuleGraphTests.Un_modulo_que_no_declara_CORE_aborta	2026-10-03T21:30:27.0102860-05:00	00:00:00.0010902
Passed	Sillar.Shared.Tests.ModuleGraphTests	Sillar.Shared.Tests.ModuleGraphTests.Un_modulo_sin_descripcion_aborta(descripcion: "   ")	2026-10-03T21:30:26.9960489-05:00	00:00:00.0008760
Passed	Sillar.Shared.Tests.ModuleGraphTests	Sillar.Shared.Tests.ModuleGraphTests.Un_modulo_sin_descripcion_aborta(descripcion: "")	2026-10-03T21:30:26.9922712-05:00	00:00:00.0009918
Passed	Sillar.Shared.Tests.ModuleGraphTests	Sillar.Shared.Tests.ModuleGraphTests.Un_nombre_visible_vacio_aborta	2026-10-03T21:30:27.0074233-05:00	00:00:00.0012024
Passed	Sillar.Shared.Tests.ModuleGraphTests	Sillar.Shared.Tests.ModuleGraphTests.Una_dependencia_blanda_inexistente_solo_avisa	2026-10-03T21:30:26.9827638-05:00	00:00:00.0010820
Passed	Sillar.Shared.Tests.ModuleGraphTests	Sillar.Shared.Tests.ModuleGraphTests.Una_dependencia_dura_hacia_un_modulo_inexistente_aborta	2026-10-03T21:30:26.9887293-05:00	00:00:00.0012529
Passed	Sillar.Shared.Tests.ModuleGraphTests	Sillar.Shared.Tests.ModuleGraphTests.Una_descripcion_que_no_cabe_en_la_columna_aborta	2026-10-03T21:30:26.9157426-05:00	00:00:00.0073599
Passed	Sillar.Shared.Tests.ModuleGraphTests	Sillar.Shared.Tests.ModuleGraphTests.Una_posicion_negativa_en_el_panel_aborta	2026-10-03T21:30:26.9721492-05:00	00:00:00.0014111
Passed	Sillar.Shared.Tests.ModuleGraphTests	Sillar.Shared.Tests.ModuleGraphTests.Una_version_mal_formada_aborta(version: "")	2026-10-03T21:30:26.9702348-05:00	00:00:00.0001477
Passed	Sillar.Shared.Tests.ModuleGraphTests	Sillar.Shared.Tests.ModuleGraphTests.Una_version_mal_formada_aborta(version: "1.0")	2026-10-03T21:30:26.9682340-05:00	00:00:00.0007942
Passed	Sillar.Shared.Tests.ModuleGraphTests	Sillar.Shared.Tests.ModuleGraphTests.Una_version_mal_formada_aborta(version: "v1.0.0")	2026-10-03T21:30:26.9621073-05:00	00:00:00.0034846
Passed	Sillar.Shared.Tests.PagingTests	Sillar.Shared.Tests.PagingTests.El_salto_corresponde_a_la_pagina_pedida	2026-10-03T21:30:26.8085840-05:00	00:00:00.0173925
Passed	Sillar.Shared.Tests.PagingTests	Sillar.Shared.Tests.PagingTests.El_total_de_paginas_redondea_hacia_arriba	2026-10-03T21:30:26.8268986-05:00	00:00:00.0007203
Passed	Sillar.Shared.Tests.PagingTests	Sillar.Shared.Tests.PagingTests.La_ultima_pagina_no_tiene_siguiente	2026-10-03T21:30:26.5420520-05:00	00:00:00.1160160
Passed	Sillar.Shared.Tests.PagingTests	Sillar.Shared.Tests.PagingTests.No_se_puede_pedir_mas_del_maximo	2026-10-03T21:30:26.8579978-05:00	00:00:00.0005481
Passed	Sillar.Shared.Tests.PagingTests	Sillar.Shared.Tests.PagingTests.Sin_pedir_nada_se_devuelve_la_primera_pagina_de_cincuenta	2026-10-03T21:30:26.8502040-05:00	00:00:00.0005121
Passed	Sillar.Shared.Tests.PagingTests	Sillar.Shared.Tests.PagingTests.Sin_resultados_no_hay_paginas_ni_siguiente	2026-10-03T21:30:26.8707954-05:00	00:00:00.0005482
Passed	Sillar.Shared.Tests.PagingTests	Sillar.Shared.Tests.PagingTests.Un_tamano_de_cero_o_negativo_se_lleva_al_minimo	2026-10-03T21:30:26.8661703-05:00	00:00:00.0005080
Passed	Sillar.Shared.Tests.PagingTests	Sillar.Shared.Tests.PagingTests.Una_pagina_por_debajo_de_uno_se_trata_como_la_primera(pedida: -3)	2026-10-03T21:30:26.8070761-05:00	00:00:00.0004762
Passed	Sillar.Shared.Tests.PagingTests	Sillar.Shared.Tests.PagingTests.Una_pagina_por_debajo_de_uno_se_trata_como_la_primera(pedida: 0)	2026-10-03T21:30:26.7856381-05:00	00:00:00.0114582
