outcome	clase	prueba	inicio	duracion
Passed	Sillar.Api.Tests.ArranqueConModuloActivoAusenteTests	Sillar.Api.Tests.ArranqueConModuloActivoAusenteTests.Un_modulo_activo_que_el_binario_no_trae_impide_arrancar_al_host	2026-10-05T22:58:23.0574097-05:00	00:00:47.1021935
Passed	Sillar.Api.Tests.CierreM04SeguridadYCorreoTests	Sillar.Api.Tests.CierreM04SeguridadYCorreoTests.Criterio13_password_de_registro_no_aparece_en_respuesta_logs_ni_auditoria	2026-10-05T22:58:23.0594260-05:00	00:00:47.3937301
Passed	Sillar.Api.Tests.CierreM04SeguridadYCorreoTests	Sillar.Api.Tests.CierreM04SeguridadYCorreoTests.Criterio17_fallo_de_correo_de_un_registro_concreto_es_visible_para_admin	2026-10-05T22:59:10.5055636-05:00	00:00:26.9505462
Passed	Sillar.Core.Tests.ActivacionConSchemaTests	Sillar.Core.Tests.ActivacionConSchemaTests.Al_negarse_el_estado_previo_queda_intacto	2026-10-05T22:59:00.4629719-05:00	00:00:02.0265462
Passed	Sillar.Core.Tests.ActivacionConSchemaTests	Sillar.Core.Tests.ActivacionConSchemaTests.Con_su_schema_presente_el_modulo_se_activa	2026-10-05T22:59:10.4946458-05:00	00:00:10.5544847
Passed	Sillar.Core.Tests.ActivacionConSchemaTests	Sillar.Core.Tests.ActivacionConSchemaTests.El_error_nombra_el_modulo_el_schema_la_base_y_que_hacer	2026-10-05T22:58:49.9392881-05:00	00:00:04.4014366
Passed	Sillar.Core.Tests.ActivacionConSchemaTests	Sillar.Core.Tests.ActivacionConSchemaTests.Los_modulos_de_demostracion_sin_schema_se_siguen_activando	2026-10-05T22:59:02.4906485-05:00	00:00:02.8392323
Passed	Sillar.Core.Tests.ActivacionConSchemaTests	Sillar.Core.Tests.ActivacionConSchemaTests.Sin_su_schema_el_modulo_no_se_activa	2026-10-05T22:59:05.3612705-05:00	00:00:05.1325041
Passed	Sillar.Core.Tests.ActivacionConSchemaTests	Sillar.Core.Tests.ActivacionConSchemaTests.Tras_una_instalacion_correcta_los_modulos_reales_tienen_su_schema_y_se_activan	2026-10-05T22:58:54.3415021-05:00	00:00:06.1207767
Passed	Sillar.Core.Tests.ActivacionConSchemaTests	Sillar.Core.Tests.ActivacionConSchemaTests.Un_modulo_real_sin_su_schema_no_se_activa_aunque_otros_si_lo_tengan	2026-10-05T22:58:24.0203941-05:00	00:00:25.8768620
Passed	Sillar.Core.Tests.ActivacionConSchemaTests	Sillar.Core.Tests.ActivacionConSchemaTests.Una_averia_distinta_no_se_convierte_en_falta_el_schema	2026-10-05T22:59:05.3339170-05:00	00:00:00.0237105
Passed	Sillar.Core.Tests.AdminClaimIsolationTests	Sillar.Core.Tests.AdminClaimIsolationTests.Claim_csrf_administrativo_si_se_resuelve	2026-10-05T22:58:24.8651111-05:00	00:00:00.0306941
Passed	Sillar.Core.Tests.AdminClaimIsolationTests	Sillar.Core.Tests.AdminClaimIsolationTests.Claim_csrf_generico_anterior_no_es_claim_administrativo	2026-10-05T22:58:24.8970533-05:00	00:00:00.0247920
Passed	Sillar.Core.Tests.AdminClaimIsolationTests	Sillar.Core.Tests.AdminClaimIsolationTests.Claims_administrativos_tienen_namespace_propio	2026-10-05T22:58:24.9915011-05:00	00:00:00.0003717
Passed	Sillar.Core.Tests.AdminClaimIsolationTests	Sillar.Core.Tests.AdminClaimIsolationTests.CurrentAdmin_ignora_claims_de_cliente	2026-10-05T22:58:24.9353870-05:00	00:00:00.0423066
Passed	Sillar.Core.Tests.AdminClaimIsolationTests	Sillar.Core.Tests.AdminClaimIsolationTests.CurrentAdmin_ignora_session_id_generico_anterior	2026-10-05T22:58:25.0848484-05:00	00:00:00.0096382
Passed	Sillar.Core.Tests.AdminClaimIsolationTests	Sillar.Core.Tests.AdminClaimIsolationTests.CurrentAdmin_lee_session_id_administrativo	2026-10-05T22:58:25.0017189-05:00	00:00:00.0726424
Passed	Sillar.Core.Tests.ArranqueContraBaseVaciaTests	Sillar.Core.Tests.ArranqueContraBaseVaciaTests.El_modo_instalacion_monta_las_dos_rutas_de_setup_y_ninguna_mas	2026-10-05T22:58:54.3356066-05:00	00:00:00.1277766
Passed	Sillar.Core.Tests.ArranqueContraBaseVaciaTests	Sillar.Core.Tests.ArranqueContraBaseVaciaTests.GET_setup_status_contra_base_vacia_responde_200_y_no_un_500	2026-10-05T22:58:54.4644592-05:00	00:00:05.4411698
Passed	Sillar.Core.Tests.ArranqueContraBaseVaciaTests	Sillar.Core.Tests.ArranqueContraBaseVaciaTests.La_misma_base_cambia_de_estado_al_aplicarle_las_migraciones	2026-10-05T22:58:49.8891317-05:00	00:00:04.4387686
Passed	Sillar.Core.Tests.ArranqueContraBaseVaciaTests	Sillar.Core.Tests.ArranqueContraBaseVaciaTests.Sin_migraciones_el_estado_es_faltan_migraciones_y_no_una_excepcion	2026-10-05T22:58:25.8955650-05:00	00:00:23.9836376
Passed	Sillar.Core.Tests.ArranqueContraBaseVaciaTests	Sillar.Core.Tests.ArranqueContraBaseVaciaTests.Un_error_de_PostgreSQL_que_NO_es_42P01_no_se_traga	2026-10-05T22:58:59.9197183-05:00	00:00:01.2261937
Passed	Sillar.Core.Tests.AutenticacionSinAlmacenDeSesionesTests	Sillar.Core.Tests.AutenticacionSinAlmacenDeSesionesTests.Base_pristina_y_cookie_vieja_el_instalador_termina_y_la_cookie_nunca_autentica	2026-10-05T22:58:53.8536539-05:00	00:00:10.9665100
Passed	Sillar.Core.Tests.AutenticacionSinAlmacenDeSesionesTests	Sillar.Core.Tests.AutenticacionSinAlmacenDeSesionesTests.Con_cookie_vieja_y_sin_core_setup_status_responde_y_una_ruta_protegida_da_401	2026-10-05T22:58:49.9226048-05:00	00:00:03.9281851
Passed	Sillar.Core.Tests.AutenticacionSinAlmacenDeSesionesTests	Sillar.Core.Tests.AutenticacionSinAlmacenDeSesionesTests.Con_cookie_y_sin_tabla_de_sesiones_no_hay_resultado_y_no_hay_identidad	2026-10-05T22:58:37.4486309-05:00	00:00:12.4352196
Passed	Sillar.Core.Tests.AutenticacionSinAlmacenDeSesionesTests	Sillar.Core.Tests.AutenticacionSinAlmacenDeSesionesTests.Con_la_tabla_presente_y_una_sesion_valida_autentica_con_normalidad	2026-10-05T22:59:05.9178179-05:00	00:00:04.5816212
Passed	Sillar.Core.Tests.AutenticacionSinAlmacenDeSesionesTests	Sillar.Core.Tests.AutenticacionSinAlmacenDeSesionesTests.Cuando_aparecen_las_tablas_el_handler_vuelve_a_consultar_con_normalidad	2026-10-05T22:59:19.1132842-05:00	00:00:04.4763209
Passed	Sillar.Core.Tests.AutenticacionSinAlmacenDeSesionesTests	Sillar.Core.Tests.AutenticacionSinAlmacenDeSesionesTests.Sin_cookie_no_hay_resultado_como_siempre	2026-10-05T22:59:04.8228462-05:00	00:00:01.0880407
Passed	Sillar.Core.Tests.AutenticacionSinAlmacenDeSesionesTests	Sillar.Core.Tests.AutenticacionSinAlmacenDeSesionesTests.Un_42P01_de_otra_relacion_no_se_traga	2026-10-05T22:59:10.5001465-05:00	00:00:08.6115306
Passed	Sillar.Core.Tests.AutenticacionSinAlmacenDeSesionesTests	Sillar.Core.Tests.AutenticacionSinAlmacenDeSesionesTests.Un_UndefinedColumn_no_se_traga	2026-10-05T22:59:23.5905356-05:00	00:00:00.8837538
Passed	Sillar.Core.Tests.AutenticacionSinAlmacenDeSesionesTests	Sillar.Core.Tests.AutenticacionSinAlmacenDeSesionesTests.Una_base_inexistente_no_se_convierte_en_ausencia	2026-10-05T22:58:24.0151581-05:00	00:00:13.3199293
Passed	Sillar.Core.Tests.AutenticacionSinAlmacenDeSesionesTests	Sillar.Core.Tests.AutenticacionSinAlmacenDeSesionesTests.Una_conexion_caida_no_se_convierte_en_ausencia	2026-10-05T22:58:49.8879829-05:00	00:00:00.0321524
Passed	Sillar.Core.Tests.ContentSnifferTests	Sillar.Core.Tests.ContentSnifferTests.Otros_formatos_conocidos_se_rechazan(firma: "%PDF-1.7")	2026-10-05T22:58:25.2565076-05:00	00:00:00.0000688
Passed	Sillar.Core.Tests.ContentSnifferTests	Sillar.Core.Tests.ContentSnifferTests.Otros_formatos_conocidos_se_rechazan(firma: "GIF89a")	2026-10-05T22:58:25.1244677-05:00	00:00:00.0575138
Passed	Sillar.Core.Tests.ContentSnifferTests	Sillar.Core.Tests.ContentSnifferTests.Otros_formatos_conocidos_se_rechazan(firma: "PK\x03\x04")	2026-10-05T22:58:25.2088614-05:00	00:00:00.0000663
Passed	Sillar.Core.Tests.ContentSnifferTests	Sillar.Core.Tests.ContentSnifferTests.Otros_formatos_conocidos_se_rechazan(firma: "\x1f")	2026-10-05T22:58:25.1961889-05:00	00:00:00.0007115
Passed	Sillar.Core.Tests.ContentSnifferTests	Sillar.Core.Tests.ContentSnifferTests.Un_archivo_con_extension_png_pero_otro_contenido_se_rechaza	2026-10-05T22:58:25.2929200-05:00	00:00:00.0003330
Passed	Sillar.Core.Tests.ContentSnifferTests	Sillar.Core.Tests.ContentSnifferTests.Un_archivo_vacio_o_truncado_se_rechaza	2026-10-05T22:58:25.3081625-05:00	00:00:00.0004392
Passed	Sillar.Core.Tests.ContentSnifferTests	Sillar.Core.Tests.ContentSnifferTests.Un_jpeg_se_reconoce_por_su_firma	2026-10-05T22:58:25.3654604-05:00	00:00:00.0063044
Passed	Sillar.Core.Tests.ContentSnifferTests	Sillar.Core.Tests.ContentSnifferTests.Un_png_se_reconoce_por_su_firma	2026-10-05T22:58:25.4255085-05:00	00:00:00.0010003
Passed	Sillar.Core.Tests.ContentSnifferTests	Sillar.Core.Tests.ContentSnifferTests.Un_riff_que_no_es_webp_se_rechaza	2026-10-05T22:58:25.4140021-05:00	00:00:00.0006364
Passed	Sillar.Core.Tests.ContentSnifferTests	Sillar.Core.Tests.ContentSnifferTests.Un_svg_sin_declaracion_xml_tambien_se_rechaza	2026-10-05T22:58:25.2763520-05:00	00:00:00.0004949
Passed	Sillar.Core.Tests.ContentSnifferTests	Sillar.Core.Tests.ContentSnifferTests.Un_svg_valido_se_rechaza	2026-10-05T22:58:25.4199222-05:00	00:00:00.0003872
Passed	Sillar.Core.Tests.ContentSnifferTests	Sillar.Core.Tests.ContentSnifferTests.Un_webp_se_reconoce_en_sus_tres_variantes(variante: "VP8 ")	2026-10-05T22:58:25.3173658-05:00	00:00:00.0380417
Passed	Sillar.Core.Tests.ContentSnifferTests	Sillar.Core.Tests.ContentSnifferTests.Un_webp_se_reconoce_en_sus_tres_variantes(variante: "VP8L")	2026-10-05T22:58:25.3599610-05:00	00:00:00.0000814
Passed	Sillar.Core.Tests.ContentSnifferTests	Sillar.Core.Tests.ContentSnifferTests.Un_webp_se_reconoce_en_sus_tres_variantes(variante: "VP8X")	2026-10-05T22:58:25.3563170-05:00	00:00:00.0027531
Passed	Sillar.Core.Tests.CsrfTokenFactoryTests	Sillar.Core.Tests.CsrfTokenFactoryTests.Dos_instalaciones_distintas_dan_tokens_distintos_para_la_misma_sesion	2026-10-05T22:58:25.8246103-05:00	00:00:00.0092148
Passed	Sillar.Core.Tests.CsrfTokenFactoryTests	Sillar.Core.Tests.CsrfTokenFactoryTests.Dos_sesiones_distintas_dan_tokens_distintos	2026-10-05T22:58:25.8042880-05:00	00:00:00.0091759
Passed	Sillar.Core.Tests.CsrfTokenFactoryTests	Sillar.Core.Tests.CsrfTokenFactoryTests.El_hash_que_se_guarda_no_contiene_el_token	2026-10-05T22:58:25.7646720-05:00	00:00:00.0006542
Passed	Sillar.Core.Tests.CsrfTokenFactoryTests	Sillar.Core.Tests.CsrfTokenFactoryTests.El_token_no_revela_la_sesion_ni_la_clave_de_instalacion	2026-10-05T22:58:25.7223096-05:00	00:00:00.0175932
Passed	Sillar.Core.Tests.CsrfTokenFactoryTests	Sillar.Core.Tests.CsrfTokenFactoryTests.El_token_viaja_en_una_cabecera_sin_escapar_nada	2026-10-05T22:58:25.7941431-05:00	00:00:00.0007739
Passed	Sillar.Core.Tests.CsrfTokenFactoryTests	Sillar.Core.Tests.CsrfTokenFactoryTests.La_etiqueta_de_derivacion_esta_versionada	2026-10-05T22:58:25.7572125-05:00	00:00:00.0002482
Passed	Sillar.Core.Tests.CsrfTokenFactoryTests	Sillar.Core.Tests.CsrfTokenFactoryTests.La_misma_sesion_da_siempre_el_mismo_token	2026-10-05T22:58:25.8148129-05:00	00:00:00.0085314
Passed	Sillar.Core.Tests.CsrfTokenFactoryTests	Sillar.Core.Tests.CsrfTokenFactoryTests.Reiniciar_el_proceso_no_cambia_el_token_de_una_sesion_viva	2026-10-05T22:58:25.7411301-05:00	00:00:00.0008313
Passed	Sillar.Core.Tests.CsrfTokenFactoryTests	Sillar.Core.Tests.CsrfTokenFactoryTests.Una_clave_de_instalacion_que_solo_difiere_en_un_bit_da_otro_token	2026-10-05T22:58:25.8353258-05:00	00:00:00.0006847
Passed	Sillar.Core.Tests.CsrfTokenFactoryTests	Sillar.Core.Tests.CsrfTokenFactoryTests.Una_clave_de_instalacion_vacia_se_rechaza	2026-10-05T22:58:25.7702940-05:00	00:00:00.0123364
Passed	Sillar.Core.Tests.EmailTestStatusContractTests	Sillar.Core.Tests.EmailTestStatusContractTests.Estado_smtp_no_expone_secretos	2026-10-05T22:58:25.6277906-05:00	00:00:00.0435648
Passed	Sillar.Core.Tests.EmailTestStatusContractTests	Sillar.Core.Tests.EmailTestStatusContractTests.Estado_smtp_representa_nunca_probado_sin_inventar_fecha	2026-10-05T22:58:25.6720610-05:00	00:00:00.0141342
Passed	Sillar.Core.Tests.HostRestarterTests	Sillar.Core.Tests.HostRestarterTests.Con_la_bandera_en_false_el_host_no_se_detiene	2026-10-05T22:58:24.6745279-05:00	00:00:00.1268058
Passed	Sillar.Core.Tests.HostRestarterTests	Sillar.Core.Tests.HostRestarterTests.Con_la_bandera_en_true_la_parada_se_programa_para_despues_de_la_respuesta	2026-10-05T22:58:24.8238369-05:00	00:00:00.0100809
Passed	Sillar.Core.Tests.HostRestarterTests	Sillar.Core.Tests.HostRestarterTests.La_parada_incondicional_tampoco_ocurre_antes_de_la_respuesta	2026-10-05T22:58:24.0205016-05:00	00:00:00.5571320
Passed	Sillar.Core.Tests.HostRestarterTests	Sillar.Core.Tests.HostRestarterTests.Sin_configuracion_el_host_no_se_detiene	2026-10-05T22:58:24.8081264-05:00	00:00:00.0144325
Passed	Sillar.Core.Tests.ImageDimensionsTests	Sillar.Core.Tests.ImageDimensionsTests.En_jpeg_el_alto_va_antes_que_el_ancho	2026-10-05T22:58:25.7477978-05:00	00:00:00.0022880
Passed	Sillar.Core.Tests.ImageDimensionsTests	Sillar.Core.Tests.ImageDimensionsTests.En_jpeg_se_saltan_los_marcadores_previos	2026-10-05T22:58:25.6720609-05:00	00:00:00.0134690
Passed	Sillar.Core.Tests.ImageDimensionsTests	Sillar.Core.Tests.ImageDimensionsTests.Las_dimensiones_de_un_jpeg_se_leen_del_inicio_de_fotograma(ancho: 1920, alto: 1080)	2026-10-05T22:58:25.7182636-05:00	00:00:00.0004903
Passed	Sillar.Core.Tests.ImageDimensionsTests	Sillar.Core.Tests.ImageDimensionsTests.Las_dimensiones_de_un_jpeg_se_leen_del_inicio_de_fotograma(ancho: 800, alto: 600)	2026-10-05T22:58:25.7286582-05:00	00:00:00.0006720
Passed	Sillar.Core.Tests.ImageDimensionsTests	Sillar.Core.Tests.ImageDimensionsTests.Las_dimensiones_de_un_png_se_leen_del_IHDR(ancho: 1, alto: 1)	2026-10-05T22:58:25.6577556-05:00	00:00:00.0007665
Passed	Sillar.Core.Tests.ImageDimensionsTests	Sillar.Core.Tests.ImageDimensionsTests.Las_dimensiones_de_un_png_se_leen_del_IHDR(ancho: 4096, alto: 2160)	2026-10-05T22:58:25.6706911-05:00	00:00:00.0000975
Passed	Sillar.Core.Tests.ImageDimensionsTests	Sillar.Core.Tests.ImageDimensionsTests.Las_dimensiones_de_un_png_se_leen_del_IHDR(ancho: 800, alto: 600)	2026-10-05T22:58:25.6477836-05:00	00:00:00.0042858
Passed	Sillar.Core.Tests.ImageDimensionsTests	Sillar.Core.Tests.ImageDimensionsTests.Las_dimensiones_de_un_webp_se_leen_en_sus_tres_variantes(variante: "VP8 ", ancho: 640, alto: 480)	2026-10-05T22:58:25.6389662-05:00	00:00:00.0001042
Passed	Sillar.Core.Tests.ImageDimensionsTests	Sillar.Core.Tests.ImageDimensionsTests.Las_dimensiones_de_un_webp_se_leen_en_sus_tres_variantes(variante: "VP8L", ancho: 1, alto: 1)	2026-10-05T22:58:25.5136141-05:00	00:00:00.0951340
Passed	Sillar.Core.Tests.ImageDimensionsTests	Sillar.Core.Tests.ImageDimensionsTests.Las_dimensiones_de_un_webp_se_leen_en_sus_tres_variantes(variante: "VP8L", ancho: 640, alto: 480)	2026-10-05T22:58:25.6279237-05:00	00:00:00.0000688
Passed	Sillar.Core.Tests.ImageDimensionsTests	Sillar.Core.Tests.ImageDimensionsTests.Las_dimensiones_de_un_webp_se_leen_en_sus_tres_variantes(variante: "VP8X", ancho: 16383, alto: 16383)	2026-10-05T22:58:25.6156887-05:00	00:00:00.0081740
Passed	Sillar.Core.Tests.ImageDimensionsTests	Sillar.Core.Tests.ImageDimensionsTests.Las_dimensiones_de_un_webp_se_leen_en_sus_tres_variantes(variante: "VP8X", ancho: 640, alto: 480)	2026-10-05T22:58:25.6288192-05:00	00:00:00.0000950
Passed	Sillar.Core.Tests.ImageDimensionsTests	Sillar.Core.Tests.ImageDimensionsTests.Un_jpeg_sin_inicio_de_fotograma_devuelve_nulo_y_no_se_queda_dando_vueltas	2026-10-05T22:58:25.7622702-05:00	00:00:00.0004996
Passed	Sillar.Core.Tests.ImageDimensionsTests	Sillar.Core.Tests.ImageDimensionsTests.Un_webp_de_variante_desconocida_devuelve_nulo	2026-10-05T22:58:25.7559406-05:00	00:00:00.0004361
Passed	Sillar.Core.Tests.ImageDimensionsTests	Sillar.Core.Tests.ImageDimensionsTests.Una_cabecera_truncada_devuelve_nulo_sin_reventar	2026-10-05T22:58:25.7395130-05:00	00:00:00.0011182
Passed	Sillar.Core.Tests.InstalacionDeModulosTests	Sillar.Core.Tests.InstalacionDeModulosTests.Base_pristina_la_instalacion_deja_todos_los_schemas_desplegados_y_termina_operativa	2026-10-05T22:59:25.0537724-05:00	00:00:02.3620388
Passed	Sillar.Core.Tests.InstalacionDeModulosTests	Sillar.Core.Tests.InstalacionDeModulosTests.CORE_se_instala_el_primero_y_no_por_casualidad	2026-10-05T22:59:10.4783612-05:00	00:00:00.0025740
Passed	Sillar.Core.Tests.InstalacionDeModulosTests	Sillar.Core.Tests.InstalacionDeModulosTests.Clasificar_con_algo_ajeno_no_es_seguro	2026-10-05T22:59:25.0528534-05:00	00:00:00.0004126
Passed	Sillar.Core.Tests.InstalacionDeModulosTests	Sillar.Core.Tests.InstalacionDeModulosTests.Clasificar_con_solo_lo_nuestro_es_reanudable	2026-10-05T22:58:49.9365480-05:00	00:00:00.0106234
Passed	Sillar.Core.Tests.InstalacionDeModulosTests	Sillar.Core.Tests.InstalacionDeModulosTests.Clasificar_sin_nada_es_pristina	2026-10-05T22:59:10.4765656-05:00	00:00:00.0006465
Passed	Sillar.Core.Tests.InstalacionDeModulosTests	Sillar.Core.Tests.InstalacionDeModulosTests.El_503_nombra_base_servidor_puerto_y_la_evidencia_y_manda_comprobar_la_conexion	2026-10-05T22:59:23.1537289-05:00	00:00:00.6910082
Passed	Sillar.Core.Tests.InstalacionDeModulosTests	Sillar.Core.Tests.InstalacionDeModulosTests.El_orden_es_el_mismo_llegue_como_llegue_el_catalogo_de_modulos	2026-10-05T22:59:05.3397200-05:00	00:00:00.0108805
Passed	Sillar.Core.Tests.InstalacionDeModulosTests	Sillar.Core.Tests.InstalacionDeModulosTests.Las_extensiones_en_public_no_convierten_la_base_en_ajena	2026-10-05T22:59:23.8457457-05:00	00:00:00.6993596
Passed	Sillar.Core.Tests.InstalacionDeModulosTests	Sillar.Core.Tests.InstalacionDeModulosTests.POST_setup_sobre_base_pristina_responde_201	2026-10-05T22:58:49.9506512-05:00	00:00:10.5116546
Passed	Sillar.Core.Tests.InstalacionDeModulosTests	Sillar.Core.Tests.InstalacionDeModulosTests.Repetir_la_instalacion_no_reaplica_nada_y_sigue_operativa	2026-10-05T22:59:10.4819395-05:00	00:00:10.5529204
Passed	Sillar.Core.Tests.InstalacionDeModulosTests	Sillar.Core.Tests.InstalacionDeModulosTests.Un_historial_con_migraciones_que_este_binario_no_conoce_no_se_toca	2026-10-05T22:59:00.4635173-05:00	00:00:01.8946141
Passed	Sillar.Core.Tests.InstalacionDeModulosTests	Sillar.Core.Tests.InstalacionDeModulosTests.Un_schema_ajeno_hace_que_se_niegue_antes_de_migrar_nada	2026-10-05T22:59:05.3515775-05:00	00:00:05.1233883
Passed	Sillar.Core.Tests.InstalacionDeModulosTests	Sillar.Core.Tests.InstalacionDeModulosTests.Un_schema_con_nuestro_nombre_pero_sin_nuestro_historial_no_se_toca	2026-10-05T22:59:24.5470724-05:00	00:00:00.5052969
Passed	Sillar.Core.Tests.InstalacionDeModulosTests	Sillar.Core.Tests.InstalacionDeModulosTests.Un_schema_de_SILLAR_cuya_primera_migracion_fallo_sigue_siendo_reanudable	2026-10-05T22:59:21.0356372-05:00	00:00:02.1165995
Passed	Sillar.Core.Tests.InstalacionDeModulosTests	Sillar.Core.Tests.InstalacionDeModulosTests.Una_instalacion_a_medias_se_reanuda_y_se_completa	2026-10-05T22:58:24.0205825-05:00	00:00:25.8813468
Passed	Sillar.Core.Tests.InstalacionDeModulosTests	Sillar.Core.Tests.InstalacionDeModulosTests.Una_tabla_ajena_en_public_hace_que_se_niegue	2026-10-05T22:59:02.3633279-05:00	00:00:02.9755862
Passed	Sillar.Core.Tests.LockoutPolicyTests	Sillar.Core.Tests.LockoutPolicyTests.El_bloqueo_termina_solo_al_pasar_el_plazo	2026-10-05T22:58:25.4115145-05:00	00:00:00.0129620
Passed	Sillar.Core.Tests.LockoutPolicyTests	Sillar.Core.Tests.LockoutPolicyTests.El_quinto_fallo_bloquea_quince_minutos	2026-10-05T22:58:25.4254235-05:00	00:00:00.0295156
Passed	Sillar.Core.Tests.LockoutPolicyTests	Sillar.Core.Tests.LockoutPolicyTests.Los_fallos_siguientes_reinician_los_quince_minutos	2026-10-05T22:58:25.4835202-05:00	00:00:00.0052470
Passed	Sillar.Core.Tests.LockoutPolicyTests	Sillar.Core.Tests.LockoutPolicyTests.Menos_de_cinco_fallos_no_bloquean(fallos: 1)	2026-10-05T22:58:25.4756998-05:00	00:00:00.0056096
Passed	Sillar.Core.Tests.LockoutPolicyTests	Sillar.Core.Tests.LockoutPolicyTests.Menos_de_cinco_fallos_no_bloquean(fallos: 4)	2026-10-05T22:58:25.4563483-05:00	00:00:00.0172139
Passed	Sillar.Core.Tests.LockoutPolicyTests	Sillar.Core.Tests.LockoutPolicyTests.Una_cuenta_sin_bloqueo_no_esta_bloqueada	2026-10-05T22:58:25.3635823-05:00	00:00:00.0113345
Passed	Sillar.Core.Tests.LoginEvaluatorTests	Sillar.Core.Tests.LoginEvaluatorTests.Con_la_contrasena_correcta_y_la_cuenta_bloqueada_devuelve_423	2026-10-05T22:58:25.7709817-05:00	00:00:00.0704342
Passed	Sillar.Core.Tests.LoginEvaluatorTests	Sillar.Core.Tests.LoginEvaluatorTests.Con_la_contrasena_incorrecta_y_la_cuenta_bloqueada_devuelve_401_y_no_423	2026-10-05T22:58:25.9545212-05:00	00:00:00.0005418
Passed	Sillar.Core.Tests.LoginEvaluatorTests	Sillar.Core.Tests.LoginEvaluatorTests.Con_todo_en_orden_concede_el_acceso	2026-10-05T22:58:25.9216503-05:00	00:00:00.0018600
Passed	Sillar.Core.Tests.LoginEvaluatorTests	Sillar.Core.Tests.LoginEvaluatorTests.El_senuelo_no_se_calcula_cuando_la_cuenta_existe	2026-10-05T22:58:25.9303652-05:00	00:00:00.0005128
Passed	Sillar.Core.Tests.LoginEvaluatorTests	Sillar.Core.Tests.LoginEvaluatorTests.Un_bloqueo_ya_vencido_no_impide_entrar	2026-10-05T22:58:25.9079101-05:00	00:00:00.0027462
Passed	Sillar.Core.Tests.LoginEvaluatorTests	Sillar.Core.Tests.LoginEvaluatorTests.Un_correo_que_no_existe_devuelve_401_y_gasta_el_tiempo_del_senuelo	2026-10-05T22:58:25.8824145-05:00	00:00:00.0040380
Passed	Sillar.Core.Tests.LoginEvaluatorTests	Sillar.Core.Tests.LoginEvaluatorTests.Una_contrasena_incorrecta_devuelve_401	2026-10-05T22:58:25.9475792-05:00	00:00:00.0056653
Passed	Sillar.Core.Tests.LoginEvaluatorTests	Sillar.Core.Tests.LoginEvaluatorTests.Una_cuenta_desactivada_devuelve_401_generico	2026-10-05T22:58:25.9651314-05:00	00:00:00.0004809
Passed	Sillar.Core.Tests.LoginEvaluatorTests	Sillar.Core.Tests.LoginEvaluatorTests.Una_cuenta_desactivada_y_bloqueada_devuelve_423_porque_el_bloqueo_se_mira_antes	2026-10-05T22:58:25.9385634-05:00	00:00:00.0004910
Passed	Sillar.Core.Tests.ModuleRegistryTests	Sillar.Core.Tests.ModuleRegistryTests.IsActive_devuelve_false_si_el_modulo_no_esta_en_la_foto_activa	2026-10-05T22:58:24.0205520-05:00	00:00:00.3638265
Passed	Sillar.Core.Tests.ModuleRegistryTests	Sillar.Core.Tests.ModuleRegistryTests.IsActive_devuelve_true_si_el_modulo_esta_en_la_foto_activa	2026-10-05T22:58:24.6791982-05:00	00:00:00.0096638
Passed	Sillar.Core.Tests.ModuleSynchronizerReadActivePostgresTests	Sillar.Core.Tests.ModuleSynchronizerReadActivePostgresTests.ReadActiveAsync_devuelve_exactamente_el_modulo_activo_de_PostgreSQL	2026-10-05T22:58:24.8741148-05:00	00:00:25.0158777
Passed	Sillar.Core.Tests.NodoYAutoriaTests	Sillar.Core.Tests.NodoYAutoriaTests.Al_subir_la_fotografia_lleva_el_nodo_de_la_cuenta_y_no_el_de_la_instalacion	2026-10-05T22:59:05.3469880-05:00	00:00:05.1524569
Passed	Sillar.Core.Tests.NodoYAutoriaTests	Sillar.Core.Tests.NodoYAutoriaTests.El_nodo_viaja_en_la_conexion_solo_si_esta_configurado	2026-10-05T22:59:05.3375312-05:00	00:00:00.0072628
Passed	Sillar.Core.Tests.NodoYAutoriaTests	Sillar.Core.Tests.NodoYAutoriaTests.En_una_instalacion_limpia_la_migracion_no_necesita_nodo_y_deja_el_esquema_nuevo	2026-10-05T22:59:21.0282518-05:00	00:00:02.5586768
Passed	Sillar.Core.Tests.NodoYAutoriaTests	Sillar.Core.Tests.NodoYAutoriaTests.ICurrentAdmin_da_lo_de_siempre_y_ademas_el_nombre_visible_y_el_nodo_de_la_cuenta	2026-10-05T22:58:54.3389942-05:00	00:00:06.1177217
Passed	Sillar.Core.Tests.NodoYAutoriaTests	Sillar.Core.Tests.NodoYAutoriaTests.La_fotografia_del_autor_no_se_modifica_una_vez_escrita	2026-10-05T22:59:00.4579249-05:00	00:00:02.1959486
Passed	Sillar.Core.Tests.NodoYAutoriaTests	Sillar.Core.Tests.NodoYAutoriaTests.Media_fotografia_del_autor_no_se_admite	2026-10-05T22:58:49.9394472-05:00	00:00:04.3920247
Passed	Sillar.Core.Tests.NodoYAutoriaTests	Sillar.Core.Tests.NodoYAutoriaTests.Sin_nodo_configurado_y_con_cuentas_la_migracion_aborta_sin_cambiar_nada	2026-10-05T22:59:10.5001935-05:00	00:00:10.5268362
Passed	Sillar.Core.Tests.NodoYAutoriaTests	Sillar.Core.Tests.NodoYAutoriaTests.Sin_sesion_ICurrentAdmin_no_lanza_y_lo_nuevo_tambien_es_nulo	2026-10-05T22:58:54.3324603-05:00	00:00:00.0052392
Passed	Sillar.Core.Tests.NodoYAutoriaTests	Sillar.Core.Tests.NodoYAutoriaTests.Sobre_datos_preexistentes_rellena_el_nodo_de_las_cuentas_y_fotografia_al_autor_valido	2026-10-05T22:59:02.6549800-05:00	00:00:02.6815802
Passed	Sillar.Core.Tests.NodoYAutoriaTests	Sillar.Core.Tests.NodoYAutoriaTests.Un_autor_que_no_existe_es_corrupcion_la_migracion_aborta_dice_cuantas_y_como_localizarlas	2026-10-05T22:58:25.4528354-05:00	00:00:24.4854391
Passed	Sillar.Core.Tests.PasswordPolicyTests	Sillar.Core.Tests.PasswordPolicyTests.Doce_caracteres_se_aceptan	2026-10-05T22:58:25.2970446-05:00	00:00:00.0071949
Passed	Sillar.Core.Tests.PasswordPolicyTests	Sillar.Core.Tests.PasswordPolicyTests.El_apellido_si_se_comprueba_aunque_el_nombre_sea_corto	2026-10-05T22:58:25.0264773-05:00	00:00:00.1236026
Passed	Sillar.Core.Tests.PasswordPolicyTests	Sillar.Core.Tests.PasswordPolicyTests.El_motivo_del_rechazo_esta_en_espanol	2026-10-05T22:58:25.3540347-05:00	00:00:00.0005754
Passed	Sillar.Core.Tests.PasswordPolicyTests	Sillar.Core.Tests.PasswordPolicyTests.La_comparacion_con_la_identidad_ignora_mayusculas	2026-10-05T22:58:25.2876726-05:00	00:00:00.0003288
Passed	Sillar.Core.Tests.PasswordPolicyTests	Sillar.Core.Tests.PasswordPolicyTests.Las_contrasenas_comunes_se_rechazan(contrasena: "123456789012")	2026-10-05T22:58:25.2789694-05:00	00:00:00.0000731
Passed	Sillar.Core.Tests.PasswordPolicyTests	Sillar.Core.Tests.PasswordPolicyTests.Las_contrasenas_comunes_se_rechazan(contrasena: "CONTRASEÑA12")	2026-10-05T22:58:25.2726781-05:00	00:00:00.0006287
Passed	Sillar.Core.Tests.PasswordPolicyTests	Sillar.Core.Tests.PasswordPolicyTests.Las_contrasenas_comunes_se_rechazan(contrasena: "administrador")	2026-10-05T22:58:25.2741145-05:00	00:00:00.0040253
Passed	Sillar.Core.Tests.PasswordPolicyTests	Sillar.Core.Tests.PasswordPolicyTests.Las_contrasenas_comunes_se_rechazan(contrasena: "contrasena12")	2026-10-05T22:58:25.2705206-05:00	00:00:00.0003094
Passed	Sillar.Core.Tests.PasswordPolicyTests	Sillar.Core.Tests.PasswordPolicyTests.Las_palabras_cortas_del_nombre_no_invalidan_media_lengua	2026-10-05T22:58:25.3447308-05:00	00:00:00.0003378
Passed	Sillar.Core.Tests.PasswordPolicyTests	Sillar.Core.Tests.PasswordPolicyTests.Mas_de_setenta_y_dos_caracteres_se_rechaza	2026-10-05T22:58:25.3130237-05:00	00:00:00.0115312
Passed	Sillar.Core.Tests.PasswordPolicyTests	Sillar.Core.Tests.PasswordPolicyTests.No_se_exigen_mayusculas_ni_digitos_ni_simbolos	2026-10-05T22:58:25.3258669-05:00	00:00:00.0104315
Passed	Sillar.Core.Tests.PasswordPolicyTests	Sillar.Core.Tests.PasswordPolicyTests.Once_caracteres_se_rechazan	2026-10-05T22:58:25.1649126-05:00	00:00:00.1010819
Passed	Sillar.Core.Tests.PasswordPolicyTests	Sillar.Core.Tests.PasswordPolicyTests.Una_contrasena_que_contiene_el_correo_se_rechaza	2026-10-05T22:58:25.3114626-05:00	00:00:00.0003413
Passed	Sillar.Core.Tests.PasswordPolicyTests	Sillar.Core.Tests.PasswordPolicyTests.Una_contrasena_que_contiene_el_nombre_se_rechaza	2026-10-05T22:58:25.2955762-05:00	00:00:00.0003464
Passed	Sillar.Core.Tests.PasswordPolicyTests	Sillar.Core.Tests.PasswordPolicyTests.Una_contrasena_que_contiene_la_parte_previa_a_la_arroba_se_rechaza	2026-10-05T22:58:25.1547951-05:00	00:00:00.0086907
Passed	Sillar.Core.Tests.PasswordPolicyTests	Sillar.Core.Tests.PasswordPolicyTests.Una_contrasena_vacia_se_rechaza	2026-10-05T22:58:25.3397341-05:00	00:00:00.0035422
Passed	Sillar.Core.Tests.RoleHierarchyTests	Sillar.Core.Tests.RoleHierarchyTests.Un_rol_desconocido_no_satisface_nada(rol: "")	2026-10-05T22:58:24.5981934-05:00	00:00:00.0051408
Passed	Sillar.Core.Tests.RoleHierarchyTests	Sillar.Core.Tests.RoleHierarchyTests.Un_rol_desconocido_no_satisface_nada(rol: "Admin")	2026-10-05T22:58:24.6129464-05:00	00:00:00.0000754
Passed	Sillar.Core.Tests.RoleHierarchyTests	Sillar.Core.Tests.RoleHierarchyTests.Un_rol_desconocido_no_satisface_nada(rol: "jefe")	2026-10-05T22:58:24.6043284-05:00	00:00:00.0000569
Passed	Sillar.Core.Tests.RoleHierarchyTests	Sillar.Core.Tests.RoleHierarchyTests.Un_rol_desconocido_no_satisface_nada(rol: null)	2026-10-05T22:58:24.0204684-05:00	00:00:00.3430343
Passed	Sillar.Core.Tests.RoleHierarchyTests	Sillar.Core.Tests.RoleHierarchyTests.Un_rol_no_alcanza_lo_que_esta_por_encima(rol: "admin", exigido: "super_admin")	2026-10-05T22:58:24.6791538-05:00	00:00:00.0005536
Passed	Sillar.Core.Tests.RoleHierarchyTests	Sillar.Core.Tests.RoleHierarchyTests.Un_rol_no_alcanza_lo_que_esta_por_encima(rol: "editor", exigido: "admin")	2026-10-05T22:58:24.6868878-05:00	00:00:00.0000615
Passed	Sillar.Core.Tests.RoleHierarchyTests	Sillar.Core.Tests.RoleHierarchyTests.Un_rol_no_alcanza_lo_que_esta_por_encima(rol: "editor", exigido: "super_admin")	2026-10-05T22:58:24.6680204-05:00	00:00:00.0104301
Passed	Sillar.Core.Tests.RoleHierarchyTests	Sillar.Core.Tests.RoleHierarchyTests.Un_rol_satisface_lo_que_se_le_exige_por_debajo(rol: "admin", exigido: "admin")	2026-10-05T22:58:24.7018490-05:00	00:00:00.0033319
Passed	Sillar.Core.Tests.RoleHierarchyTests	Sillar.Core.Tests.RoleHierarchyTests.Un_rol_satisface_lo_que_se_le_exige_por_debajo(rol: "admin", exigido: "editor")	2026-10-05T22:58:24.7449071-05:00	00:00:00.0000585
Passed	Sillar.Core.Tests.RoleHierarchyTests	Sillar.Core.Tests.RoleHierarchyTests.Un_rol_satisface_lo_que_se_le_exige_por_debajo(rol: "editor", exigido: "editor")	2026-10-05T22:58:24.7237979-05:00	00:00:00.0000601
Passed	Sillar.Core.Tests.RoleHierarchyTests	Sillar.Core.Tests.RoleHierarchyTests.Un_rol_satisface_lo_que_se_le_exige_por_debajo(rol: "super_admin", exigido: "admin")	2026-10-05T22:58:24.7299871-05:00	00:00:00.0000572
Passed	Sillar.Core.Tests.RoleHierarchyTests	Sillar.Core.Tests.RoleHierarchyTests.Un_rol_satisface_lo_que_se_le_exige_por_debajo(rol: "super_admin", exigido: "editor")	2026-10-05T22:58:24.7457646-05:00	00:00:00.0000547
Passed	Sillar.Core.Tests.RoleHierarchyTests	Sillar.Core.Tests.RoleHierarchyTests.Un_rol_satisface_lo_que_se_le_exige_por_debajo(rol: "super_admin", exigido: "super_admin")	2026-10-05T22:58:24.7123345-05:00	00:00:00.0104505
Passed	Sillar.Core.Tests.SessionPolicyTests	Sillar.Core.Tests.SessionPolicyTests.Cerca_del_septimo_dia_manda_el_tope_absoluto	2026-10-05T22:58:25.5308878-05:00	00:00:00.0115184
Passed	Sillar.Core.Tests.SessionPolicyTests	Sillar.Core.Tests.SessionPolicyTests.Dentro_del_minuto_siguiente_no_se_reescribe_last_seen_at	2026-10-05T22:58:25.5867770-05:00	00:00:00.0141823
Passed	Sillar.Core.Tests.SessionPolicyTests	Sillar.Core.Tests.SessionPolicyTests.La_caducidad_es_la_inactividad_mientras_no_choque_con_el_tope	2026-10-05T22:58:25.5497337-05:00	00:00:00.0128024
Passed	Sillar.Core.Tests.SessionPolicyTests	Sillar.Core.Tests.SessionPolicyTests.Ocho_horas_sin_actividad_caducan_la_sesion	2026-10-05T22:58:25.5637660-05:00	00:00:00.0119748
Passed	Sillar.Core.Tests.SessionPolicyTests	Sillar.Core.Tests.SessionPolicyTests.Pasado_el_minuto_se_reescribe_last_seen_at	2026-10-05T22:58:25.6074924-05:00	00:00:00.0004008
Passed	Sillar.Core.Tests.SessionPolicyTests	Sillar.Core.Tests.SessionPolicyTests.Siete_dias_desde_la_emision_caducan_la_sesion_aunque_se_acabe_de_usar	2026-10-05T22:58:25.5110560-05:00	00:00:00.0105909
Passed	Sillar.Core.Tests.SessionPolicyTests	Sillar.Core.Tests.SessionPolicyTests.Una_sesion_recien_usada_sirve	2026-10-05T22:58:25.5770579-05:00	00:00:00.0083248
Passed	Sillar.Core.Tests.SessionPolicyTests	Sillar.Core.Tests.SessionPolicyTests.Una_sesion_revocada_no_sirve_aunque_este_en_plazo	2026-10-05T22:58:25.4319782-05:00	00:00:00.0772145
Passed	Sillar.Core.Tests.SessionTokenTests	Sillar.Core.Tests.SessionTokenTests.Dos_tokens_seguidos_no_se_parecen	2026-10-05T22:58:24.7952863-05:00	00:00:00.0941602
Passed	Sillar.Core.Tests.SessionTokenTests	Sillar.Core.Tests.SessionTokenTests.El_hash_cabe_en_la_columna	2026-10-05T22:58:24.7574788-05:00	00:00:00.0003235
Passed	Sillar.Core.Tests.SessionTokenTests	Sillar.Core.Tests.SessionTokenTests.El_hash_no_contiene_el_token	2026-10-05T22:58:24.6698766-05:00	00:00:00.0178594
Passed	Sillar.Core.Tests.SessionTokenTests	Sillar.Core.Tests.SessionTokenTests.El_token_de_otra_sesion_no_coincide	2026-10-05T22:58:24.7782316-05:00	00:00:00.0003900
Passed	Sillar.Core.Tests.SessionTokenTests	Sillar.Core.Tests.SessionTokenTests.El_token_de_sesion_lleva_256_bits	2026-10-05T22:58:24.6977536-05:00	00:00:00.0065994
Passed	Sillar.Core.Tests.SessionTokenTests	Sillar.Core.Tests.SessionTokenTests.El_token_viaja_en_una_cookie_y_una_cabecera_sin_escapar_nada	2026-10-05T22:58:24.8908008-05:00	00:00:00.1253616
Passed	Sillar.Core.Tests.SessionTokenTests	Sillar.Core.Tests.SessionTokenTests.Sin_token_o_sin_hash_no_hay_coincidencia(token: "", hash: "algo")	2026-10-05T22:58:24.7409241-05:00	00:00:00.0000601
Passed	Sillar.Core.Tests.SessionTokenTests	Sillar.Core.Tests.SessionTokenTests.Sin_token_o_sin_hash_no_hay_coincidencia(token: "algo", hash: "")	2026-10-05T22:58:24.7399860-05:00	00:00:00.0000593
Passed	Sillar.Core.Tests.SessionTokenTests	Sillar.Core.Tests.SessionTokenTests.Sin_token_o_sin_hash_no_hay_coincidencia(token: "algo", hash: null)	2026-10-05T22:58:24.7266228-05:00	00:00:00.0004389
Passed	Sillar.Core.Tests.SessionTokenTests	Sillar.Core.Tests.SessionTokenTests.Sin_token_o_sin_hash_no_hay_coincidencia(token: null, hash: "algo")	2026-10-05T22:58:24.7080300-05:00	00:00:00.0175259
Passed	Sillar.Core.Tests.SessionTokenTests	Sillar.Core.Tests.SessionTokenTests.Un_token_coincide_con_su_propio_hash	2026-10-05T22:58:24.0202408-05:00	00:00:00.3664409
Passed	Sillar.Core.Tests.SettingValueValidatorTests	Sillar.Core.Tests.SettingValueValidatorTests.El_motivo_del_rechazo_dice_que_se_esperaba	2026-10-05T22:58:25.4333751-05:00	00:00:00.0004579
Passed	Sillar.Core.Tests.SettingValueValidatorTests	Sillar.Core.Tests.SettingValueValidatorTests.El_numero_se_interpreta_con_punto_decimal_no_con_coma	2026-10-05T22:58:25.2897277-05:00	00:00:00.0002762
Passed	Sillar.Core.Tests.SettingValueValidatorTests	Sillar.Core.Tests.SettingValueValidatorTests.Los_booleanos_reconocibles_se_interpretan(valor: "0", esperado: False)	2026-10-05T22:58:25.4124179-05:00	00:00:00.0000690
Passed	Sillar.Core.Tests.SettingValueValidatorTests	Sillar.Core.Tests.SettingValueValidatorTests.Los_booleanos_reconocibles_se_interpretan(valor: "1", esperado: True)	2026-10-05T22:58:25.3737070-05:00	00:00:00.0000773
Passed	Sillar.Core.Tests.SettingValueValidatorTests	Sillar.Core.Tests.SettingValueValidatorTests.Los_booleanos_reconocibles_se_interpretan(valor: "SÍ", esperado: True)	2026-10-05T22:58:25.3746352-05:00	00:00:00.0003109
Passed	Sillar.Core.Tests.SettingValueValidatorTests	Sillar.Core.Tests.SettingValueValidatorTests.Los_booleanos_reconocibles_se_interpretan(valor: "false", esperado: False)	2026-10-05T22:58:25.2929876-05:00	00:00:00.0579782
Passed	Sillar.Core.Tests.SettingValueValidatorTests	Sillar.Core.Tests.SettingValueValidatorTests.Los_booleanos_reconocibles_se_interpretan(valor: "no", esperado: False)	2026-10-05T22:58:25.3676493-05:00	00:00:00.0000647
Passed	Sillar.Core.Tests.SettingValueValidatorTests	Sillar.Core.Tests.SettingValueValidatorTests.Los_booleanos_reconocibles_se_interpretan(valor: "true", esperado: True)	2026-10-05T22:58:25.3519177-05:00	00:00:00.0124397
Passed	Sillar.Core.Tests.SettingValueValidatorTests	Sillar.Core.Tests.SettingValueValidatorTests.Un_valor_que_encaja_con_su_tipo_se_acepta(tipo: "boolean", valor: "0")	2026-10-05T22:58:25.2829982-05:00	00:00:00.0000601
Passed	Sillar.Core.Tests.SettingValueValidatorTests	Sillar.Core.Tests.SettingValueValidatorTests.Un_valor_que_encaja_con_su_tipo_se_acepta(tipo: "boolean", valor: "SI")	2026-10-05T22:58:25.2024809-05:00	00:00:00.0000543
Passed	Sillar.Core.Tests.SettingValueValidatorTests	Sillar.Core.Tests.SettingValueValidatorTests.Un_valor_que_encaja_con_su_tipo_se_acepta(tipo: "boolean", valor: "true")	2026-10-05T22:58:25.2015463-05:00	00:00:00.0000557
Passed	Sillar.Core.Tests.SettingValueValidatorTests	Sillar.Core.Tests.SettingValueValidatorTests.Un_valor_que_encaja_con_su_tipo_se_acepta(tipo: "email", valor: "contacto@ejemplo.pe")	2026-10-05T22:58:25.2668453-05:00	00:00:00.0004375
Passed	Sillar.Core.Tests.SettingValueValidatorTests	Sillar.Core.Tests.SettingValueValidatorTests.Un_valor_que_encaja_con_su_tipo_se_acepta(tipo: "json", valor: "{\"horario\":\"9-18\"}")	2026-10-05T22:58:25.1778457-05:00	00:00:00.0186918
Passed	Sillar.Core.Tests.SettingValueValidatorTests	Sillar.Core.Tests.SettingValueValidatorTests.Un_valor_que_encaja_con_su_tipo_se_acepta(tipo: "number", valor: "-3.5")	2026-10-05T22:58:25.1759972-05:00	00:00:00.0008898
Passed	Sillar.Core.Tests.SettingValueValidatorTests	Sillar.Core.Tests.SettingValueValidatorTests.Un_valor_que_encaja_con_su_tipo_se_acepta(tipo: "number", valor: "42")	2026-10-05T22:58:25.2804507-05:00	00:00:00.0000752
Passed	Sillar.Core.Tests.SettingValueValidatorTests	Sillar.Core.Tests.SettingValueValidatorTests.Un_valor_que_encaja_con_su_tipo_se_acepta(tipo: "text", valor: "Cualquier cosa")	2026-10-05T22:58:25.2500103-05:00	00:00:00.0000603
Passed	Sillar.Core.Tests.SettingValueValidatorTests	Sillar.Core.Tests.SettingValueValidatorTests.Un_valor_que_encaja_con_su_tipo_se_acepta(tipo: "url", valor: "https://ejemplo.pe/local")	2026-10-05T22:58:25.1605888-05:00	00:00:00.0102919
Passed	Sillar.Core.Tests.SettingValueValidatorTests	Sillar.Core.Tests.SettingValueValidatorTests.Un_valor_que_no_encaja_se_rechaza(tipo: "boolean", valor: "quizás")	2026-10-05T22:58:25.0054722-05:00	00:00:00.0450509
Passed	Sillar.Core.Tests.SettingValueValidatorTests	Sillar.Core.Tests.SettingValueValidatorTests.Un_valor_que_no_encaja_se_rechaza(tipo: "email", valor: "arroba-no-hay")	2026-10-05T22:58:25.1290796-05:00	00:00:00.0229197
Passed	Sillar.Core.Tests.SettingValueValidatorTests	Sillar.Core.Tests.SettingValueValidatorTests.Un_valor_que_no_encaja_se_rechaza(tipo: "json", valor: "{esto no es json}")	2026-10-05T22:58:24.8569986-05:00	00:00:00.1355069
Passed	Sillar.Core.Tests.SettingValueValidatorTests	Sillar.Core.Tests.SettingValueValidatorTests.Un_valor_que_no_encaja_se_rechaza(tipo: "number", valor: "muchos")	2026-10-05T22:58:25.0516192-05:00	00:00:00.0001510
Passed	Sillar.Core.Tests.SettingValueValidatorTests	Sillar.Core.Tests.SettingValueValidatorTests.Un_valor_que_no_encaja_se_rechaza(tipo: "url", valor: "ejemplo.pe")	2026-10-05T22:58:25.1277177-05:00	00:00:00.0001157
Passed	Sillar.Core.Tests.SettingValueValidatorTests	Sillar.Core.Tests.SettingValueValidatorTests.Un_valor_que_no_encaja_se_rechaza(tipo: "url", valor: "ftp://ejemplo.pe")	2026-10-05T22:58:25.0685537-05:00	00:00:00.0509735
Passed	Sillar.Core.Tests.SettingValueValidatorTests	Sillar.Core.Tests.SettingValueValidatorTests.Un_valor_vacio_se_rechaza_sea_cual_sea_el_tipo(valor: "   ")	2026-10-05T22:58:25.4181349-05:00	00:00:00.0003721
Passed	Sillar.Core.Tests.SettingValueValidatorTests	Sillar.Core.Tests.SettingValueValidatorTests.Un_valor_vacio_se_rechaza_sea_cual_sea_el_tipo(valor: "")	2026-10-05T22:58:25.4250812-05:00	00:00:00.0023524
Passed	Sillar.Core.Tests.SettingValueValidatorTests	Sillar.Core.Tests.SettingValueValidatorTests.Un_valor_vacio_se_rechaza_sea_cual_sea_el_tipo(valor: null)	2026-10-05T22:58:25.4236433-05:00	00:00:00.0005109
Passed	Sillar.Core.Tests.SettingsReaderPostgresTests	Sillar.Core.Tests.SettingsReaderPostgresTests.GetT_con_cache_fria_lee_PostgreSQL_y_respeta_conversion_defaults_e_inactivos	2026-10-05T22:58:24.0204333-05:00	00:00:25.8395940
Passed	Sillar.Modules.Catalog.Tests.BreadcrumbTests	Sillar.Modules.Catalog.Tests.BreadcrumbTests.Entre_varias_activas_se_elige_por_nombre_no_por_orden_de_llegada	2026-10-05T22:58:23.9599503-05:00	00:00:00.0350115
Passed	Sillar.Modules.Catalog.Tests.BreadcrumbTests	Sillar.Modules.Catalog.Tests.BreadcrumbTests.La_ruta_se_corta_en_el_primer_antecesor_inactivo_sin_incluirlo	2026-10-05T22:58:23.4111373-05:00	00:00:00.3941141
Passed	Sillar.Modules.Catalog.Tests.BreadcrumbTests	Sillar.Modules.Catalog.Tests.BreadcrumbTests.La_ruta_sube_de_la_categoria_hasta_la_raiz	2026-10-05T22:58:24.0323008-05:00	00:00:00.0129619
Passed	Sillar.Modules.Catalog.Tests.BreadcrumbTests	Sillar.Modules.Catalog.Tests.BreadcrumbTests.Si_la_principal_esta_activa_se_usa_ella	2026-10-05T22:58:24.0068361-05:00	00:00:00.0005153
Passed	Sillar.Modules.Catalog.Tests.BreadcrumbTests	Sillar.Modules.Catalog.Tests.BreadcrumbTests.Si_la_principal_esta_inactiva_se_usa_otra_activa_del_producto	2026-10-05T22:58:24.0526168-05:00	00:00:00.0004729
Passed	Sillar.Modules.Catalog.Tests.BreadcrumbTests	Sillar.Modules.Catalog.Tests.BreadcrumbTests.Si_ninguna_categoria_esta_activa_no_hay_miga	2026-10-05T22:58:24.0127601-05:00	00:00:00.0079284
Passed	Sillar.Modules.Catalog.Tests.BreadcrumbTests	Sillar.Modules.Catalog.Tests.BreadcrumbTests.Sin_categoria_principal_se_usa_otra_activa_igual	2026-10-05T22:58:24.0219850-05:00	00:00:00.0090563
Passed	Sillar.Modules.Catalog.Tests.CatalogContractPostgresTests	Sillar.Modules.Catalog.Tests.CatalogContractPostgresTests.BuscarPorCodigo_traduce_con_inner_join_y_respeta_actividad_y_proyeccion	2026-10-05T22:58:40.3065911-05:00	00:00:00.3659302
Passed	Sillar.Modules.Catalog.Tests.CatalogContractPostgresTests	Sillar.Modules.Catalog.Tests.CatalogContractPostgresTests.Buscar_traduce_con_inner_join_full_text_filtros_orden_y_limite_cero	2026-10-05T22:58:40.0990630-05:00	00:00:00.2060562
Passed	Sillar.Modules.Catalog.Tests.CatalogContractPostgresTests	Sillar.Modules.Catalog.Tests.CatalogContractPostgresTests.ItemExisteYEstaActivo_traduce_en_postgresql_y_distingue_activa_inactiva_e_inexistente	2026-10-05T22:58:23.4126461-05:00	00:00:15.3157945
Passed	Sillar.Modules.Catalog.Tests.CatalogContractPostgresTests	Sillar.Modules.Catalog.Tests.CatalogContractPostgresTests.ObtenerItem_traduce_con_inner_join_y_relee_variante_inactiva	2026-10-05T22:58:39.9649456-05:00	00:00:00.1245674
Passed	Sillar.Modules.Catalog.Tests.CatalogContractPostgresTests	Sillar.Modules.Catalog.Tests.CatalogContractPostgresTests.VariantesDe_traduce_con_inner_join_y_conserva_solo_item_activo_y_orden	2026-10-05T22:58:38.8594332-05:00	00:00:01.1007285
Passed	Sillar.Modules.Catalog.Tests.CatalogSelectionTests	Sillar.Modules.Catalog.Tests.CatalogSelectionTests.Pedir_cero_o_menos_devuelve_uno	2026-10-05T22:58:23.4127107-05:00	00:00:00.2221509
Passed	Sillar.Modules.Catalog.Tests.CatalogSelectionTests	Sillar.Modules.Catalog.Tests.CatalogSelectionTests.Pedir_mas_del_tope_devuelve_el_tope	2026-10-05T22:58:23.9093034-05:00	00:00:00.0559633
Passed	Sillar.Modules.Catalog.Tests.CatalogSelectionTests	Sillar.Modules.Catalog.Tests.CatalogSelectionTests.Un_limite_razonable_se_respeta	2026-10-05T22:58:23.9662828-05:00	00:00:00.0003830
Passed	Sillar.Modules.Catalog.Tests.CatalogTranslationTests	Sillar.Modules.Catalog.Tests.CatalogTranslationTests.Buscar_para_seleccion_se_traduce_y_se_ejecuta	2026-10-05T22:58:38.8573610-05:00	00:00:00.8958695
Passed	Sillar.Modules.Catalog.Tests.CatalogTranslationTests	Sillar.Modules.Catalog.Tests.CatalogTranslationTests.La_busqueda_no_distingue_tildes_ni_mayusculas	2026-10-05T22:58:23.4127243-05:00	00:00:15.3096908
Passed	Sillar.Modules.Catalog.Tests.CatalogTranslationTests	Sillar.Modules.Catalog.Tests.CatalogTranslationTests.Obtener_para_seleccion_se_traduce_y_devuelve_lo_mismo_que_buscar	2026-10-05T22:58:40.1097056-05:00	00:00:00.1177403
Passed	Sillar.Modules.Catalog.Tests.CatalogTranslationTests	Sillar.Modules.Catalog.Tests.CatalogTranslationTests.Un_producto_de_baja_no_se_puede_elegir_pero_si_releer	2026-10-05T22:58:39.9993331-05:00	00:00:00.0997854
Passed	Sillar.Modules.Catalog.Tests.CatalogTranslationTests	Sillar.Modules.Catalog.Tests.CatalogTranslationTests.Un_producto_que_no_existe_se_relee_como_nulo	2026-10-05T22:58:39.7600975-05:00	00:00:00.2342877
Passed	Sillar.Modules.Catalog.Tests.CategoryTreeTests	Sillar.Modules.Catalog.Tests.CategoryTreeTests.Asignar_un_padre_sin_relacion_no_es_ciclo	2026-10-05T22:58:23.9731366-05:00	00:00:00.0080018
Passed	Sillar.Modules.Catalog.Tests.CategoryTreeTests	Sillar.Modules.Catalog.Tests.CategoryTreeTests.Asignar_una_raiz_nueva_no_es_ciclo	2026-10-05T22:58:23.4126914-05:00	00:00:00.2334833
Passed	Sillar.Modules.Catalog.Tests.CategoryTreeTests	Sillar.Modules.Catalog.Tests.CategoryTreeTests.Mover_una_hoja_a_otra_rama_no_es_ciclo	2026-10-05T22:58:23.9865916-05:00	00:00:00.0143135
Passed	Sillar.Modules.Catalog.Tests.CategoryTreeTests	Sillar.Modules.Catalog.Tests.CategoryTreeTests.Ser_padre_de_si_misma_es_ciclo	2026-10-05T22:58:23.9641002-05:00	00:00:00.0075672
Passed	Sillar.Modules.Catalog.Tests.CategoryTreeTests	Sillar.Modules.Catalog.Tests.CategoryTreeTests.Un_ciclo_largo_tambien_se_detecta	2026-10-05T22:58:24.0133462-05:00	00:00:00.0005640
Passed	Sillar.Modules.Catalog.Tests.ItemPricingTests	Sillar.Modules.Catalog.Tests.ItemPricingTests.Cero_no_es_lo_mismo_que_nulo	2026-10-05T22:58:24.0939082-05:00	00:00:00.0041548
Passed	Sillar.Modules.Catalog.Tests.ItemPricingTests	Sillar.Modules.Catalog.Tests.ItemPricingTests.Con_precio_propio_lo_usa_a_el	2026-10-05T22:58:24.0242262-05:00	00:00:00.0521478
Passed	Sillar.Modules.Catalog.Tests.ItemPricingTests	Sillar.Modules.Catalog.Tests.ItemPricingTests.El_minimo_cuenta_lo_que_se_hereda_no_solo_lo_propio	2026-10-05T22:58:23.4126705-05:00	00:00:00.2940019
Passed	Sillar.Modules.Catalog.Tests.ItemPricingTests	Sillar.Modules.Catalog.Tests.ItemPricingTests.Gratis_es_un_precio_y_puede_ser_el_minimo	2026-10-05T22:58:23.9690809-05:00	00:00:00.0008614
Passed	Sillar.Modules.Catalog.Tests.ItemPricingTests	Sillar.Modules.Catalog.Tests.ItemPricingTests.Nulo_en_los_dos_es_consultar_precio_no_cero	2026-10-05T22:58:23.9988364-05:00	00:00:00.0008875
Passed	Sillar.Modules.Catalog.Tests.ItemPricingTests	Sillar.Modules.Catalog.Tests.ItemPricingTests.Si_cuestan_distinto_la_tarjeta_ensena_el_minimo_con_desde	2026-10-05T22:58:24.0110114-05:00	00:00:00.0008383
Passed	Sillar.Modules.Catalog.Tests.ItemPricingTests	Sillar.Modules.Catalog.Tests.ItemPricingTests.Si_todas_las_presentaciones_cuestan_igual_la_tarjeta_no_dice_desde	2026-10-05T22:58:23.9074742-05:00	00:00:00.0058928
Passed	Sillar.Modules.Catalog.Tests.ItemPricingTests	Sillar.Modules.Catalog.Tests.ItemPricingTests.Sin_precio_propio_usa_el_de_lista	2026-10-05T22:58:24.0812126-05:00	00:00:00.0006518
Passed	Sillar.Modules.Catalog.Tests.ItemPricingTests	Sillar.Modules.Catalog.Tests.ItemPricingTests.Un_producto_sin_presentaciones_ensena_su_precio_de_lista	2026-10-05T22:58:23.9824200-05:00	00:00:00.0009281
Passed	Sillar.Modules.Catalog.Tests.ItemPricingTests	Sillar.Modules.Catalog.Tests.ItemPricingTests.Una_sola_a_consultar_deja_toda_la_tarjeta_a_consultar	2026-10-05T22:58:24.0876599-05:00	00:00:00.0047479
Passed	Sillar.Modules.Catalog.Tests.ProductEventTests	Sillar.Modules.Catalog.Tests.ProductEventTests.Cambiar_las_categorias_avisa	2026-10-05T22:58:38.8610392-05:00	00:00:01.9064730
Passed	Sillar.Modules.Catalog.Tests.ProductEventTests	Sillar.Modules.Catalog.Tests.ProductEventTests.Dar_de_baja_y_reactivar_avisan_los_dos	2026-10-05T22:58:40.7688795-05:00	00:00:00.3272898
Passed	Sillar.Modules.Catalog.Tests.ProductEventTests	Sillar.Modules.Catalog.Tests.ProductEventTests.Editar_una_presentacion_avisa_de_que_cambio_el_producto	2026-10-05T22:58:23.4113051-05:00	00:00:15.3070650
Passed	Sillar.Modules.Catalog.Tests.ProductEventTests	Sillar.Modules.Catalog.Tests.ProductEventTests.La_forma_interna_del_producto_no_cambia_lo_que_se_emite	2026-10-05T22:58:41.1029232-05:00	00:00:00.1462632
Passed	Sillar.Modules.Catalog.Tests.ProductItemRulesTests	Sillar.Modules.Catalog.Tests.ProductItemRulesTests.El_mensaje_no_es_un_error_generico	2026-10-05T22:58:24.0678577-05:00	00:00:00.0009945
Passed	Sillar.Modules.Catalog.Tests.ProductItemRulesTests	Sillar.Modules.Catalog.Tests.ProductItemRulesTests.Si_es_la_ultima_el_mensaje_propone_desactivar_el_producto	2026-10-05T22:58:24.0743633-05:00	00:00:00.0033741
Passed	Sillar.Modules.Catalog.Tests.ProductItemRulesTests	Sillar.Modules.Catalog.Tests.ProductItemRulesTests.Si_no_es_la_ultima_no_hay_bloqueo	2026-10-05T22:58:24.0637817-05:00	00:00:00.0008735
Passed	Sillar.Modules.Catalog.Tests.SlugGeneratorTests	Sillar.Modules.Catalog.Tests.SlugGeneratorTests.Formatos_invalidos_no_pasan(slug: "")	2026-10-05T22:58:23.9671535-05:00	00:00:00.0003706
Passed	Sillar.Modules.Catalog.Tests.SlugGeneratorTests	Sillar.Modules.Catalog.Tests.SlugGeneratorTests.Formatos_invalidos_no_pasan(slug: "-artesco")	2026-10-05T22:58:23.9913447-05:00	00:00:00.0000637
Passed	Sillar.Modules.Catalog.Tests.SlugGeneratorTests	Sillar.Modules.Catalog.Tests.SlugGeneratorTests.Formatos_invalidos_no_pasan(slug: "Artesco")	2026-10-05T22:58:23.9812477-05:00	00:00:00.0002582
Passed	Sillar.Modules.Catalog.Tests.SlugGeneratorTests	Sillar.Modules.Catalog.Tests.SlugGeneratorTests.Formatos_invalidos_no_pasan(slug: "artesco verde")	2026-10-05T22:58:23.9802877-05:00	00:00:00.0000810
Passed	Sillar.Modules.Catalog.Tests.SlugGeneratorTests	Sillar.Modules.Catalog.Tests.SlugGeneratorTests.Formatos_invalidos_no_pasan(slug: "artesco-")	2026-10-05T22:58:23.9089479-05:00	00:00:00.0048196
Passed	Sillar.Modules.Catalog.Tests.SlugGeneratorTests	Sillar.Modules.Catalog.Tests.SlugGeneratorTests.Formatos_invalidos_no_pasan(slug: "artesco--verde")	2026-10-05T22:58:23.9902578-05:00	00:00:00.0001008
Passed	Sillar.Modules.Catalog.Tests.SlugGeneratorTests	Sillar.Modules.Catalog.Tests.SlugGeneratorTests.Formatos_invalidos_no_pasan(slug: null)	2026-10-05T22:58:24.0088315-05:00	00:00:00.0000720
Passed	Sillar.Modules.Catalog.Tests.SlugGeneratorTests	Sillar.Modules.Catalog.Tests.SlugGeneratorTests.Formatos_validos_pasan(slug: "a4-100-hojas")	2026-10-05T22:58:23.8897885-05:00	00:00:00.0055353
Passed	Sillar.Modules.Catalog.Tests.SlugGeneratorTests	Sillar.Modules.Catalog.Tests.SlugGeneratorTests.Formatos_validos_pasan(slug: "artesco")	2026-10-05T22:58:23.8964048-05:00	00:00:00.0000729
Passed	Sillar.Modules.Catalog.Tests.SlugGeneratorTests	Sillar.Modules.Catalog.Tests.SlugGeneratorTests.Formatos_validos_pasan(slug: "plumon-de-pizarra-verde")	2026-10-05T22:58:23.4127608-05:00	00:00:00.2136775
Passed	Sillar.Modules.Catalog.Tests.SlugGeneratorTests	Sillar.Modules.Catalog.Tests.SlugGeneratorTests.La_ene_con_virgulilla_pliega_a_ene	2026-10-05T22:58:24.3398050-05:00	00:00:00.0003609
Passed	Sillar.Modules.Catalog.Tests.SlugGeneratorTests	Sillar.Modules.Catalog.Tests.SlugGeneratorTests.Las_tildes_desaparecen_sin_dejar_hueco	2026-10-05T22:58:24.3526352-05:00	00:00:00.0002910
Passed	Sillar.Modules.Catalog.Tests.SlugGeneratorTests	Sillar.Modules.Catalog.Tests.SlugGeneratorTests.Lo_que_genera_esta_clase_siempre_es_valido_para_ella_misma	2026-10-05T22:58:24.3195462-05:00	00:00:00.0026362
Passed	Sillar.Modules.Catalog.Tests.SlugGeneratorTests	Sillar.Modules.Catalog.Tests.SlugGeneratorTests.Los_espacios_multiples_no_dejan_guiones_dobles	2026-10-05T22:58:24.3326025-05:00	00:00:00.0003809
Passed	Sillar.Modules.Catalog.Tests.SlugGeneratorTests	Sillar.Modules.Catalog.Tests.SlugGeneratorTests.No_hay_guion_al_principio_ni_al_final	2026-10-05T22:58:24.3234630-05:00	00:00:00.0004314
Passed	Sillar.Modules.Catalog.Tests.SlugGeneratorTests	Sillar.Modules.Catalog.Tests.SlugGeneratorTests.Un_nombre_simple_se_pasa_a_minusculas_y_guiones	2026-10-05T22:58:24.0100656-05:00	00:00:00.3040267
Passed	Sillar.Modules.Cms.Tests.ContratosHttpTests	Sillar.Modules.Cms.Tests.ContratosHttpTests.Administracion_de_trabajos_distingue_los_incompletos	2026-10-05T22:58:27.6287997-05:00	00:00:00.0237875
Passed	Sillar.Modules.Cms.Tests.ContratosHttpTests	Sillar.Modules.Cms.Tests.ContratosHttpTests.Administracion_distingue_el_estado_del_producto_del_estado_del_destacado	2026-10-05T22:58:28.7540843-05:00	00:00:00.0008876
Passed	Sillar.Modules.Cms.Tests.ContratosHttpTests	Sillar.Modules.Cms.Tests.ContratosHttpTests.Destacados_exponen_el_snapshot_sin_precio_formateado	2026-10-05T22:58:28.7244004-05:00	00:00:00.0168409
Passed	Sillar.Modules.Cms.Tests.ContratosHttpTests	Sillar.Modules.Cms.Tests.ContratosHttpTests.Editar_no_permite_desactivar_ni_reordenar_por_un_campo_suelto	2026-10-05T22:58:27.0943922-05:00	00:00:00.2497550
Passed	Sillar.Modules.Cms.Tests.ContratosHttpTests	Sillar.Modules.Cms.Tests.ContratosHttpTests.Las_tres_respuestas_programables_exponen_un_estado_controlado	2026-10-05T22:58:27.6540657-05:00	00:00:01.0315915
Passed	Sillar.Modules.Cms.Tests.ContratosHttpTests	Sillar.Modules.Cms.Tests.ContratosHttpTests.Ninguna_respuesta_publica_expone_identificadores_de_medios	2026-10-05T22:58:28.7035100-05:00	00:00:00.0133889
Passed	Sillar.Modules.Cms.Tests.ContratosHttpTests	Sillar.Modules.Cms.Tests.ContratosHttpTests.Trabajos_y_redes_no_exponen_estado_de_ventana	2026-10-05T22:58:28.7421495-05:00	00:00:00.0005597
Passed	Sillar.Modules.Cms.Tests.EventosCatalogoTests	Sillar.Modules.Cms.Tests.EventosCatalogoTests.Los_tres_manejadores_se_registran_como_singleton_para_el_bus_raiz	2026-10-05T22:58:27.0944137-05:00	00:00:00.5237922
Passed	Sillar.Modules.Cms.Tests.ProductoDestacadoTests	Sillar.Modules.Cms.Tests.ProductoDestacadoTests.Precio_a_consultar_gratis_y_positivo_son_validos	2026-10-05T22:58:28.5849600-05:00	00:00:00.0038663
Passed	Sillar.Modules.Cms.Tests.ProductoDestacadoTests	Sillar.Modules.Cms.Tests.ProductoDestacadoTests.Precio_negativo_se_rechaza	2026-10-05T22:58:28.6590044-05:00	00:00:00.0047600
Passed	Sillar.Modules.Cms.Tests.ProductoDestacadoTests	Sillar.Modules.Cms.Tests.ProductoDestacadoTests.Producto_dado_de_baja_no_puede_publicarse_aunque_siga_publico	2026-10-05T22:58:28.6067803-05:00	00:00:00.0164730
Passed	Sillar.Modules.Cms.Tests.ProductoDestacadoTests	Sillar.Modules.Cms.Tests.ProductoDestacadoTests.Producto_no_publico_no_puede_publicarse	2026-10-05T22:58:28.6405051-05:00	00:00:00.0096644
Passed	Sillar.Modules.Cms.Tests.ProductoDestacadoTests	Sillar.Modules.Cms.Tests.ProductoDestacadoTests.Producto_publico_y_enlazado_puede_publicarse	2026-10-05T22:58:28.6287310-05:00	00:00:00.0018073
Passed	Sillar.Modules.Cms.Tests.ProductoDestacadoTests	Sillar.Modules.Cms.Tests.ProductoDestacadoTests.Releer_el_snapshot_sobrescribe_el_estado_del_producto_y_es_idempotente	2026-10-05T22:58:28.5217823-05:00	00:00:00.0595387
Passed	Sillar.Modules.Cms.Tests.ProductoDestacadoTests	Sillar.Modules.Cms.Tests.ProductoDestacadoTests.Respuesta_conserva_precio_nulo_cero_y_positivo_como_estados_distintos	2026-10-05T22:58:27.0944605-05:00	00:00:01.3372275
Passed	Sillar.Modules.Cms.Tests.ProductoDestacadoTests	Sillar.Modules.Cms.Tests.ProductoDestacadoTests.Snapshot_con_producto_no_esta_pendiente_de_volver_a_enlazar	2026-10-05T22:58:28.6012657-05:00	00:00:00.0008686
Passed	Sillar.Modules.Cms.Tests.ProductoDestacadoTests	Sillar.Modules.Cms.Tests.ProductoDestacadoTests.Snapshot_sin_producto_esta_pendiente_de_volver_a_enlazar	2026-10-05T22:58:28.6700979-05:00	00:00:00.0004503
Passed	Sillar.Modules.Cms.Tests.ReactivacionRedSocialTests	Sillar.Modules.Cms.Tests.ReactivacionRedSocialTests.Crear_desactivar_y_reactivar_instagram_recupera_la_misma_fila	2026-10-05T22:58:27.0944380-05:00	00:00:11.8524954
Passed	Sillar.Modules.Cms.Tests.ReactivacionRedSocialTests	Sillar.Modules.Cms.Tests.ReactivacionRedSocialTests.Reactivar_exige_editor_y_admin_para_aplicar_la_jerarquia_existente	2026-10-05T22:58:39.7635170-05:00	00:00:00.7964337
Passed	Sillar.Modules.Cms.Tests.ReactivacionRedSocialTests	Sillar.Modules.Cms.Tests.ReactivacionRedSocialTests.Reactivar_una_activa_es_idempotente_y_un_id_inexistente_no_se_inventa	2026-10-05T22:58:39.1126705-05:00	00:00:00.6349296
Passed	Sillar.Modules.Cms.Tests.ReglasContenidoTests	Sillar.Modules.Cms.Tests.ReglasContenidoTests.Enlace_sin_texto_visible_se_rechaza	2026-10-05T22:58:27.8905568-05:00	00:00:00.0004033
Passed	Sillar.Modules.Cms.Tests.ReglasContenidoTests	Sillar.Modules.Cms.Tests.ReglasContenidoTests.Fecha_de_fin_anterior_nombra_la_fecha_que_hay_que_corregir	2026-10-05T22:58:27.9320729-05:00	00:00:00.0018617
Passed	Sillar.Modules.Cms.Tests.ReglasContenidoTests	Sillar.Modules.Cms.Tests.ReglasContenidoTests.Fecha_de_fin_igual_al_inicio_tambien_se_rechaza	2026-10-05T22:58:27.8463700-05:00	00:00:00.0233220
Passed	Sillar.Modules.Cms.Tests.ReglasContenidoTests	Sillar.Modules.Cms.Tests.ReglasContenidoTests.Imagen_sin_texto_alternativo_se_rechaza	2026-10-05T22:58:27.0930987-05:00	00:00:00.2390323
Passed	Sillar.Modules.Cms.Tests.ReglasContenidoTests	Sillar.Modules.Cms.Tests.ReglasContenidoTests.Plataforma_social_fuera_de_la_lista_se_rechaza	2026-10-05T22:58:27.9080464-05:00	00:00:00.0134887
Passed	Sillar.Modules.Cms.Tests.ReglasContenidoTests	Sillar.Modules.Cms.Tests.ReglasContenidoTests.Plataforma_social_se_normaliza(original: " WHATSAPP ", expected: "whatsapp")	2026-10-05T22:58:27.8137892-05:00	00:00:00.0109496
Passed	Sillar.Modules.Cms.Tests.ReglasContenidoTests	Sillar.Modules.Cms.Tests.ReglasContenidoTests.Plataforma_social_se_normaliza(original: "Instagram", expected: "instagram")	2026-10-05T22:58:27.7777261-05:00	00:00:00.0316818
Passed	Sillar.Modules.Cms.Tests.ReglasContenidoTests	Sillar.Modules.Cms.Tests.ReglasContenidoTests.Ruta_interna_y_https_con_etiqueta_se_aceptan(url: "/catalogo")	2026-10-05T22:58:27.6615389-05:00	00:00:00.0103172
Passed	Sillar.Modules.Cms.Tests.ReglasContenidoTests	Sillar.Modules.Cms.Tests.ReglasContenidoTests.Ruta_interna_y_https_con_etiqueta_se_aceptan(url: "https://sillar.example/catalogo")	2026-10-05T22:58:27.6789001-05:00	00:00:00.0905889
Passed	Sillar.Modules.Cms.Tests.ReglasContenidoTests	Sillar.Modules.Cms.Tests.ReglasContenidoTests.Sin_imagen_el_texto_alternativo_puede_ser_nulo	2026-10-05T22:58:27.9056139-05:00	00:00:00.0003610
Passed	Sillar.Modules.Cms.Tests.ReglasContenidoTests	Sillar.Modules.Cms.Tests.ReglasContenidoTests.Texto_alternativo_de_espacios_se_rechaza_aunque_no_haya_imagen	2026-10-05T22:58:27.8260836-05:00	00:00:00.0131753
Passed	Sillar.Modules.Cms.Tests.ReordenamientoTests	Sillar.Modules.Cms.Tests.ReordenamientoTests.Cinco_elementos_reciben_exactamente_el_orden_solicitado	2026-10-05T22:58:27.6909008-05:00	00:00:00.3346469
Passed	Sillar.Modules.Cms.Tests.ReordenamientoTests	Sillar.Modules.Cms.Tests.ReordenamientoTests.Omitir_un_elemento_invalida_la_lista_completa	2026-10-05T22:58:27.6758421-05:00	00:00:00.0006108
Passed	Sillar.Modules.Cms.Tests.ReordenamientoTests	Sillar.Modules.Cms.Tests.ReordenamientoTests.Un_identificador_inexistente_invalida_el_plan_entero	2026-10-05T22:58:28.0278927-05:00	00:00:00.0071248
Passed	Sillar.Modules.Cms.Tests.ReordenamientoTests	Sillar.Modules.Cms.Tests.ReordenamientoTests.Un_identificador_repetido_no_produce_asignaciones_parciales	2026-10-05T22:58:27.0943693-05:00	00:00:00.3924767
Passed	Sillar.Modules.Cms.Tests.ReordenamientoTests	Sillar.Modules.Cms.Tests.ReordenamientoTests.Una_seccion_vacia_acepta_una_lista_vacia	2026-10-05T22:58:27.6201571-05:00	00:00:00.0432493
Passed	Sillar.Modules.Cms.Tests.TrabajoDestacadoTests	Sillar.Modules.Cms.Tests.TrabajoDestacadoTests.Con_imagen_activa_y_texto_alternativo_el_trabajo_esta_completo	2026-10-05T22:58:27.6370563-05:00	00:00:00.0010479
Passed	Sillar.Modules.Cms.Tests.TrabajoDestacadoTests	Sillar.Modules.Cms.Tests.TrabajoDestacadoTests.Con_medio_inactivo_el_trabajo_esta_incompleto	2026-10-05T22:58:27.6220082-05:00	00:00:00.0138626
Passed	Sillar.Modules.Cms.Tests.TrabajoDestacadoTests	Sillar.Modules.Cms.Tests.TrabajoDestacadoTests.Sin_imagen_el_trabajo_esta_incompleto	2026-10-05T22:58:27.0942372-05:00	00:00:00.2473943
Passed	Sillar.Modules.Cms.Tests.VigenciaPublicacionTests	Sillar.Modules.Cms.Tests.VigenciaPublicacionTests.Activo_sin_fechas_esta_vigente	2026-10-05T22:58:28.4934183-05:00	00:00:00.0120179
Passed	Sillar.Modules.Cms.Tests.VigenciaPublicacionTests	Sillar.Modules.Cms.Tests.VigenciaPublicacionTests.Banners_promociones_y_destacados_usan_la_misma_clasificacion	2026-10-05T22:58:28.4102399-05:00	00:00:00.0514036
Passed	Sillar.Modules.Cms.Tests.VigenciaPublicacionTests	Sillar.Modules.Cms.Tests.VigenciaPublicacionTests.Banners_promociones_y_destacados_usan_la_misma_expresion	2026-10-05T22:58:28.2813714-05:00	00:00:00.1278406
Passed	Sillar.Modules.Cms.Tests.VigenciaPublicacionTests	Sillar.Modules.Cms.Tests.VigenciaPublicacionTests.Dentro_del_intervalo_esta_vigente	2026-10-05T22:58:27.7755779-05:00	00:00:00.0438147
Passed	Sillar.Modules.Cms.Tests.VigenciaPublicacionTests	Sillar.Modules.Cms.Tests.VigenciaPublicacionTests.Empieza_exactamente_ahora_y_esta_vigente	2026-10-05T22:58:28.4796994-05:00	00:00:00.0123754
Passed	Sillar.Modules.Cms.Tests.VigenciaPublicacionTests	Sillar.Modules.Cms.Tests.VigenciaPublicacionTests.Estado_administrativo_respeta_la_misma_ventana(isActive: False, startMinutes: null, endMinutes: null, expected: Inactive)	2026-10-05T22:58:28.0075385-05:00	00:00:00.0147089
Passed	Sillar.Modules.Cms.Tests.VigenciaPublicacionTests	Sillar.Modules.Cms.Tests.VigenciaPublicacionTests.Estado_administrativo_respeta_la_misma_ventana(isActive: True, startMinutes: -1, endMinutes: 0, expected: Expired)	2026-10-05T22:58:28.0654744-05:00	00:00:00.0343064
Passed	Sillar.Modules.Cms.Tests.VigenciaPublicacionTests	Sillar.Modules.Cms.Tests.VigenciaPublicacionTests.Estado_administrativo_respeta_la_misma_ventana(isActive: True, startMinutes: -1, endMinutes: 1, expected: Current)	2026-10-05T22:58:28.1168925-05:00	00:00:00.0127654
Passed	Sillar.Modules.Cms.Tests.VigenciaPublicacionTests	Sillar.Modules.Cms.Tests.VigenciaPublicacionTests.Estado_administrativo_respeta_la_misma_ventana(isActive: True, startMinutes: -1, endMinutes: null, expected: Current)	2026-10-05T22:58:28.0293520-05:00	00:00:00.0290445
Passed	Sillar.Modules.Cms.Tests.VigenciaPublicacionTests	Sillar.Modules.Cms.Tests.VigenciaPublicacionTests.Estado_administrativo_respeta_la_misma_ventana(isActive: True, startMinutes: -2, endMinutes: -1, expected: Expired)	2026-10-05T22:58:28.1326517-05:00	00:00:00.1158397
Passed	Sillar.Modules.Cms.Tests.VigenciaPublicacionTests	Sillar.Modules.Cms.Tests.VigenciaPublicacionTests.Estado_administrativo_respeta_la_misma_ventana(isActive: True, startMinutes: 0, endMinutes: 1, expected: Current)	2026-10-05T22:58:27.8312351-05:00	00:00:00.1682513
Passed	Sillar.Modules.Cms.Tests.VigenciaPublicacionTests	Sillar.Modules.Cms.Tests.VigenciaPublicacionTests.Estado_administrativo_respeta_la_misma_ventana(isActive: True, startMinutes: 1, endMinutes: null, expected: Scheduled)	2026-10-05T22:58:28.1026710-05:00	00:00:00.0130831
Passed	Sillar.Modules.Cms.Tests.VigenciaPublicacionTests	Sillar.Modules.Cms.Tests.VigenciaPublicacionTests.Inactivo_no_esta_vigente_aunque_no_tenga_fechas	2026-10-05T22:58:27.0944781-05:00	00:00:00.5854661
Passed	Sillar.Modules.Cms.Tests.VigenciaPublicacionTests	Sillar.Modules.Cms.Tests.VigenciaPublicacionTests.Programado_para_despues_no_esta_vigente	2026-10-05T22:58:28.2527273-05:00	00:00:00.0171651
Passed	Sillar.Modules.Cms.Tests.VigenciaPublicacionTests	Sillar.Modules.Cms.Tests.VigenciaPublicacionTests.Termina_exactamente_ahora_y_ya_no_esta_vigente	2026-10-05T22:58:28.4629847-05:00	00:00:00.0153923
Passed	Sillar.Modules.Crm.Tests.ContactMessageContractTests	Sillar.Modules.Crm.Tests.ContactMessageContractTests.Respuestas_de_contacto_no_exponen_secretos(type: typeof(Sillar.Modules.Crm.Dtos.AdminContactMessageDetailResponse))	2026-10-05T22:58:26.5628767-05:00	00:00:00.0001007
Passed	Sillar.Modules.Crm.Tests.ContactMessageContractTests	Sillar.Modules.Crm.Tests.ContactMessageContractTests.Respuestas_de_contacto_no_exponen_secretos(type: typeof(Sillar.Modules.Crm.Dtos.AdminContactMessageListItemResponse))	2026-10-05T22:58:26.0533038-05:00	00:00:00.2445191
Passed	Sillar.Modules.Crm.Tests.ContactMessageContractTests	Sillar.Modules.Crm.Tests.ContactMessageContractTests.Respuestas_de_contacto_no_exponen_secretos(type: typeof(Sillar.Modules.Crm.Dtos.PublicContactAcceptedResponse))	2026-10-05T22:58:26.5529918-05:00	00:00:00.0009618
Passed	Sillar.Modules.Crm.Tests.ContactMessageServiceTests	Sillar.Modules.Crm.Tests.ContactMessageServiceTests.Admin_lee_y_da_de_baja_sin_borrar	2026-10-05T22:58:26.0533482-05:00	00:00:12.4170717
Passed	Sillar.Modules.Crm.Tests.ContactMessageServiceTests	Sillar.Modules.Crm.Tests.ContactMessageServiceTests.Sesion_valida_puede_vincular_customer_y_conserva_snapshot	2026-10-05T22:58:40.2044318-05:00	00:00:01.4592452
Passed	Sillar.Modules.Crm.Tests.ContactMessageServiceTests	Sillar.Modules.Crm.Tests.ContactMessageServiceTests.Sin_correo_ni_telefono_se_rechaza	2026-10-05T22:58:38.6425254-05:00	00:00:01.5571911
Passed	Sillar.Modules.Crm.Tests.ContactMessageServiceTests	Sillar.Modules.Crm.Tests.ContactMessageServiceTests.Visitante_guarda_mensaje_sin_customer_id	2026-10-05T22:58:41.6699610-05:00	00:00:00.7358645
Passed	Sillar.Modules.Crm.Tests.ContactSubmissionThrottleTests	Sillar.Modules.Crm.Tests.ContactSubmissionThrottleTests.Al_terminar_la_ventana_la_ip_puede_enviar_de_nuevo	2026-10-05T22:58:26.8684273-05:00	00:00:00.0301349
Passed	Sillar.Modules.Crm.Tests.ContactSubmissionThrottleTests	Sillar.Modules.Crm.Tests.ContactSubmissionThrottleTests.Cinco_intentos_entran_y_el_sexto_se_limita	2026-10-05T22:58:26.7241337-05:00	00:00:00.1224384
Passed	Sillar.Modules.Crm.Tests.ContactSubmissionThrottleTests	Sillar.Modules.Crm.Tests.ContactSubmissionThrottleTests.Otra_ip_tiene_su_propio_contador	2026-10-05T22:58:26.8477197-05:00	00:00:00.0199807
Passed	Sillar.Modules.Crm.Tests.CrmPersistenceTests	Sillar.Modules.Crm.Tests.CrmPersistenceTests.Test01_CrmInitial_aplica_desde_cero	2026-10-05T22:59:41.3496722-05:00	00:00:00.0282338
Passed	Sillar.Modules.Crm.Tests.CrmPersistenceTests	Sillar.Modules.Crm.Tests.CrmPersistenceTests.Test02_customer_y_address_generan_uuid_v7	2026-10-05T22:59:42.1502443-05:00	00:00:00.1855114
Passed	Sillar.Modules.Crm.Tests.CrmPersistenceTests	Sillar.Modules.Crm.Tests.CrmPersistenceTests.Test03_segunda_account_para_mismo_customer_falla	2026-10-05T22:59:43.5076815-05:00	00:00:00.1883712
Passed	Sillar.Modules.Crm.Tests.CrmPersistenceTests	Sillar.Modules.Crm.Tests.CrmPersistenceTests.Test04_email_duplicado_falla_con_ficha_no_activa(label: "baja")	2026-10-05T22:59:34.7659410-05:00	00:00:00.3519591
Passed	Sillar.Modules.Crm.Tests.CrmPersistenceTests	Sillar.Modules.Crm.Tests.CrmPersistenceTests.Test04_email_duplicado_falla_con_ficha_no_activa(label: "bloqueada")	2026-10-05T22:59:34.4128888-05:00	00:00:00.3525157
Passed	Sillar.Modules.Crm.Tests.CrmPersistenceTests	Sillar.Modules.Crm.Tests.CrmPersistenceTests.Test05_documento_duplicado_falla	2026-10-05T22:59:39.1197281-05:00	00:00:00.3409250
Passed	Sillar.Modules.Crm.Tests.CrmPersistenceTests	Sillar.Modules.Crm.Tests.CrmPersistenceTests.Test06_combinaciones_invalidas_lifecycle_fallan(isActive: False, hasDeact: False, hasBlocked: False, label: "inactiva sin deactivated_at ni blocked_at")	2026-10-05T22:59:36.8672390-05:00	00:00:00.4436714
Passed	Sillar.Modules.Crm.Tests.CrmPersistenceTests	Sillar.Modules.Crm.Tests.CrmPersistenceTests.Test06_combinaciones_invalidas_lifecycle_fallan(isActive: False, hasDeact: True, hasBlocked: True, label: "de baja y bloqueada a la vez")	2026-10-05T22:59:37.3144469-05:00	00:00:00.3894283
Passed	Sillar.Modules.Crm.Tests.CrmPersistenceTests	Sillar.Modules.Crm.Tests.CrmPersistenceTests.Test06_combinaciones_invalidas_lifecycle_fallan(isActive: True, hasDeact: False, hasBlocked: True, label: "activa pero con blocked_at")	2026-10-05T22:59:37.7044524-05:00	00:00:00.3200596
Passed	Sillar.Modules.Crm.Tests.CrmPersistenceTests	Sillar.Modules.Crm.Tests.CrmPersistenceTests.Test06_combinaciones_invalidas_lifecycle_fallan(isActive: True, hasDeact: True, hasBlocked: False, label: "activa pero con deactivated_at")	2026-10-05T22:59:36.4857425-05:00	00:00:00.3810127
Passed	Sillar.Modules.Crm.Tests.CrmPersistenceTests	Sillar.Modules.Crm.Tests.CrmPersistenceTests.Test07_reactivation_resolved_sin_requested_falla	2026-10-05T22:59:41.1675429-05:00	00:00:00.1814189
Passed	Sillar.Modules.Crm.Tests.CrmPersistenceTests	Sillar.Modules.Crm.Tests.CrmPersistenceTests.Test08_reactivation_resolved_anterior_a_requested_falla	2026-10-05T22:59:42.9984573-05:00	00:00:00.2054676
Passed	Sillar.Modules.Crm.Tests.CrmPersistenceTests	Sillar.Modules.Crm.Tests.CrmPersistenceTests.Test09_dos_preferidas_activas_del_mismo_cliente_falla	2026-10-05T22:59:35.4636121-05:00	00:00:00.3408249
Passed	Sillar.Modules.Crm.Tests.CrmPersistenceTests	Sillar.Modules.Crm.Tests.CrmPersistenceTests.Test10_purpose_invalido_falla(purpose: "")	2026-10-05T22:59:40.1057404-05:00	00:00:00.3152837
Passed	Sillar.Modules.Crm.Tests.CrmPersistenceTests	Sillar.Modules.Crm.Tests.CrmPersistenceTests.Test10_purpose_invalido_falla(purpose: "login")	2026-10-05T22:59:39.7945397-05:00	00:00:00.3108263
Passed	Sillar.Modules.Crm.Tests.CrmPersistenceTests	Sillar.Modules.Crm.Tests.CrmPersistenceTests.Test10_purpose_invalido_falla(purpose: "reset")	2026-10-05T22:59:39.4748475-05:00	00:00:00.3190538
Passed	Sillar.Modules.Crm.Tests.CrmPersistenceTests	Sillar.Modules.Crm.Tests.CrmPersistenceTests.Test11_consumo_concurrente_del_mismo_token_produce_un_ganador	2026-10-05T22:59:42.7940716-05:00	00:00:00.2037964
Passed	Sillar.Modules.Crm.Tests.CrmPersistenceTests	Sillar.Modules.Crm.Tests.CrmPersistenceTests.Test12_eliminar_schema_crm_no_toca_core_ni_catalog	2026-10-05T22:59:40.8807713-05:00	00:00:00.2814208
Passed	Sillar.Modules.Crm.Tests.CrmPersistenceTests	Sillar.Modules.Crm.Tests.CrmPersistenceTests.Test13_reinstalar_crminitial_sobre_schema_limpio_funciona	2026-10-05T22:59:40.4333600-05:00	00:00:00.4465084
Passed	Sillar.Modules.Crm.Tests.CrmPersistenceTests	Sillar.Modules.Crm.Tests.CrmPersistenceTests.Test14_nfc_y_nfd_chocan_en_uq_customers_email	2026-10-05T22:59:38.7986738-05:00	00:00:00.3199246
Passed	Sillar.Modules.Crm.Tests.CrmPersistenceTests	Sillar.Modules.Crm.Tests.CrmPersistenceTests.Test14b_base_rechaza_todos_los_blancos_que_dotnet_trim_recorta	2026-10-05T22:59:38.0252566-05:00	00:00:00.4392895
Passed	Sillar.Modules.Crm.Tests.CrmPersistenceTests	Sillar.Modules.Crm.Tests.CrmPersistenceTests.Test14c_migracion_falla_y_no_corrige_correos_preexistentes	2026-10-05T22:59:35.8051069-05:00	00:00:00.6794777
Passed	Sillar.Modules.Crm.Tests.CrmPersistenceTests	Sillar.Modules.Crm.Tests.CrmPersistenceTests.Test15_cambiar_email_limpia_email_verified_at	2026-10-05T22:59:42.5127353-05:00	00:00:00.2808579
Passed	Sillar.Modules.Crm.Tests.CrmPersistenceTests	Sillar.Modules.Crm.Tests.CrmPersistenceTests.Test16_cambiar_solo_mayusculas_no_invalida_email_verified_at	2026-10-05T22:59:35.1212197-05:00	00:00:00.3418169
Passed	Sillar.Modules.Crm.Tests.CrmPersistenceTests	Sillar.Modules.Crm.Tests.CrmPersistenceTests.Test17_sql_directo_nfc_nfd_is_distinct_from	2026-10-05T22:59:41.9376771-05:00	00:00:00.2117331
Passed	Sillar.Modules.Crm.Tests.CrmPersistenceTests	Sillar.Modules.Crm.Tests.CrmPersistenceTests.Test18_tablas_no_replicadas_no_tienen_origin_node_ni_row_version	2026-10-05T22:59:40.4216139-05:00	00:00:00.0111458
Passed	Sillar.Modules.Crm.Tests.CrmPersistenceTests	Sillar.Modules.Crm.Tests.CrmPersistenceTests.Test19_tablas_replicadas_tienen_origin_node_y_row_version_se_incrementa	2026-10-05T22:59:42.3364782-05:00	00:00:00.1749665
Passed	Sillar.Modules.Crm.Tests.CrmPersistenceTests	Sillar.Modules.Crm.Tests.CrmPersistenceTests.Test20_set_updated_at_modifica_updated_at	2026-10-05T22:59:43.6969861-05:00	00:00:00.2925256
Passed	Sillar.Modules.Crm.Tests.CrmPersistenceTests	Sillar.Modules.Crm.Tests.CrmPersistenceTests.Test21_busqueda_parcial_email_trgm	2026-10-05T22:59:34.0522787-05:00	00:00:00.3598227
Passed	Sillar.Modules.Crm.Tests.CrmPersistenceTests	Sillar.Modules.Crm.Tests.CrmPersistenceTests.Test22_busqueda_full_name_tsvector_pena	2026-10-05T22:59:41.3784320-05:00	00:00:00.2034265
Passed	Sillar.Modules.Crm.Tests.CrmPersistenceTests	Sillar.Modules.Crm.Tests.CrmPersistenceTests.Test23_contact_message_sin_customer_id	2026-10-05T22:59:38.4649665-05:00	00:00:00.3332078
Passed	Sillar.Modules.Crm.Tests.CrmPersistenceTests	Sillar.Modules.Crm.Tests.CrmPersistenceTests.Test24_contact_message_vinculado_y_fk_inexistente	2026-10-05T22:59:41.7599455-05:00	00:00:00.1769953
Passed	Sillar.Modules.Crm.Tests.CrmPersistenceTests	Sillar.Modules.Crm.Tests.CrmPersistenceTests.Test25_contact_message_sin_email_ni_phone_falla	2026-10-05T22:59:41.5823950-05:00	00:00:00.1769580
Passed	Sillar.Modules.Crm.Tests.CrmPersistenceTests	Sillar.Modules.Crm.Tests.CrmPersistenceTests.Test26_contact_messages_no_tiene_origin_node_ni_row_version	2026-10-05T22:59:39.4614766-05:00	00:00:00.0125706
Passed	Sillar.Modules.Crm.Tests.CrmPersistenceTests	Sillar.Modules.Crm.Tests.CrmPersistenceTests.Test27_contact_messages_set_updated_at_modifica_updated_at	2026-10-05T22:59:43.2045141-05:00	00:00:00.2980497
Passed	Sillar.Modules.Crm.Tests.CustomerAccountTokenServiceTests	Sillar.Modules.Crm.Tests.CustomerAccountTokenServiceTests.Invitacion_crea_cuenta_y_verifica_correo	2026-10-05T22:58:53.3114226-05:00	00:00:03.5803733
Passed	Sillar.Modules.Crm.Tests.CustomerAccountTokenServiceTests	Sillar.Modules.Crm.Tests.CustomerAccountTokenServiceTests.Recuperar_password_revoca_todas_las_sesiones	2026-10-05T22:58:42.4176449-05:00	00:00:07.5768808
Passed	Sillar.Modules.Crm.Tests.CustomerAccountTokenServiceTests	Sillar.Modules.Crm.Tests.CustomerAccountTokenServiceTests.Verificacion_guarda_hash_y_solo_el_ultimo_token_es_valido	2026-10-05T22:58:49.9978902-05:00	00:00:03.3111814
Passed	Sillar.Modules.Crm.Tests.CustomerAdminContractTests	Sillar.Modules.Crm.Tests.CustomerAdminContractTests.Respuestas_admin_no_exponen_secretos(type: typeof(Sillar.Modules.Crm.Dtos.AdminCustomerAccessResponse))	2026-10-05T22:58:26.5553306-05:00	00:00:00.0100918
Passed	Sillar.Modules.Crm.Tests.CustomerAdminContractTests	Sillar.Modules.Crm.Tests.CustomerAdminContractTests.Respuestas_admin_no_exponen_secretos(type: typeof(Sillar.Modules.Crm.Dtos.AdminCustomerAddressResponse))	2026-10-05T22:58:26.5800462-05:00	00:00:00.0091531
Passed	Sillar.Modules.Crm.Tests.CustomerAdminContractTests	Sillar.Modules.Crm.Tests.CustomerAdminContractTests.Respuestas_admin_no_exponen_secretos(type: typeof(Sillar.Modules.Crm.Dtos.AdminCustomerDetailResponse))	2026-10-05T22:58:26.5899572-05:00	00:00:00.0001090
Passed	Sillar.Modules.Crm.Tests.CustomerAdminContractTests	Sillar.Modules.Crm.Tests.CustomerAdminContractTests.Respuestas_admin_no_exponen_secretos(type: typeof(Sillar.Modules.Crm.Dtos.AdminCustomerInvitationResponse))	2026-10-05T22:58:26.0525866-05:00	00:00:00.2424852
Passed	Sillar.Modules.Crm.Tests.CustomerAdminContractTests	Sillar.Modules.Crm.Tests.CustomerAdminContractTests.Respuestas_admin_no_exponen_secretos(type: typeof(Sillar.Modules.Crm.Dtos.AdminCustomerListItemResponse))	2026-10-05T22:58:26.6308823-05:00	00:00:00.0001644
Passed	Sillar.Modules.Crm.Tests.CustomerAdminContractTests	Sillar.Modules.Crm.Tests.CustomerAdminContractTests.Solo_la_ficha_admin_puede_exponer_notas_internas	2026-10-05T22:58:26.6348784-05:00	00:00:00.0294416
Passed	Sillar.Modules.Crm.Tests.CustomerAdminServiceTests	Sillar.Modules.Crm.Tests.CustomerAdminServiceTests.Baja_revoca_sesiones_y_reactivar_no_las_resucita	2026-10-05T22:58:56.8960912-05:00	00:00:01.7621370
Passed	Sillar.Modules.Crm.Tests.CustomerAdminServiceTests	Sillar.Modules.Crm.Tests.CustomerAdminServiceTests.Crea_ficha_sin_cuenta_y_la_encuentra_por_busqueda	2026-10-05T22:59:00.3289072-05:00	00:00:02.2827725
Passed	Sillar.Modules.Crm.Tests.CustomerAdminServiceTests	Sillar.Modules.Crm.Tests.CustomerAdminServiceTests.Editar_correo_de_cuenta_verificada_la_deja_sin_verificar	2026-10-05T22:59:02.6132551-05:00	00:00:02.1968121
Passed	Sillar.Modules.Crm.Tests.CustomerAdminServiceTests	Sillar.Modules.Crm.Tests.CustomerAdminServiceTests.Invitacion_marca_estado_y_no_expone_el_token	2026-10-05T22:58:58.6603144-05:00	00:00:01.6673939
Passed	Sillar.Modules.Crm.Tests.CustomerAuthenticationServiceTests	Sillar.Modules.Crm.Tests.CustomerAuthenticationServiceTests.Cliente_inactivo_no_puede_abrir_sesion	2026-10-05T22:59:48.0354034-05:00	00:00:01.4335537
Passed	Sillar.Modules.Crm.Tests.CustomerAuthenticationServiceTests	Sillar.Modules.Crm.Tests.CustomerAuthenticationServiceTests.Correo_inexistente_y_password_incorrecto_tienen_mismo_resultado	2026-10-05T22:59:46.2136918-05:00	00:00:01.8213182
Passed	Sillar.Modules.Crm.Tests.CustomerAuthenticationServiceTests	Sillar.Modules.Crm.Tests.CustomerAuthenticationServiceTests.Login_correcto_crea_customer_session	2026-10-05T22:59:44.6539774-05:00	00:00:01.5587222
Passed	Sillar.Modules.Crm.Tests.CustomerIdentityReaderTests	Sillar.Modules.Crm.Tests.CustomerIdentityReaderTests.El_contrato_es_solo_lectura	2026-10-05T22:59:12.7064630-05:00	00:00:00.0013947
Passed	Sillar.Modules.Crm.Tests.CustomerIdentityReaderTests	Sillar.Modules.Crm.Tests.CustomerIdentityReaderTests.El_contrato_no_pide_direccion	2026-10-05T22:59:04.8122537-05:00	00:00:00.0036799
Passed	Sillar.Modules.Crm.Tests.CustomerIdentityReaderTests	Sillar.Modules.Crm.Tests.CustomerIdentityReaderTests.La_identidad_solo_lleva_id_nombre_correo_y_telefono	2026-10-05T22:59:12.7023459-05:00	00:00:00.0033296
Passed	Sillar.Modules.Crm.Tests.CustomerIdentityReaderTests	Sillar.Modules.Crm.Tests.CustomerIdentityReaderTests.Los_contratos_no_arrastran_la_implementacion_de_CRM_ni_EF	2026-10-05T22:59:09.6825837-05:00	00:00:00.0034160
Passed	Sillar.Modules.Crm.Tests.CustomerIdentityReaderTests	Sillar.Modules.Crm.Tests.CustomerIdentityReaderTests.No_expone_notas_internas	2026-10-05T22:59:10.3466291-05:00	00:00:02.3456633
Passed	Sillar.Modules.Crm.Tests.CustomerIdentityReaderTests	Sillar.Modules.Crm.Tests.CustomerIdentityReaderTests.Por_lotes_devuelve_solo_los_activos_existentes_una_vez_cada_uno	2026-10-05T22:59:09.6870428-05:00	00:00:00.6571134
Passed	Sillar.Modules.Crm.Tests.CustomerIdentityReaderTests	Sillar.Modules.Crm.Tests.CustomerIdentityReaderTests.Por_lotes_una_coleccion_vacia_devuelve_un_diccionario_vacio	2026-10-05T22:59:12.6931604-05:00	00:00:00.0083143
Passed	Sillar.Modules.Crm.Tests.CustomerIdentityReaderTests	Sillar.Modules.Crm.Tests.CustomerIdentityReaderTests.Un_cliente_activo_devuelve_nombre_correo_y_telefono	2026-10-05T22:59:08.3742248-05:00	00:00:00.6386076
Passed	Sillar.Modules.Crm.Tests.CustomerIdentityReaderTests	Sillar.Modules.Crm.Tests.CustomerIdentityReaderTests.Un_cliente_de_baja_o_bloqueado_devuelve_null(estado: "baja")	2026-10-05T22:59:06.5360309-05:00	00:00:01.8372664
Passed	Sillar.Modules.Crm.Tests.CustomerIdentityReaderTests	Sillar.Modules.Crm.Tests.CustomerIdentityReaderTests.Un_cliente_de_baja_o_bloqueado_devuelve_null(estado: "bloqueo")	2026-10-05T22:59:04.8179139-05:00	00:00:01.7164894
Passed	Sillar.Modules.Crm.Tests.CustomerIdentityReaderTests	Sillar.Modules.Crm.Tests.CustomerIdentityReaderTests.Un_cliente_inexistente_devuelve_null	2026-10-05T22:59:12.7087057-05:00	00:00:03.6280438
Passed	Sillar.Modules.Crm.Tests.CustomerIdentityReaderTests	Sillar.Modules.Crm.Tests.CustomerIdentityReaderTests.Una_ficha_sin_cuenta_tambien_tiene_identidad	2026-10-05T22:59:09.0138749-05:00	00:00:00.6652492
Passed	Sillar.Modules.Crm.Tests.CustomerIdentityTests	Sillar.Modules.Crm.Tests.CustomerIdentityTests.Cookie_csrf_de_cliente_es_legible_y_conserva_barreras	2026-10-05T22:58:26.7404920-05:00	00:00:00.0930165
Passed	Sillar.Modules.Crm.Tests.CustomerIdentityTests	Sillar.Modules.Crm.Tests.CustomerIdentityTests.Cookie_csrf_no_reemplaza_la_cookie_de_sesion	2026-10-05T22:58:27.0812164-05:00	00:00:00.0662338
Passed	Sillar.Modules.Crm.Tests.CustomerIdentityTests	Sillar.Modules.Crm.Tests.CustomerIdentityTests.Cookie_de_cliente_conserva_las_barreras_del_spec	2026-10-05T22:58:26.8981969-05:00	00:00:00.0008352
Passed	Sillar.Modules.Crm.Tests.CustomerIdentityTests	Sillar.Modules.Crm.Tests.CustomerIdentityTests.CurrentCustomer_ignora_claims_administrativos	2026-10-05T22:58:26.9129191-05:00	00:00:00.0690458
Passed	Sillar.Modules.Crm.Tests.CustomerIdentityTests	Sillar.Modules.Crm.Tests.CustomerIdentityTests.CurrentCustomer_lee_solo_claims_de_cliente	2026-10-05T22:58:26.9831028-05:00	00:00:00.0922886
Passed	Sillar.Modules.Crm.Tests.CustomerIdentityTests	Sillar.Modules.Crm.Tests.CustomerIdentityTests.Identidad_de_cliente_tiene_namespace_cookie_y_esquema_propios	2026-10-05T22:58:26.8509395-05:00	00:00:00.0006854
Passed	Sillar.Modules.Crm.Tests.CustomerLoginPolicyTests	Sillar.Modules.Crm.Tests.CustomerLoginPolicyTests.BCrypt_cliente_nunca_baja_de_factor_12	2026-10-05T22:58:26.5864883-05:00	00:00:00.0004800
Passed	Sillar.Modules.Crm.Tests.CustomerLoginPolicyTests	Sillar.Modules.Crm.Tests.CustomerLoginPolicyTests.Cuenta_no_se_bloquea_y_la_espera_crece	2026-10-05T22:58:26.6514823-05:00	00:00:00.0045050
Passed	Sillar.Modules.Crm.Tests.CustomerLoginPolicyTests	Sillar.Modules.Crm.Tests.CustomerLoginPolicyTests.Ip_tiene_un_margen_mucho_mas_generoso	2026-10-05T22:58:26.6331236-05:00	00:00:00.0029802
Passed	Sillar.Modules.Crm.Tests.CustomerLoginPolicyTests	Sillar.Modules.Crm.Tests.CustomerLoginPolicyTests.Sesion_cliente_tiene_politica_propia	2026-10-05T22:58:26.0533658-05:00	00:00:00.2484182
Passed	Sillar.Modules.Crm.Tests.CustomerPasswordExposureTests	Sillar.Modules.Crm.Tests.CustomerPasswordExposureTests.Criterio13_los_contratos_de_respuesta_no_exponen_password_ni_hash	2026-10-05T22:58:26.0533253-05:00	00:00:00.3337377
Passed	Sillar.Modules.Crm.Tests.CustomerProfileContractTests	Sillar.Modules.Crm.Tests.CustomerProfileContractTests.Contratos_publicos_no_exponen_campos_internos(type: typeof(Sillar.Modules.Crm.Contracts.CustomerIdentity))	2026-10-05T22:58:26.6250977-05:00	00:00:00.0152075
Passed	Sillar.Modules.Crm.Tests.CustomerProfileContractTests	Sillar.Modules.Crm.Tests.CustomerProfileContractTests.Contratos_publicos_no_exponen_campos_internos(type: typeof(Sillar.Modules.Crm.Contracts.CustomerOrderAddressSnapshot))	2026-10-05T22:58:26.5521626-05:00	00:00:00.0038323
Passed	Sillar.Modules.Crm.Tests.CustomerProfileContractTests	Sillar.Modules.Crm.Tests.CustomerProfileContractTests.Contratos_publicos_no_exponen_campos_internos(type: typeof(Sillar.Modules.Crm.Contracts.CustomerOrderContactSnapshot))	2026-10-05T22:58:26.0532803-05:00	00:00:00.2393892
Passed	Sillar.Modules.Crm.Tests.CustomerProfileContractTests	Sillar.Modules.Crm.Tests.CustomerProfileContractTests.Contratos_publicos_no_exponen_campos_internos(type: typeof(Sillar.Modules.Crm.Contracts.CustomerOrderSnapshot))	2026-10-05T22:58:26.5947782-05:00	00:00:00.0001671
Passed	Sillar.Modules.Crm.Tests.CustomerProfileContractTests	Sillar.Modules.Crm.Tests.CustomerProfileContractTests.Contratos_publicos_no_exponen_campos_internos(type: typeof(Sillar.Modules.Crm.Dtos.CustomerAddressResponse))	2026-10-05T22:58:26.5638929-05:00	00:00:00.0001215
Passed	Sillar.Modules.Crm.Tests.CustomerProfileContractTests	Sillar.Modules.Crm.Tests.CustomerProfileContractTests.Contratos_publicos_no_exponen_campos_internos(type: typeof(Sillar.Modules.Crm.Dtos.CustomerProfileResponse))	2026-10-05T22:58:26.5928596-05:00	00:00:00.0000846
Passed	Sillar.Modules.Crm.Tests.CustomerProfileServiceTests	Sillar.Modules.Crm.Tests.CustomerProfileServiceTests.Agrega_dos_direcciones_y_cambia_la_preferida	2026-10-05T22:59:32.9460730-05:00	00:00:00.3829867
Passed	Sillar.Modules.Crm.Tests.CustomerProfileServiceTests	Sillar.Modules.Crm.Tests.CustomerProfileServiceTests.Cambiar_correo_invalida_verificacion	2026-10-05T22:59:32.2590869-05:00	00:00:00.3408205
Passed	Sillar.Modules.Crm.Tests.CustomerProfileServiceTests	Sillar.Modules.Crm.Tests.CustomerProfileServiceTests.No_modifica_una_direccion_de_otro_cliente	2026-10-05T22:59:33.6627207-05:00	00:00:00.3881936
Passed	Sillar.Modules.Crm.Tests.CustomerProfileServiceTests	Sillar.Modules.Crm.Tests.CustomerProfileServiceTests.Perfil_no_expone_notas_internas	2026-10-05T22:59:33.3297516-05:00	00:00:00.3286819
Passed	Sillar.Modules.Crm.Tests.CustomerProfileServiceTests	Sillar.Modules.Crm.Tests.CustomerProfileServiceTests.Snapshot_para_M03_usa_solo_datos_publicables_del_cliente	2026-10-05T22:59:32.6014510-05:00	00:00:00.3439975
Passed	Sillar.Modules.Crm.Tests.CustomerRegistrationPolicyTests	Sillar.Modules.Crm.Tests.CustomerRegistrationPolicyTests.Password_comun_se_rechaza	2026-10-05T22:58:26.6564322-05:00	00:00:00.0003312
Passed	Sillar.Modules.Crm.Tests.CustomerRegistrationPolicyTests	Sillar.Modules.Crm.Tests.CustomerRegistrationPolicyTests.Password_con_identidad_se_rechaza	2026-10-05T22:58:26.5890781-05:00	00:00:00.0376328
Passed	Sillar.Modules.Crm.Tests.CustomerRegistrationPolicyTests	Sillar.Modules.Crm.Tests.CustomerRegistrationPolicyTests.Password_larga_sin_identidad_se_acepta	2026-10-05T22:58:26.0532311-05:00	00:00:00.2414303
Passed	Sillar.Modules.Crm.Tests.CustomerRegistrationPolicyTests	Sillar.Modules.Crm.Tests.CustomerRegistrationPolicyTests.Password_menor_de_12_se_rechaza	2026-10-05T22:58:26.6579294-05:00	00:00:00.0025000
Passed	Sillar.Modules.Crm.Tests.CustomerRegistrationServiceTests	Sillar.Modules.Crm.Tests.CustomerRegistrationServiceTests.Ficha_con_cuenta_no_reemplaza_la_password_existente	2026-10-05T22:59:28.4842837-05:00	00:00:02.1413890
Passed	Sillar.Modules.Crm.Tests.CustomerRegistrationServiceTests	Sillar.Modules.Crm.Tests.CustomerRegistrationServiceTests.Ficha_existente_sin_cuenta_se_enlaza_sin_duplicarla_ni_pisar_notas	2026-10-05T22:59:26.5891517-05:00	00:00:01.8945597
Passed	Sillar.Modules.Crm.Tests.CustomerRegistrationServiceTests	Sillar.Modules.Crm.Tests.CustomerRegistrationServiceTests.Registro_nuevo_crea_ficha_y_cuenta_no_verificada	2026-10-05T22:59:30.6261920-05:00	00:00:01.6313780
Passed	Sillar.Modules.Crm.Tests.CustomerSessionServiceTests	Sillar.Modules.Crm.Tests.CustomerSessionServiceTests.Abrir_sesion_guarda_solo_hashes_de_los_secretos	2026-10-05T22:59:44.4472953-05:00	00:00:00.2055075
Passed	Sillar.Modules.Crm.Tests.CustomerSessionServiceTests	Sillar.Modules.Crm.Tests.CustomerSessionServiceTests.Logout_revoca_la_fila_y_no_se_puede_rotar_csrf	2026-10-05T22:59:43.9915936-05:00	00:00:00.2387374
Passed	Sillar.Modules.Crm.Tests.CustomerSessionServiceTests	Sillar.Modules.Crm.Tests.CustomerSessionServiceTests.Rotar_csrf_invalida_el_token_anterior	2026-10-05T22:59:44.2313427-05:00	00:00:00.2151386
Passed	Sillar.Modules.Crm.Tests.CustomerSnapshotReaderTests	Sillar.Modules.Crm.Tests.CustomerSnapshotReaderTests.Cliente_de_baja_o_bloqueado_devuelve_null_en_las_dos_variantes(estado: "baja")	2026-10-05T22:59:19.3340340-05:00	00:00:00.8447751
Passed	Sillar.Modules.Crm.Tests.CustomerSnapshotReaderTests	Sillar.Modules.Crm.Tests.CustomerSnapshotReaderTests.Cliente_de_baja_o_bloqueado_devuelve_null_en_las_dos_variantes(estado: "bloqueo")	2026-10-05T22:59:18.4882381-05:00	00:00:00.8417175
Passed	Sillar.Modules.Crm.Tests.CustomerSnapshotReaderTests	Sillar.Modules.Crm.Tests.CustomerSnapshotReaderTests.Cliente_inexistente_devuelve_null_en_las_dos_variantes	2026-10-05T22:59:23.6830072-05:00	00:00:00.9624996
Passed	Sillar.Modules.Crm.Tests.CustomerSnapshotReaderTests	Sillar.Modules.Crm.Tests.CustomerSnapshotReaderTests.Con_direccion_ajena_devuelve_null	2026-10-05T22:59:17.3908549-05:00	00:00:01.0959715
Passed	Sillar.Modules.Crm.Tests.CustomerSnapshotReaderTests	Sillar.Modules.Crm.Tests.CustomerSnapshotReaderTests.Con_direccion_de_baja_devuelve_null	2026-10-05T22:59:20.1798838-05:00	00:00:00.6769206
Passed	Sillar.Modules.Crm.Tests.CustomerSnapshotReaderTests	Sillar.Modules.Crm.Tests.CustomerSnapshotReaderTests.Con_direccion_inexistente_devuelve_null_y_no_cae_en_la_variante_sin_direccion	2026-10-05T22:59:25.3601019-05:00	00:00:00.5422773
Passed	Sillar.Modules.Crm.Tests.CustomerSnapshotReaderTests	Sillar.Modules.Crm.Tests.CustomerSnapshotReaderTests.Con_direccion_valida_devuelve_cliente_y_direccion_como_en_1_0_0	2026-10-05T22:59:20.8579338-05:00	00:00:01.3332487
Passed	Sillar.Modules.Crm.Tests.CustomerSnapshotReaderTests	Sillar.Modules.Crm.Tests.CustomerSnapshotReaderTests.Ficha_sin_cuenta_devuelve_null_en_las_dos_variantes	2026-10-05T22:59:24.6467555-05:00	00:00:00.7108025
Passed	Sillar.Modules.Crm.Tests.CustomerSnapshotReaderTests	Sillar.Modules.Crm.Tests.CustomerSnapshotReaderTests.Las_instantaneas_no_se_pueden_modificar_despues_de_creadas(tipo: typeof(Sillar.Modules.Crm.Contracts.CustomerOrderAddressSnapshot))	2026-10-05T22:59:23.6814009-05:00	00:00:00.0005176
Passed	Sillar.Modules.Crm.Tests.CustomerSnapshotReaderTests	Sillar.Modules.Crm.Tests.CustomerSnapshotReaderTests.Las_instantaneas_no_se_pueden_modificar_despues_de_creadas(tipo: typeof(Sillar.Modules.Crm.Contracts.CustomerOrderContactSnapshot))	2026-10-05T22:59:23.6824180-05:00	00:00:00.0000766
Passed	Sillar.Modules.Crm.Tests.CustomerSnapshotReaderTests	Sillar.Modules.Crm.Tests.CustomerSnapshotReaderTests.Las_instantaneas_no_se_pueden_modificar_despues_de_creadas(tipo: typeof(Sillar.Modules.Crm.Contracts.CustomerOrderSnapshot))	2026-10-05T22:59:23.6795854-05:00	00:00:00.0011749
Passed	Sillar.Modules.Crm.Tests.CustomerSnapshotReaderTests	Sillar.Modules.Crm.Tests.CustomerSnapshotReaderTests.Sin_direccion_devuelve_los_datos_del_cliente_aunque_no_tenga_ninguna_direccion	2026-10-05T22:59:22.1926221-05:00	00:00:00.7869181
Passed	Sillar.Modules.Crm.Tests.CustomerSnapshotReaderTests	Sillar.Modules.Crm.Tests.CustomerSnapshotReaderTests.Sin_direccion_no_expone_ninguna_propiedad_de_direccion	2026-10-05T22:59:23.6768953-05:00	00:00:00.0015424
Passed	Sillar.Modules.Crm.Tests.CustomerSnapshotReaderTests	Sillar.Modules.Crm.Tests.CustomerSnapshotReaderTests.Sin_direccion_no_filtra_notas_internas	2026-10-05T22:59:16.3383106-05:00	00:00:01.0514017
Passed	Sillar.Modules.Crm.Tests.CustomerSnapshotReaderTests	Sillar.Modules.Crm.Tests.CustomerSnapshotReaderTests.Sin_direccion_refleja_correo_sin_verificar	2026-10-05T22:59:22.9808021-05:00	00:00:00.6948689
Passed	Sillar.Modules.Crm.Tests.CustomerSnapshotReaderTests	Sillar.Modules.Crm.Tests.CustomerSnapshotReaderTests.Un_cambio_posterior_del_perfil_no_altera_la_instantanea_ya_tomada	2026-10-05T22:59:25.9030939-05:00	00:00:00.6837033
Passed	Sillar.Modules.Crm.Tests.CustomerTokenPolicyTests	Sillar.Modules.Crm.Tests.CustomerTokenPolicyTests.Invitacion_caduca	2026-10-05T22:58:26.6278850-05:00	00:00:00.0128952
Passed	Sillar.Modules.Crm.Tests.CustomerTokenPolicyTests	Sillar.Modules.Crm.Tests.CustomerTokenPolicyTests.Propósitos_coinciden_con_el_schema	2026-10-05T22:58:26.0532254-05:00	00:00:00.2414816
Passed	Sillar.Modules.Crm.Tests.CustomerTokenPolicyTests	Sillar.Modules.Crm.Tests.CustomerTokenPolicyTests.Recuperacion_es_corta	2026-10-05T22:58:26.6418868-05:00	00:00:00.0054453
Passed	Sillar.Modules.Crm.Tests.CustomerTokenPolicyTests	Sillar.Modules.Crm.Tests.CustomerTokenPolicyTests.Verificacion_caduca	2026-10-05T22:58:26.5831209-05:00	00:00:00.0122518
Passed	Sillar.Modules.Sales.Tests.AtribucionDelPersonalTests	Sillar.Modules.Sales.Tests.AtribucionDelPersonalTests.El_nodo_de_la_cuenta_no_se_deriva_del_nodo_de_la_actuacion	2026-10-05T22:58:28.3880712-05:00	00:00:00.0306169
Passed	Sillar.Modules.Sales.Tests.AtribucionDelPersonalTests	Sillar.Modules.Sales.Tests.AtribucionDelPersonalTests.El_nodo_de_la_cuenta_puede_ser_distinto_del_nodo_de_la_actuacion	2026-10-05T22:58:28.5543835-05:00	00:00:00.0058397
Passed	Sillar.Modules.Sales.Tests.AtribucionDelPersonalTests	Sillar.Modules.Sales.Tests.AtribucionDelPersonalTests.El_pedido_no_interviene_en_la_interpretacion_de_la_atribucion	2026-10-05T22:58:28.5380852-05:00	00:00:00.0088922
Passed	Sillar.Modules.Sales.Tests.AtribucionDelPersonalTests	Sillar.Modules.Sales.Tests.AtribucionDelPersonalTests.La_atribucion_de_un_cambio_se_resuelve_sin_leer_el_pedido	2026-10-05T22:58:28.3754971-05:00	00:00:00.0047365
Passed	Sillar.Modules.Sales.Tests.AtribucionDelPersonalTests	Sillar.Modules.Sales.Tests.AtribucionDelPersonalTests.La_cabecera_del_pedido_no_atribuye_a_ningun_trabajador	2026-10-05T22:58:28.6948097-05:00	00:00:00.0018526
Passed	Sillar.Modules.Sales.Tests.AtribucionDelPersonalTests	Sillar.Modules.Sales.Tests.AtribucionDelPersonalTests.La_migracion_no_declara_ninguna_clave_foranea_hacia_core_admin_users	2026-10-05T22:58:28.4383876-05:00	00:00:00.0962079
Passed	Sillar.Modules.Sales.Tests.AtribucionDelPersonalTests	Sillar.Modules.Sales.Tests.AtribucionDelPersonalTests.La_migracion_solo_referencia_dos_schemas_ajenos_y_ninguno_es_core	2026-10-05T22:58:28.7049842-05:00	00:00:00.0089115
Passed	Sillar.Modules.Sales.Tests.AtribucionDelPersonalTests	Sillar.Modules.Sales.Tests.AtribucionDelPersonalTests.La_tabla_orders_de_la_migracion_no_tiene_columna_de_atribucion	2026-10-05T22:58:28.6626794-05:00	00:00:00.0010085
Passed	Sillar.Modules.Sales.Tests.AtribucionDelPersonalTests	Sillar.Modules.Sales.Tests.AtribucionDelPersonalTests.Ningun_CHECK_exige_que_los_dos_nodos_coincidan	2026-10-05T22:58:28.5678858-05:00	00:00:00.0916585
Passed	Sillar.Modules.Sales.Tests.AtribucionDelPersonalTests	Sillar.Modules.Sales.Tests.AtribucionDelPersonalTests.Ninguna_de_las_seis_atribuciones_parciales_se_acepta	2026-10-05T22:58:28.3588091-05:00	00:00:00.0154164
Passed	Sillar.Modules.Sales.Tests.AtribucionDelPersonalTests	Sillar.Modules.Sales.Tests.AtribucionDelPersonalTests.Un_cambio_automatico_leido_desde_la_entidad_no_atribuye_a_nadie	2026-10-05T22:58:27.4489027-05:00	00:00:00.3724160
Passed	Sillar.Modules.Sales.Tests.AtribucionDelPersonalTests	Sillar.Modules.Sales.Tests.AtribucionDelPersonalTests.Un_cambio_automatico_lleva_los_tres_datos_nulos_y_no_atribuye_a_nadie	2026-10-05T22:58:28.7152807-05:00	00:00:00.0003029
Passed	Sillar.Modules.Sales.Tests.AtribucionDelPersonalTests	Sillar.Modules.Sales.Tests.AtribucionDelPersonalTests.Un_cambio_humano_lleva_los_tres_datos_presentes	2026-10-05T22:58:28.6991208-05:00	00:00:00.0024394
Passed	Sillar.Modules.Sales.Tests.AtribucionDelPersonalTests	Sillar.Modules.Sales.Tests.AtribucionDelPersonalTests.Un_identificador_local_cero_o_negativo_no_se_acepta	2026-10-05T22:58:28.5614444-05:00	00:00:00.0032150
Passed	Sillar.Modules.Sales.Tests.AtribucionDelPersonalTests	Sillar.Modules.Sales.Tests.AtribucionDelPersonalTests.Un_pago_humano_exige_los_tres_datos	2026-10-05T22:58:28.4199382-05:00	00:00:00.0062923
Passed	Sillar.Modules.Sales.Tests.AtribucionDelPersonalTests	Sillar.Modules.Sales.Tests.AtribucionDelPersonalTests.Un_pago_sin_identificador_local_no_se_registra	2026-10-05T22:58:28.6805275-05:00	00:00:00.0029343
Passed	Sillar.Modules.Sales.Tests.AtribucionDelPersonalTests	Sillar.Modules.Sales.Tests.AtribucionDelPersonalTests.Un_pago_sin_nodo_de_la_cuenta_no_se_registra	2026-10-05T22:58:28.2747515-05:00	00:00:00.0825782
Passed	Sillar.Modules.Sales.Tests.AtribucionDelPersonalTests	Sillar.Modules.Sales.Tests.AtribucionDelPersonalTests.Un_pago_sin_nombre_no_se_registra	2026-10-05T22:58:28.6847236-05:00	00:00:00.0052708
Passed	Sillar.Modules.Sales.Tests.CodigoVisibleTests	Sillar.Modules.Sales.Tests.CodigoVisibleTests.Dos_anios_distintos_dan_codigos_distintos_con_el_mismo_correlativo	2026-10-05T22:58:28.4844160-05:00	00:00:00.0230164
Passed	Sillar.Modules.Sales.Tests.CodigoVisibleTests	Sillar.Modules.Sales.Tests.CodigoVisibleTests.Dos_nodos_distintos_dan_codigos_distintos_con_la_misma_serie	2026-10-05T22:58:27.4489675-05:00	00:00:00.4121265
Passed	Sillar.Modules.Sales.Tests.CodigoVisibleTests	Sillar.Modules.Sales.Tests.CodigoVisibleTests.El_codigo_visible_de_un_pedido_tiene_la_forma_P_2026_0147	2026-10-05T22:58:28.4307721-05:00	00:00:00.0077908
Passed	Sillar.Modules.Sales.Tests.CodigoVisibleTests	Sillar.Modules.Sales.Tests.CodigoVisibleTests.El_correlativo_se_rellena_hasta_cuatro_digitos	2026-10-05T22:58:28.2885734-05:00	00:00:00.0139136
Passed	Sillar.Modules.Sales.Tests.CodigoVisibleTests	Sillar.Modules.Sales.Tests.CodigoVisibleTests.El_mensaje_de_la_etiqueta_ausente_dice_que_no_hay_valor_por_defecto	2026-10-05T22:58:28.3038693-05:00	00:00:00.0528686
Passed	Sillar.Modules.Sales.Tests.CodigoVisibleTests	Sillar.Modules.Sales.Tests.CodigoVisibleTests.La_etiqueta_del_nodo_va_delante_del_anio	2026-10-05T22:58:28.4706866-05:00	00:00:00.0125871
Passed	Sillar.Modules.Sales.Tests.CodigoVisibleTests	Sillar.Modules.Sales.Tests.CodigoVisibleTests.La_etiqueta_se_recorta_pero_no_se_transforma	2026-10-05T22:58:28.2786914-05:00	00:00:00.0006026
Passed	Sillar.Modules.Sales.Tests.CodigoVisibleTests	Sillar.Modules.Sales.Tests.CodigoVisibleTests.Sin_etiqueta_de_nodo_no_se_compone_ningun_codigo	2026-10-05T22:58:28.4185388-05:00	00:00:00.0111511
Passed	Sillar.Modules.Sales.Tests.CodigoVisibleTests	Sillar.Modules.Sales.Tests.CodigoVisibleTests.Un_correlativo_de_cinco_cifras_no_se_recorta	2026-10-05T22:58:28.3960430-05:00	00:00:00.0212212
Passed	Sillar.Modules.Sales.Tests.CodigoVisibleTests	Sillar.Modules.Sales.Tests.CodigoVisibleTests.Un_correlativo_menor_que_uno_no_se_acepta	2026-10-05T22:58:28.4396995-05:00	00:00:00.0296335
Passed	Sillar.Modules.Sales.Tests.CongelarClienteTests	Sillar.Modules.Sales.Tests.CongelarClienteTests.Congelar_copia_los_seis_campos_al_pedido	2026-10-05T22:58:28.3146813-05:00	00:00:00.0601948
Passed	Sillar.Modules.Sales.Tests.CongelarClienteTests	Sillar.Modules.Sales.Tests.CongelarClienteTests.El_pedido_no_recibe_ninguna_direccion	2026-10-05T22:58:28.4826636-05:00	00:00:00.0220274
Passed	Sillar.Modules.Sales.Tests.CongelarClienteTests	Sillar.Modules.Sales.Tests.CongelarClienteTests.Los_motivos_de_rechazo_no_nombran_ninguna_causa_que_M04_no_garantice	2026-10-05T22:58:28.4199345-05:00	00:00:00.0206322
Passed	Sillar.Modules.Sales.Tests.CongelarClienteTests	Sillar.Modules.Sales.Tests.CongelarClienteTests.Se_usa_la_sobrecarga_SIN_direccion	2026-10-05T22:58:28.2857922-05:00	00:00:00.0100952
Passed	Sillar.Modules.Sales.Tests.CongelarClienteTests	Sillar.Modules.Sales.Tests.CongelarClienteTests.Si_M04_devuelve_null_no_se_inventa_la_causa	2026-10-05T22:58:28.3946205-05:00	00:00:00.0160452
Passed	Sillar.Modules.Sales.Tests.CongelarClienteTests	Sillar.Modules.Sales.Tests.CongelarClienteTests.Un_cliente_verificado_se_congela_con_sus_seis_datos	2026-10-05T22:58:27.4489262-05:00	00:00:00.4414831
Passed	Sillar.Modules.Sales.Tests.CongelarClienteTests	Sillar.Modules.Sales.Tests.CongelarClienteTests.Un_correo_sin_verificar_no_compra	2026-10-05T22:58:28.4419397-05:00	00:00:00.0305482
Passed	Sillar.Modules.Sales.Tests.CrearPedidoPersistenciaTests	Sillar.Modules.Sales.Tests.CrearPedidoPersistenciaTests.El_precio_de_la_linea_lo_pone_M01_y_no_quien_llama	2026-10-05T22:58:43.2668117-05:00	00:00:00.2364818
Passed	Sillar.Modules.Sales.Tests.CrearPedidoPersistenciaTests	Sillar.Modules.Sales.Tests.CrearPedidoPersistenciaTests.El_rollback_de_la_transaccion_exterior_devuelve_el_numero	2026-10-05T22:58:43.6386279-05:00	00:00:00.0959477
Passed	Sillar.Modules.Sales.Tests.CrearPedidoPersistenciaTests	Sillar.Modules.Sales.Tests.CrearPedidoPersistenciaTests.El_snapshot_sigue_congelado_cuando_M01_cambia_despues	2026-10-05T22:58:43.5937119-05:00	00:00:00.0269977
Passed	Sillar.Modules.Sales.Tests.CrearPedidoPersistenciaTests	Sillar.Modules.Sales.Tests.CrearPedidoPersistenciaTests.Se_pregunta_por_la_vendibilidad_antes_de_tomar_el_precio	2026-10-05T22:58:43.5047148-05:00	00:00:00.0187890
Passed	Sillar.Modules.Sales.Tests.CrearPedidoPersistenciaTests	Sillar.Modules.Sales.Tests.CrearPedidoPersistenciaTests.Un_carrito_vacio_no_entra_en_confirmacion	2026-10-05T22:58:43.7375081-05:00	00:00:00.0070717
Passed	Sillar.Modules.Sales.Tests.CrearPedidoPersistenciaTests	Sillar.Modules.Sales.Tests.CrearPedidoPersistenciaTests.Un_correo_sin_verificar_no_llega_a_preguntar_por_el_catalogo	2026-10-05T22:58:43.8620521-05:00	00:00:00.0094081
Passed	Sillar.Modules.Sales.Tests.CrearPedidoPersistenciaTests	Sillar.Modules.Sales.Tests.CrearPedidoPersistenciaTests.Un_item_inexistente_o_inactivo_no_produce_pedido	2026-10-05T22:58:43.7467258-05:00	00:00:00.0221548
Passed	Sillar.Modules.Sales.Tests.CrearPedidoPersistenciaTests	Sillar.Modules.Sales.Tests.CrearPedidoPersistenciaTests.Un_pedido_que_no_llega_a_crearse_no_consume_numero	2026-10-05T22:58:43.8457410-05:00	00:00:00.0136363
Passed	Sillar.Modules.Sales.Tests.CrearPedidoPersistenciaTests	Sillar.Modules.Sales.Tests.CrearPedidoPersistenciaTests.Un_pedido_se_crea_con_el_precio_de_M01_y_su_snapshot_congelado	2026-10-05T22:58:43.7703607-05:00	00:00:00.0735338
Passed	Sillar.Modules.Sales.Tests.CrearPedidoPersistenciaTests	Sillar.Modules.Sales.Tests.CrearPedidoPersistenciaTests.Un_precio_null_no_entra_al_pedido_y_un_precio_cero_si	2026-10-05T22:58:43.5248293-05:00	00:00:00.0665459
Passed	Sillar.Modules.Sales.Tests.CrearPedidoPersistenciaTests	Sillar.Modules.Sales.Tests.CrearPedidoPersistenciaTests.Una_cantidad_no_positiva_no_produce_pedido	2026-10-05T22:58:43.6216709-05:00	00:00:00.0143932
Passed	Sillar.Modules.Sales.Tests.EstadosYPagoTests	Sillar.Modules.Sales.Tests.EstadosYPagoTests.La_secuencia_principal_tiene_cinco_estados_en_orden	2026-10-05T22:58:28.3639295-05:00	00:00:00.0011888
Passed	Sillar.Modules.Sales.Tests.EstadosYPagoTests	Sillar.Modules.Sales.Tests.EstadosYPagoTests.Los_estados_se_guardan_en_ingles_tecnico_y_no_en_espaniol	2026-10-05T22:58:28.4311022-05:00	00:00:00.1202447
Passed	Sillar.Modules.Sales.Tests.EstadosYPagoTests	Sillar.Modules.Sales.Tests.EstadosYPagoTests.Los_estados_visibles_son_exactamente_siete	2026-10-05T22:58:27.4486737-05:00	00:00:00.4048698
Passed	Sillar.Modules.Sales.Tests.EstadosYPagoTests	Sillar.Modules.Sales.Tests.EstadosYPagoTests.Los_siete_estados_son_los_ratificados_el_26_de_septiembre	2026-10-05T22:58:28.2715082-05:00	00:00:00.0579906
Passed	Sillar.Modules.Sales.Tests.EstadosYPagoTests	Sillar.Modules.Sales.Tests.EstadosYPagoTests.Ningun_estado_esta_repetido	2026-10-05T22:58:28.4022402-05:00	00:00:00.0113975
Passed	Sillar.Modules.Sales.Tests.EstadosYPagoTests	Sillar.Modules.Sales.Tests.EstadosYPagoTests.Vencido_no_es_lo_mismo_que_cancelado	2026-10-05T22:58:28.3307464-05:00	00:00:00.0003162
Passed	Sillar.Modules.Sales.Tests.EstadosYPagoTests	Sillar.Modules.Sales.Tests.EstadosYPagoTests.Vencido_y_cancelado_estan_fuera_de_la_secuencia_principal	2026-10-05T22:58:28.4225970-05:00	00:00:00.0076137
Passed	Sillar.Modules.Sales.Tests.MediosDePagoTests	Sillar.Modules.Sales.Tests.MediosDePagoTests.Cualquier_otro_medio_queda_fuera	2026-10-05T22:58:28.4654064-05:00	00:00:00.0005102
Passed	Sillar.Modules.Sales.Tests.MediosDePagoTests	Sillar.Modules.Sales.Tests.MediosDePagoTests.El_efectivo_es_un_medio_valido	2026-10-05T22:58:27.4489510-05:00	00:00:00.4315458
Passed	Sillar.Modules.Sales.Tests.MediosDePagoTests	Sillar.Modules.Sales.Tests.MediosDePagoTests.La_tarjeta_no_se_admite_en_M03_v1	2026-10-05T22:58:28.4479418-05:00	00:00:00.0160987
Passed	Sillar.Modules.Sales.Tests.MediosDePagoTests	Sillar.Modules.Sales.Tests.MediosDePagoTests.Los_valores_van_en_minusculas_y_sin_espacios	2026-10-05T22:58:28.2773649-05:00	00:00:00.1470414
Passed	Sillar.Modules.Sales.Tests.MediosDePagoTests	Sillar.Modules.Sales.Tests.MediosDePagoTests.V1_admite_yape_y_efectivo	2026-10-05T22:58:28.4297146-05:00	00:00:00.0129996
Passed	Sillar.Modules.Sales.Tests.MediosDePagoTests	Sillar.Modules.Sales.Tests.MediosDePagoTests.Yape_es_un_medio_valido	2026-10-05T22:58:28.2619809-05:00	00:00:00.0144553
Passed	Sillar.Modules.Sales.Tests.NumeracionTests	Sillar.Modules.Sales.Tests.NumeracionTests.El_anio_de_la_serie_es_el_de_Lima_y_no_el_de_UTC	2026-10-05T22:58:35.4439851-05:00	00:00:00.0026245
Passed	Sillar.Modules.Sales.Tests.NumeracionTests	Sillar.Modules.Sales.Tests.NumeracionTests.El_codigo_de_esa_tarde_se_compone_con_el_anio_de_Lima	2026-10-05T22:58:34.5024721-05:00	00:00:00.0066972
Passed	Sillar.Modules.Sales.Tests.NumeracionTests	Sillar.Modules.Sales.Tests.NumeracionTests.El_mediodia_de_Lima_y_el_de_UTC_dan_el_mismo_anio	2026-10-05T22:58:34.5235620-05:00	00:00:00.0038138
Passed	Sillar.Modules.Sales.Tests.NumeracionTests	Sillar.Modules.Sales.Tests.NumeracionTests.Fuera_de_una_transaccion_el_numerador_se_niega_a_numerar	2026-10-05T22:58:34.5357906-05:00	00:00:00.9043056
Passed	Sillar.Modules.Sales.Tests.NumeracionTests	Sillar.Modules.Sales.Tests.NumeracionTests.La_guarda_de_transaccion_actua_antes_de_mirar_la_configuracion	2026-10-05T22:58:28.6154048-05:00	00:00:05.8760414
Passed	Sillar.Modules.Sales.Tests.NumeracionTests	Sillar.Modules.Sales.Tests.NumeracionTests.La_zona_del_negocio_se_resuelve_en_esta_maquina	2026-10-05T22:58:34.5162647-05:00	00:00:00.0007136
Passed	Sillar.Modules.Sales.Tests.NumeracionTests	Sillar.Modules.Sales.Tests.NumeracionTests.Un_pedido_de_la_tarde_del_31_de_diciembre_conserva_su_anio	2026-10-05T22:58:34.5307068-05:00	00:00:00.0007855
Passed	Sillar.Modules.Sales.Tests.PedidosPropiosPersistenciaTests	Sillar.Modules.Sales.Tests.PedidosPropiosPersistenciaTests.El_contrato_publico_acota_el_limite_en_vez_de_obedecerlo	2026-10-05T22:58:41.3385931-05:00	00:00:00.0808532
Passed	Sillar.Modules.Sales.Tests.PedidosPropiosPersistenciaTests	Sillar.Modules.Sales.Tests.PedidosPropiosPersistenciaTests.El_historial_no_devuelve_pedidos_dados_de_baja	2026-10-05T22:58:41.4209577-05:00	00:00:00.0319216
Passed	Sillar.Modules.Sales.Tests.PedidosPropiosPersistenciaTests	Sillar.Modules.Sales.Tests.PedidosPropiosPersistenciaTests.El_historial_va_del_mas_reciente_al_mas_antiguo	2026-10-05T22:58:40.6210135-05:00	00:00:00.6585060
Passed	Sillar.Modules.Sales.Tests.PedidosPropiosPersistenciaTests	Sillar.Modules.Sales.Tests.PedidosPropiosPersistenciaTests.El_pedido_de_otro_cliente_no_existe_para_la_consulta_filtrada	2026-10-05T22:58:30.2955161-05:00	00:00:08.9093321
Passed	Sillar.Modules.Sales.Tests.PedidosPropiosPersistenciaTests	Sillar.Modules.Sales.Tests.PedidosPropiosPersistenciaTests.El_resumen_cuenta_las_lineas_sin_traerlas	2026-10-05T22:58:39.3308557-05:00	00:00:01.2876654
Passed	Sillar.Modules.Sales.Tests.PedidosPropiosPersistenciaTests	Sillar.Modules.Sales.Tests.PedidosPropiosPersistenciaTests.Un_cliente_sin_pedidos_recibe_una_lista_vacia_y_no_un_error	2026-10-05T22:58:41.2840997-05:00	00:00:00.0512146
Passed	Sillar.Modules.Sales.Tests.PedidosPropiosPersistenciaTests	Sillar.Modules.Sales.Tests.PedidosPropiosPersistenciaTests.Un_cliente_solo_ve_sus_propios_pedidos	2026-10-05T22:58:41.4606825-05:00	00:00:00.0546649
Passed	Sillar.Modules.Sales.Tests.PeticionDePedidoTests	Sillar.Modules.Sales.Tests.PeticionDePedidoTests.La_peticion_no_lleva_cliente_ni_direccion	2026-10-05T22:58:28.2755774-05:00	00:00:00.0645845
Passed	Sillar.Modules.Sales.Tests.PeticionDePedidoTests	Sillar.Modules.Sales.Tests.PeticionDePedidoTests.La_peticion_no_tiene_donde_poner_un_precio_ni_un_total	2026-10-05T22:58:28.3414360-05:00	00:00:00.0647800
Passed	Sillar.Modules.Sales.Tests.PeticionDePedidoTests	Sillar.Modules.Sales.Tests.PeticionDePedidoTests.Los_motivos_de_no_creacion_distinguen_a_consultar_de_no_vendible	2026-10-05T22:58:27.4514588-05:00	00:00:00.4253619
Passed	Sillar.Modules.Sales.Tests.PeticionDePedidoTests	Sillar.Modules.Sales.Tests.PeticionDePedidoTests.Una_linea_pedida_solo_lleva_variante_y_cantidad	2026-10-05T22:58:28.4205111-05:00	00:00:00.1393033
Passed	Sillar.Modules.Sales.Tests.TransicionesTests	Sillar.Modules.Sales.Tests.TransicionesTests.El_cliente_no_cancela_directamente	2026-10-05T22:58:28.2706045-05:00	00:00:00.0266762
Passed	Sillar.Modules.Sales.Tests.TransicionesTests	Sillar.Modules.Sales.Tests.TransicionesTests.El_vencimiento_automatico_nunca_conduce_a_cancelado	2026-10-05T22:58:28.4356858-05:00	00:00:00.0124835
Passed	Sillar.Modules.Sales.Tests.TransicionesTests	Sillar.Modules.Sales.Tests.TransicionesTests.Ninguna_transicion_permitida_sale_de_los_siete_estados	2026-10-05T22:58:27.4488776-05:00	00:00:00.4264243
Passed	Sillar.Modules.Sales.Tests.TransicionesTests	Sillar.Modules.Sales.Tests.TransicionesTests.Solo_vence_un_pedido_pendiente_de_pago	2026-10-05T22:58:28.3607429-05:00	00:00:00.0170608
Passed	Sillar.Modules.Sales.Tests.TransicionesTests	Sillar.Modules.Sales.Tests.TransicionesTests.Un_pago_no_lo_registra_el_sistema	2026-10-05T22:58:28.4867972-05:00	00:00:00.0209908
Passed	Sillar.Modules.Sales.Tests.TransicionesTests	Sillar.Modules.Sales.Tests.TransicionesTests.Un_pago_sin_mercancia_no_inventa_ningun_octavo_estado	2026-10-05T22:58:28.4240912-05:00	00:00:00.0004119
Passed	Sillar.Modules.Sales.Tests.TransicionesTests	Sillar.Modules.Sales.Tests.TransicionesTests.Un_pago_tardio_con_mercancia_lleva_el_pedido_de_Vencido_a_Preparando	2026-10-05T22:58:28.4124928-05:00	00:00:00.0003391
Passed	Sillar.Modules.Sales.Tests.TransicionesTests	Sillar.Modules.Sales.Tests.TransicionesTests.Un_pago_tardio_no_pasa_por_Pago_por_verificar	2026-10-05T22:58:28.3425493-05:00	00:00:00.0003439
Passed	Sillar.Modules.Sales.Tests.TransicionesTests	Sillar.Modules.Sales.Tests.TransicionesTests.Un_pago_tardio_sin_mercancia_se_registra_y_deja_pendiente_operativo	2026-10-05T22:58:28.3461446-05:00	00:00:00.0005530
Passed	Sillar.Modules.Sales.Tests.TransicionesTests	Sillar.Modules.Sales.Tests.TransicionesTests.Un_pedido_entregado_no_se_puede_cancelar	2026-10-05T22:58:28.4570583-05:00	00:00:00.0283885
Passed	Sillar.Modules.Sales.Tests.TransicionesTests	Sillar.Modules.Sales.Tests.TransicionesTests.Un_pedido_vencido_si_se_puede_cancelar_con_motivo	2026-10-05T22:58:28.4493633-05:00	00:00:00.0003935
Passed	Sillar.Modules.Sales.Tests.TransicionesTests	Sillar.Modules.Sales.Tests.TransicionesTests.Una_cancelacion_del_personal_con_motivo_si_se_permite	2026-10-05T22:58:28.3236900-05:00	00:00:00.0004410
Passed	Sillar.Modules.Sales.Tests.TransicionesTests	Sillar.Modules.Sales.Tests.TransicionesTests.Una_cancelacion_sin_motivo_no_se_permite	2026-10-05T22:58:28.3790465-05:00	00:00:00.0322295
Passed	Sillar.Modules.Sales.Tests.VencimientoPersistenciaTests	Sillar.Modules.Sales.Tests.VencimientoPersistenciaTests.Correr_el_vencimiento_dos_veces_no_duplica_asientos	2026-10-05T22:58:41.5305034-05:00	00:00:00.2902715
Passed	Sillar.Modules.Sales.Tests.VencimientoPersistenciaTests	Sillar.Modules.Sales.Tests.VencimientoPersistenciaTests.El_asiento_del_vencimiento_deja_los_TRES_datos_de_atribucion_en_NULL	2026-10-05T22:58:43.2080674-05:00	00:00:00.0497397
Passed	Sillar.Modules.Sales.Tests.VencimientoPersistenciaTests	Sillar.Modules.Sales.Tests.VencimientoPersistenciaTests.Solo_vence_lo_que_estaba_pendiente_de_pago	2026-10-05T22:58:43.1713599-05:00	00:00:00.0248440
Passed	Sillar.Modules.Sales.Tests.VencimientoPersistenciaTests	Sillar.Modules.Sales.Tests.VencimientoPersistenciaTests.Un_plazo_cumplido_pasa_el_pedido_a_Vencido	2026-10-05T22:58:42.5331481-05:00	00:00:00.6320998
Passed	Sillar.Modules.Sales.Tests.VencimientoPersistenciaTests	Sillar.Modules.Sales.Tests.VencimientoPersistenciaTests.Un_plazo_que_no_ha_llegado_no_vence	2026-10-05T22:58:41.8261889-05:00	00:00:00.5811695
Passed	Sillar.Modules.Sales.Tests.VencimientoPersistenciaTests	Sillar.Modules.Sales.Tests.VencimientoPersistenciaTests.Vencer_no_cancela_y_no_libera_nada	2026-10-05T22:58:42.4089663-05:00	00:00:00.1180415
Passed	Sillar.Modules.Services.Tests.ServiceRulesTests	Sillar.Modules.Services.Tests.ServiceRulesTests.Imagen_exige_texto_alternativo	2026-10-05T22:58:41.4957879-05:00	00:00:00.0013514
Passed	Sillar.Modules.Services.Tests.ServiceRulesTests	Sillar.Modules.Services.Tests.ServiceRulesTests.Precio_cero_es_valido_y_distinto_de_nulo	2026-10-05T22:58:41.2423721-05:00	00:00:00.0712884
Passed	Sillar.Modules.Services.Tests.ServiceRulesTests	Sillar.Modules.Services.Tests.ServiceRulesTests.Precio_negativo_se_rechaza	2026-10-05T22:58:41.4802607-05:00	00:00:00.0021094
Passed	Sillar.Modules.Services.Tests.ServiceRulesTests	Sillar.Modules.Services.Tests.ServiceRulesTests.Precio_nulo_es_valido_para_consultar	2026-10-05T22:58:41.4924786-05:00	00:00:00.0006170
Passed	Sillar.Modules.Services.Tests.ServiceRulesTests	Sillar.Modules.Services.Tests.ServiceRulesTests.Publicar_desde_borrador_es_valido	2026-10-05T22:58:41.4879715-05:00	00:00:00.0016358
Passed	Sillar.Modules.Services.Tests.ServiceRulesTests	Sillar.Modules.Services.Tests.ServiceRulesTests.Restaurar_archivado_no_se_inventa	2026-10-05T22:58:41.4842870-05:00	00:00:00.0013888
Passed	Sillar.Modules.Services.Tests.ServiceRulesTests	Sillar.Modules.Services.Tests.ServiceRulesTests.Slug_quita_tildes_y_normaliza_separadores	2026-10-05T22:58:41.4354723-05:00	00:00:00.0405061
Passed	Sillar.Modules.Services.Tests.ServicesPostgresTests	Sillar.Modules.Services.Tests.ServicesPostgresTests.El_99_drop_quita_services_dos_veces_sin_tocar_core_y_la_migracion_reinstala	2026-10-05T22:58:41.6014588-05:00	00:00:04.6929799
Passed	Sillar.Modules.Services.Tests.ServicesPostgresTests	Sillar.Modules.Services.Tests.ServicesPostgresTests.La_direccion_publica_es_unica_sin_distinguir_mayusculas	2026-10-05T22:58:50.8510700-05:00	00:00:00.3043059
Passed	Sillar.Modules.Services.Tests.ServicesPostgresTests	Sillar.Modules.Services.Tests.ServicesPostgresTests.La_fotografia_de_un_servicio_publicado_trae_sus_datos_y_la_url_de_su_imagen	2026-10-05T22:58:51.2771541-05:00	00:00:00.1234629
Passed	Sillar.Modules.Services.Tests.ServicesPostgresTests	Sillar.Modules.Services.Tests.ServicesPostgresTests.La_migracion_crea_solo_el_schema_services_con_su_historial_dentro	2026-10-05T22:58:49.9915741-05:00	00:00:00.1932609
Passed	Sillar.Modules.Services.Tests.ServicesPostgresTests	Sillar.Modules.Services.Tests.ServicesPostgresTests.La_unica_referencia_cruzada_va_de_una_tabla_local_a_una_replicada_como_permite_la_ADR_018	2026-10-05T22:58:50.1867792-05:00	00:00:00.6629029
Passed	Sillar.Modules.Services.Tests.ServicesPostgresTests	Sillar.Modules.Services.Tests.ServicesPostgresTests.La_vitrina_publica_solo_enseña_lo_publicado_en_su_orden	2026-10-05T22:58:49.4706257-05:00	00:00:00.5148638
Passed	Sillar.Modules.Services.Tests.ServicesPostgresTests	Sillar.Modules.Services.Tests.ServicesPostgresTests.Solo_un_servicio_publicado_tiene_fotografia(caso: "archivado")	2026-10-05T22:58:48.7597672-05:00	00:00:00.6127067
Passed	Sillar.Modules.Services.Tests.ServicesPostgresTests	Sillar.Modules.Services.Tests.ServicesPostgresTests.Solo_un_servicio_publicado_tiene_fotografia(caso: "borrador")	2026-10-05T22:58:49.3743184-05:00	00:00:00.0919644
Passed	Sillar.Modules.Services.Tests.ServicesPostgresTests	Sillar.Modules.Services.Tests.ServicesPostgresTests.Solo_un_servicio_publicado_tiene_fotografia(caso: "inexistente")	2026-10-05T22:58:46.3187037-05:00	00:00:02.4358412
Passed	Sillar.Modules.Services.Tests.ServicesPostgresTests	Sillar.Modules.Services.Tests.ServicesPostgresTests.Una_transicion_no_permitida_se_explica_en_castellano	2026-10-05T22:58:51.1568494-05:00	00:00:00.1073254
Passed	Sillar.Shared.Data.Tests.ReplicationMappingTests	Sillar.Shared.Data.Tests.ReplicationMappingTests.El_nodo_de_origen_es_obligatorio	2026-10-05T22:58:31.7767360-05:00	00:00:00.0069626
Passed	Sillar.Shared.Data.Tests.ReplicationMappingTests	Sillar.Shared.Data.Tests.ReplicationMappingTests.La_fecha_de_alta_la_pone_la_base_y_solo_al_insertar	2026-10-05T22:58:31.7435469-05:00	00:00:00.0314981
Passed	Sillar.Shared.Data.Tests.ReplicationMappingTests	Sillar.Shared.Data.Tests.ReplicationMappingTests.La_fecha_de_cambio_la_pone_el_trigger_al_insertar_y_al_actualizar	2026-10-05T22:58:31.7903453-05:00	00:00:00.0099086
Passed	Sillar.Shared.Data.Tests.ReplicationMappingTests	Sillar.Shared.Data.Tests.ReplicationMappingTests.La_version_nace_en_uno_y_no_la_genera_la_base	2026-10-05T22:58:31.8361006-05:00	00:00:00.0558883
Passed	Sillar.Shared.Data.Tests.ReplicationMappingTests	Sillar.Shared.Data.Tests.ReplicationMappingTests.Las_cuatro_columnas_llevan_el_nombre_en_snake_case_del_esquema	2026-10-05T22:58:24.2803327-05:00	00:00:07.1836738
Passed	Sillar.Shared.Data.Tests.ReplicationMappingTests	Sillar.Shared.Data.Tests.ReplicationMappingTests.Sin_MapReplication_EF_las_nombraria_de_otra_forma	2026-10-05T22:58:31.7307307-05:00	00:00:00.0108663
Passed	Sillar.Shared.Data.Tests.ReplicationStampingTests	Sillar.Shared.Data.Tests.ReplicationStampingTests.Al_modificar_no_se_reescriben_ni_el_origen_ni_la_fecha_de_alta	2026-10-05T22:58:24.2812150-05:00	00:00:07.5442984
Passed	Sillar.Shared.Data.Tests.ReplicationStampingTests	Sillar.Shared.Data.Tests.ReplicationStampingTests.Al_modificar_sube_la_version_y_el_origen_no_se_toca	2026-10-05T22:58:32.1037721-05:00	00:00:00.0084552
Passed	Sillar.Shared.Data.Tests.ReplicationStampingTests	Sillar.Shared.Data.Tests.ReplicationStampingTests.El_borrado_tampoco_sube_la_version	2026-10-05T22:58:32.0340565-05:00	00:00:00.0575316
Passed	Sillar.Shared.Data.Tests.ReplicationStampingTests	Sillar.Shared.Data.Tests.ReplicationStampingTests.Una_fila_nueva_nace_con_el_nodo_la_version_uno_y_las_dos_fechas	2026-10-05T22:58:32.1219800-05:00	00:00:00.0446705
Passed	Sillar.Shared.Data.Tests.ReplicationStampingTests	Sillar.Shared.Data.Tests.ReplicationStampingTests.Una_fila_sin_cambios_no_se_sella	2026-10-05T22:58:31.9740214-05:00	00:00:00.0557803
Passed	Sillar.Shared.Tests.ModuleActivationSafetyTests	Sillar.Shared.Tests.ModuleActivationSafetyTests.Activar_con_las_dependencias_duras_activas_si_esta_permitido	2026-10-05T22:58:24.7323918-05:00	00:00:00.0004128
Passed	Sillar.Shared.Tests.ModuleActivationSafetyTests	Sillar.Shared.Tests.ModuleActivationSafetyTests.Activar_con_una_dependencia_dura_inactiva_no_esta_permitido	2026-10-05T22:58:24.7610920-05:00	00:00:00.0213030
Passed	Sillar.Shared.Tests.ModuleActivationSafetyTests	Sillar.Shared.Tests.ModuleActivationSafetyTests.Desactivar_CORE_dejaria_a_todos_los_activos_sin_su_dependencia_dura	2026-10-05T22:58:23.9192083-05:00	00:00:00.4416975
Passed	Sillar.Shared.Tests.ModuleActivationSafetyTests	Sillar.Shared.Tests.ModuleActivationSafetyTests.Desactivar_en_orden_inverso_a_las_dependencias_si_esta_permitido	2026-10-05T22:58:24.7996346-05:00	00:00:00.0046589
Passed	Sillar.Shared.Tests.ModuleActivationSafetyTests	Sillar.Shared.Tests.ModuleActivationSafetyTests.Desactivar_un_modulo_del_que_otro_activo_depende_duro_no_esta_permitido	2026-10-05T22:58:24.7405841-05:00	00:00:00.0189512
Passed	Sillar.Shared.Tests.ModuleActivationSafetyTests	Sillar.Shared.Tests.ModuleActivationSafetyTests.Ninguna_secuencia_de_operaciones_permitidas_deja_el_sistema_sin_arrancar	2026-10-05T22:58:24.5726735-05:00	00:00:00.1309015
Passed	Sillar.Shared.Tests.ModuleActivationSafetyTests	Sillar.Shared.Tests.ModuleActivationSafetyTests.Una_dependencia_blanda_inactiva_no_impide_activar	2026-10-05T22:58:24.8082889-05:00	00:00:00.0004360
Passed	Sillar.Shared.Tests.ModuleActivationSafetyTests	Sillar.Shared.Tests.ModuleActivationSafetyTests.Una_dependencia_blanda_no_impide_desactivar_al_otro	2026-10-05T22:58:24.7894712-05:00	00:00:00.0091856
Passed	Sillar.Shared.Tests.ModuleActivationTests	Sillar.Shared.Tests.ModuleActivationTests.Con_todas_las_dependencias_duras_activas_no_hay_problema	2026-10-05T22:58:24.5750061-05:00	00:00:00.1231005
Passed	Sillar.Shared.Tests.ModuleActivationTests	Sillar.Shared.Tests.ModuleActivationTests.Lo_que_esta_apagado_no_se_juzga	2026-10-05T22:58:24.8474406-05:00	00:00:00.0004525
Passed	Sillar.Shared.Tests.ModuleActivationTests	Sillar.Shared.Tests.ModuleActivationTests.Se_reportan_todas_las_dependencias_que_faltan_no_solo_la_primera	2026-10-05T22:58:23.9212352-05:00	00:00:00.4899435
Passed	Sillar.Shared.Tests.ModuleActivationTests	Sillar.Shared.Tests.ModuleActivationTests.Un_modulo_activo_con_su_dependencia_dura_apagada_es_un_problema	2026-10-05T22:58:24.6996070-05:00	00:00:00.1441313
Passed	Sillar.Shared.Tests.ModuleActivationTests	Sillar.Shared.Tests.ModuleActivationTests.Una_dependencia_blanda_apagada_no_es_un_problema	2026-10-05T22:58:24.8506300-05:00	00:00:00.0044072
Passed	Sillar.Shared.Tests.ModuleActiveButUndeclaredTests	Sillar.Shared.Tests.ModuleActiveButUndeclaredTests.Lo_inactivo_y_ausente_no_es_un_problema	2026-10-05T22:58:24.7112057-05:00	00:00:00.0199302
Passed	Sillar.Shared.Tests.ModuleActiveButUndeclaredTests	Sillar.Shared.Tests.ModuleActiveButUndeclaredTests.Se_nombran_todos_los_que_faltan_no_solo_el_primero	2026-10-05T22:58:23.9193502-05:00	00:00:00.6984368
Passed	Sillar.Shared.Tests.ModuleActiveButUndeclaredTests	Sillar.Shared.Tests.ModuleActiveButUndeclaredTests.Si_todo_lo_activo_en_la_base_esta_declarado_no_hay_problema	2026-10-05T22:58:24.7406004-05:00	00:00:00.0015542
Passed	Sillar.Shared.Tests.ModuleActiveButUndeclaredTests	Sillar.Shared.Tests.ModuleActiveButUndeclaredTests.Sin_ningun_codigo_activo_no_hay_nada_que_reportar	2026-10-05T22:58:24.7790260-05:00	00:00:00.0066116
Passed	Sillar.Shared.Tests.ModuleActiveButUndeclaredTests	Sillar.Shared.Tests.ModuleActiveButUndeclaredTests.Un_codigo_activo_que_el_binario_no_trae_se_nombra	2026-10-05T22:58:24.7510363-05:00	00:00:00.0268410
Passed	Sillar.Shared.Tests.ModuleGraphTests	Sillar.Shared.Tests.ModuleGraphTests.Declarar_la_misma_dependencia_dura_y_blanda_avisa_y_manda_la_dura	2026-10-05T22:58:24.8195481-05:00	00:00:00.0049441
Passed	Sillar.Shared.Tests.ModuleGraphTests	Sillar.Shared.Tests.ModuleGraphTests.Dos_modulos_con_el_mismo_codigo_abortan	2026-10-05T22:58:24.9715524-05:00	00:00:00.0011118
Passed	Sillar.Shared.Tests.ModuleGraphTests	Sillar.Shared.Tests.ModuleGraphTests.El_orden_deja_cada_modulo_detras_de_sus_dependencias	2026-10-05T22:58:24.7039736-05:00	00:00:00.0993040
Passed	Sillar.Shared.Tests.ModuleGraphTests	Sillar.Shared.Tests.ModuleGraphTests.El_orden_no_depende_de_como_lleguen_los_modulos	2026-10-05T22:58:24.8787311-05:00	00:00:00.0156590
Passed	Sillar.Shared.Tests.ModuleGraphTests	Sillar.Shared.Tests.ModuleGraphTests.Sin_CORE_no_se_puede_arrancar	2026-10-05T22:58:24.5946610-05:00	00:00:00.1077440
Passed	Sillar.Shared.Tests.ModuleGraphTests	Sillar.Shared.Tests.ModuleGraphTests.Sin_ningun_modulo_no_se_puede_arrancar	2026-10-05T22:58:24.8297389-05:00	00:00:00.0042911
Passed	Sillar.Shared.Tests.ModuleGraphTests	Sillar.Shared.Tests.ModuleGraphTests.Un_ciclo_a_traves_de_una_dependencia_blanda_tambien_aborta	2026-10-05T22:58:24.8356550-05:00	00:00:00.0130020
Passed	Sillar.Shared.Tests.ModuleGraphTests	Sillar.Shared.Tests.ModuleGraphTests.Un_ciclo_aborta_e_indica_el_camino	2026-10-05T22:58:24.9819635-05:00	00:00:00.0081023
Passed	Sillar.Shared.Tests.ModuleGraphTests	Sillar.Shared.Tests.ModuleGraphTests.Un_codigo_que_no_sirve_como_schema_aborta(codigo: "")	2026-10-05T22:58:24.5617331-05:00	00:00:00.0051564
Passed	Sillar.Shared.Tests.ModuleGraphTests	Sillar.Shared.Tests.ModuleGraphTests.Un_codigo_que_no_sirve_como_schema_aborta(codigo: "1catalog")	2026-10-05T22:58:24.5738990-05:00	00:00:00.0001624
Passed	Sillar.Shared.Tests.ModuleGraphTests	Sillar.Shared.Tests.ModuleGraphTests.Un_codigo_que_no_sirve_como_schema_aborta(codigo: "Catalog")	2026-10-05T22:58:24.5819225-05:00	00:00:00.0001125
Passed	Sillar.Shared.Tests.ModuleGraphTests	Sillar.Shared.Tests.ModuleGraphTests.Un_codigo_que_no_sirve_como_schema_aborta(codigo: "c")	2026-10-05T22:58:24.5868892-05:00	00:00:00.0001080
Passed	Sillar.Shared.Tests.ModuleGraphTests	Sillar.Shared.Tests.ModuleGraphTests.Un_codigo_que_no_sirve_como_schema_aborta(codigo: "cata-logo")	2026-10-05T22:58:23.9164523-05:00	00:00:00.4519033
Passed	Sillar.Shared.Tests.ModuleGraphTests	Sillar.Shared.Tests.ModuleGraphTests.Un_codigo_que_no_sirve_como_schema_aborta(codigo: "catalogo_con_un_nombre_larguisimo_que_pasa_de_cuar"···)	2026-10-05T22:58:24.5727408-05:00	00:00:00.0001357
Passed	Sillar.Shared.Tests.ModuleGraphTests	Sillar.Shared.Tests.ModuleGraphTests.Un_grafo_correcto_es_valido	2026-10-05T22:58:24.9767402-05:00	00:00:00.0009718
Passed	Sillar.Shared.Tests.ModuleGraphTests	Sillar.Shared.Tests.ModuleGraphTests.Un_modulo_que_depende_de_si_mismo_aborta	2026-10-05T22:58:24.9197394-05:00	00:00:00.0051925
Passed	Sillar.Shared.Tests.ModuleGraphTests	Sillar.Shared.Tests.ModuleGraphTests.Un_modulo_que_no_declara_CORE_aborta	2026-10-05T22:58:24.9980296-05:00	00:00:00.0008951
Passed	Sillar.Shared.Tests.ModuleGraphTests	Sillar.Shared.Tests.ModuleGraphTests.Un_modulo_sin_descripcion_aborta(descripcion: "   ")	2026-10-05T22:58:24.9648675-05:00	00:00:00.0005494
Passed	Sillar.Shared.Tests.ModuleGraphTests	Sillar.Shared.Tests.ModuleGraphTests.Un_modulo_sin_descripcion_aborta(descripcion: "")	2026-10-05T22:58:24.9444607-05:00	00:00:00.0011476
Passed	Sillar.Shared.Tests.ModuleGraphTests	Sillar.Shared.Tests.ModuleGraphTests.Un_nombre_visible_vacio_aborta	2026-10-05T22:58:24.9937633-05:00	00:00:00.0009738
Passed	Sillar.Shared.Tests.ModuleGraphTests	Sillar.Shared.Tests.ModuleGraphTests.Una_dependencia_blanda_inexistente_solo_avisa	2026-10-05T22:58:24.9147804-05:00	00:00:00.0012505
Passed	Sillar.Shared.Tests.ModuleGraphTests	Sillar.Shared.Tests.ModuleGraphTests.Una_dependencia_dura_hacia_un_modulo_inexistente_aborta	2026-10-05T22:58:24.9308812-05:00	00:00:00.0011535
Passed	Sillar.Shared.Tests.ModuleGraphTests	Sillar.Shared.Tests.ModuleGraphTests.Una_descripcion_que_no_cabe_en_la_columna_aborta	2026-10-05T22:58:24.8101041-05:00	00:00:00.0047080
Passed	Sillar.Shared.Tests.ModuleGraphTests	Sillar.Shared.Tests.ModuleGraphTests.Una_posicion_negativa_en_el_panel_aborta	2026-10-05T22:58:24.8716087-05:00	00:00:00.0012355
Passed	Sillar.Shared.Tests.ModuleGraphTests	Sillar.Shared.Tests.ModuleGraphTests.Una_version_mal_formada_aborta(version: "")	2026-10-05T22:58:24.8646556-05:00	00:00:00.0001361
Passed	Sillar.Shared.Tests.ModuleGraphTests	Sillar.Shared.Tests.ModuleGraphTests.Una_version_mal_formada_aborta(version: "1.0")	2026-10-05T22:58:24.8601123-05:00	00:00:00.0027383
Passed	Sillar.Shared.Tests.ModuleGraphTests	Sillar.Shared.Tests.ModuleGraphTests.Una_version_mal_formada_aborta(version: "v1.0.0")	2026-10-05T22:58:24.8538346-05:00	00:00:00.0011146
Passed	Sillar.Shared.Tests.PagingTests	Sillar.Shared.Tests.PagingTests.El_salto_corresponde_a_la_pagina_pedida	2026-10-05T22:58:24.6725729-05:00	00:00:00.0092523
Passed	Sillar.Shared.Tests.PagingTests	Sillar.Shared.Tests.PagingTests.El_total_de_paginas_redondea_hacia_arriba	2026-10-05T22:58:24.6856644-05:00	00:00:00.0009876
Passed	Sillar.Shared.Tests.PagingTests	Sillar.Shared.Tests.PagingTests.La_ultima_pagina_no_tiene_siguiente	2026-10-05T22:58:23.9193835-05:00	00:00:00.4184453
Passed	Sillar.Shared.Tests.PagingTests	Sillar.Shared.Tests.PagingTests.No_se_puede_pedir_mas_del_maximo	2026-10-05T22:58:24.7073424-05:00	00:00:00.0004494
Passed	Sillar.Shared.Tests.PagingTests	Sillar.Shared.Tests.PagingTests.Sin_pedir_nada_se_devuelve_la_primera_pagina_de_cincuenta	2026-10-05T22:58:24.6958679-05:00	00:00:00.0045516
Passed	Sillar.Shared.Tests.PagingTests	Sillar.Shared.Tests.PagingTests.Sin_resultados_no_hay_paginas_ni_siguiente	2026-10-05T22:58:24.7279551-05:00	00:00:00.0004945
Passed	Sillar.Shared.Tests.PagingTests	Sillar.Shared.Tests.PagingTests.Un_tamano_de_cero_o_negativo_se_lleva_al_minimo	2026-10-05T22:58:24.7193939-05:00	00:00:00.0005451
Passed	Sillar.Shared.Tests.PagingTests	Sillar.Shared.Tests.PagingTests.Una_pagina_por_debajo_de_uno_se_trata_como_la_primera(pedida: -3)	2026-10-05T22:58:24.6666748-05:00	00:00:00.0018987
Passed	Sillar.Shared.Tests.PagingTests	Sillar.Shared.Tests.PagingTests.Una_pagina_por_debajo_de_uno_se_trata_como_la_primera(pedida: 0)	2026-10-05T22:58:24.5683913-05:00	00:00:00.0890910
